{
    "id": "nm0000112",
    "name": "Pierce Brosnan",
    "career": [
        {
            "header": "empty",
            "p9": "Graduating from the Drama Centre in 1975, Brosnan began working as an acting assistant stage manager at the York Theatre Royal, making his acting debut in Wait Until Dark. Within six months, he was selected by playwright Tennessee Williams to play the role of McCabe in the British premi\u00e8re of The Red Devil Battery Sign (billed as \"Pierce Brosman\").[20] His performance caused a stir in London and Brosnan still has the telegram sent by Williams, stating only \"Thank God for you, my dear boy\".[21] In 1977, he was picked by Franco Zeffirelli to appear in the play Filumena by Eduardo De Filippo opposite Joan Plowright and Frank Finlay.[22]\n",
            "p10": "Brosnan continued his career making brief appearances in films such as The Long Good Friday (1980) and The Mirror Crack'd (1980), as well as early television performances in The Professionals, Murphy's Stroke, and Play for Today. He became a television star in the United States with his leading role in the popular miniseries Manions of America.[23] He followed this in 1982 with the BBC's nine-part miniseries Nancy Astor (which aired in America on Masterpiece Theatre) that dramatised the life of Lady Astor, the first woman to sit in the British Parliament. His portrayal of Robert Gould Shaw II garnered him a 1985 Golden Globe Award nomination for Best Supporting Actor.[24]\n",
            "p11": "In 1982, Brosnan moved to Southern California and rose in popularity in the United States playing the title role in the NBC romantic, often-comedic detective series Remington Steele.[1][11] The Washington Post noted that same year that Brosnan \"could make it as a young James Bond.\"[25] After Remington Steele ended in 1987, Brosnan went on to appear in several films, including The Fourth Protocol (1987), a Cold War thriller in which he starred alongside Michael Caine, The Deceivers and James Clavell's Noble House both in 1988, and The Lawnmower Man (1992). In 1992, he shot a pilot for NBC called Running Wilde, playing a reporter for Auto World magazine with Jennifer Love Hewitt playing his daughter, but the pilot never aired.[26] In 1993 he played a supporting role in the comedy film Mrs. Doubtfire. He also appeared in several television films, including Victim of Love (1991), Death Train (1993) and Night Watch (1995), a spy thriller set in Hong Kong. In 2003, Brosnan was rewarded the Irish Film and Television Academy Lifetime Achievement Award for his contribution to Irish Film.\n"
        },
        {
            "header": "James Bond",
            "p0": "Brosnan first met James Bond film producer Albert R. Broccoli on the sets of For Your Eyes Only, as his first wife, Cassandra Harris, had been cast as Countess Lisl von Schlaf, mistress to Milos Columbo. Broccoli said, \"if he can act\u00a0... he's my guy\" to inherit the role of Bond from Roger Moore.[25] It was reported by both Entertainment Tonight and the National Enquirer that Brosnan was going to inherit another role of Moore's, that of Simon Templar in The Saint.[25] Brosnan denied the rumours in July 1993 but added, \"it's still languishing there on someone's desk in Hollywood.\"[27]\n",
            "p1": "In 1986, NBC cancelled Remington Steele. As Brosnan was offered the role of James Bond, the publicity improved Remington Steele's ratings and it was renewed, contractually requiring Brosnan to return to the show. This caused Eon Productions to have to look elsewhere for the new 007.[25][28] The producers instead hired Timothy Dalton for The Living Daylights (1987) and Licence to Kill (1989).[29] While Brosnan was reluctant to discuss losing the Bond role, in part because Dalton was a friend, he appeared in Diet Coke commercials portraying what the Los Angeles Times described as \"a dashing Bond-like character\", and NBC advertised Noble House with Brosnan dressed in a Bond-like tuxedo.[28] Legal disputes between the Bond producers and the studio over distribution rights resulted in the cancellation of a proposed third Dalton film in 1991[30] and put the Bond series on a hiatus for several years. After the legal issues had been resolved, Dalton decided not to return for a third film. On 7 June 1994, Brosnan was announced as the fifth actor to play Bond.[25]\n",
            "p2": "Brosnan was signed for a three-film Bond deal with the option of a fourth. The first, 1995's GoldenEye, grossed US$350\u00a0million worldwide,[31] the fourth highest worldwide gross of any film in 1995,[32] making it the most successful Bond film since Moonraker, adjusted for inflation.[33] It holds a 78% Rotten tomato rating,[34] while Metacritic holds it at 65%.[35] In the Chicago Sun-Times, Roger Ebert gave the film 3 stars out of 4, saying that Brosnan's Bond was \"somehow more sensitive, more vulnerable, more psychologically complete\" than the previous ones, also commenting on Bond's \"loss of innocence\" since previous films.[36] James Berardinelli described Brosnan as \"a decided improvement over his immediate predecessor\" with a \"flair for wit to go along with his natural charm\", but added that \"fully one-quarter of Goldeneye is momentum-killing padding.\"[37]\n",
            "p3": "In 1996, Brosnan formed a film production company called Irish DreamTime along with producing partner and longtime friend Beau St. Clair.[1] Brosnan and St. Clair released Irish DreamTime's first production, The Nephew, in 1998.[38] One year later, the company's second studio project, The Thomas Crown Affair, was released and met both critical and box office success.[39]\n",
            "p4": "Brosnan returned in 1997's Tomorrow Never Dies and 1999's The World Is Not Enough, which were also successful. In 2002, Brosnan appeared for the fourth time as Bond in Die Another Day, receiving mixed reviews similarly to the former two, but was a success at the box office. Brosnan himself subsequently criticised many aspects of his fourth Bond movie. During the promotion, he mentioned that he would like to continue his role as James Bond: \"I'd like to do another, sure. Connery did six. Six would be a number, then never come back.\"[40] Brosnan asked Eon Productions, when accepting the role, to be allowed to work on other projects between Bond films. The request was granted, and for every Bond film, Brosnan appeared in at least two other mainstream films, including several he produced,[15] playing a wide range of roles, ranging from a scientist in Tim Burton's Mars Attacks!, to the title role in Grey Owl which documents the life of Englishman Archibald Stansfeld Belaney, one of Canada's first conservationists.\n",
            "p5": "Shortly after the release of Die Another Day, the media began questioning whether or not Brosnan would reprise the role for a fifth time. At that time, Brosnan was approaching his 50th birthday. Brosnan kept in mind that both fans and critics were very unhappy with Roger Moore playing the role until the age of 57, but he was receiving popular support from both critics and the franchise fanbase for a fifth instalment. For this reason, he remained enthusiastic about reprising his role.[41] In October 2004, Brosnan said he considered himself dismissed from the role.[42] Although Brosnan had frequently been rumoured as still in the running to play 007, he had denied it several times, and in February 2005 he posted on his website that he was finished with the role.[43] Daniel Craig took over the role on 14 October 2005.[44] In an interview with The Globe and Mail, Brosnan was asked what he thought of Craig as the new James Bond. He replied, \"I'm looking forward to it like we're all looking forward to it. Daniel Craig is a great actor and he's going to do a fantastic job\".[45] He re-affirmed this support in an interview to the International Herald Tribune, stating that \"[Craig's] on his way to becoming a memorable Bond.\"[46] Brosnan later admitted that he was hurt by the end of his tenure; \"Barbara [Broccoli] and Michael [Wilson] were on the line \u2013 'We're so sorry'. She was crying, Michael was stoic and he said, 'You were a great James Bond. Thank you very much' and I said, 'Thank you very much. Goodbye.'\n\"That was it. I was utterly shocked and just kicked to the kerb with the way it went down.\"[47]\n",
            "p6": "During his tenure on the James Bond films, Brosnan also took part in James Bond video games. In 2002, Brosnan's likeness was used as the face of Bond in the James Bond video game Nightfire (voiced by Maxwell Caulfield). In 2004, Brosnan starred in the Bond game Everything or Nothing, contracting for his likeness to be used as well as doing the voice-work for the character.[48] He also starred along with Jamie Lee Curtis and Geoffrey Rush in The Tailor of Panama in 2001, and lent his voice to The Simpsons episode \"Treehouse of Horror XII\" as a machine.\n"
        },
        {
            "header": "Post-James Bond",
            "p0": "Since 2004, Brosnan has talked of backing a film about Caitlin Macnamara, wife of poet Dylan Thomas,[49] the title role to be played by Miranda Richardson. Brosnan's first post-Bond role was that of Daniel Rafferty in 2004's Laws of Attraction. Garreth Murphy, of entertainment.ie, described Brosnan's performance as \"surprisingly effective, gently riffing off his James Bond persona and supplementing it with a raffish energy\".[50] In the same year, Brosnan starred in After the Sunset alongside Salma Hayek and Woody Harrelson. The film received generally negative reviews[51] and was a box office flop. Brosnan's next film was 2005's The Matador. He starred as Julian Noble, a jaded, neurotic assassin who meets a travelling salesman (Greg Kinnear) in a Mexican bar. The film garnered generally positive reviews.[52] Roger Ebert for the Chicago Sun-Times called Brosnan's performance the best of his career.[53] Brosnan was nominated for a Golden Globe award for Best Actor in a Musical or Comedy, but lost to Joaquin Phoenix for Walk the Line..[54] In 2006, Brosnan narrated The Official Film of the 2006 FIFA World Cup, directed by Michael Apted.[55]\n",
            "p1": "In 2007, Brosnan appeared in the film Seraphim Falls alongside fellow Irishman Liam Neeson. The film was released for limited screenings on 26 January 2007 to average reviews. Kevin Crust of the Los Angeles Times noted that Brosnan and Neeson made \"fine adversaries;\"[56] Michael Rechtshaffen of The Hollywood Reporter thought that they were \"hard-pressed to inject some much-needed vitality into their sparse lines.\"[57] During the same year, Brosnan spoke of making a western with fellow Irish actors Gabriel Byrne and Colm Meaney.[58] In that same year Brosnan starred as Tom Ryan in Butterfly on a Wheel. The film was released in the United States under the name of Shattered and in Europe as Desperate Hours.\n",
            "p2": "In 2008, Brosnan joined Meryl Streep in the film adaptation of the ABBA musical Mamma Mia!.[59] He played Sam Carmichael, one of three men believed to be the father of Sophie (Amanda Seyfried), while Streep played Sophie's mother.[60] Judy Craymer, producer of the film, said \"Pierce brings a certain smooch factor, and we think he'll have great chemistry with Meryl in a romantic comedy.\"[61] Brosnan's preparation in singing for the role included walking up and down the coast and singing karaoke to his own voice for about six weeks, followed by rehearsals in New York, which he noted \"sounded dreadful.\"[62] Brosnan's singing in the film was generally disparaged by critics, with his singing compared in separate reviews to the sound of a water buffalo,[63] a donkey,[64] and a wounded raccoon.[65] In September 2008, Brosnan provided the narration for the Thomas & Friends movie The Great Discovery.[66] He was originally set to narrate for both US and UK from Series 12 to Series 14, but withdrew from it for unknown reasons.[66]\n",
            "p3": "In 2009, Brosnan finished the well-received The Ghost Writer, playing a disgraced British Prime Minister, directed and produced by Roman Polanski. The film won a Silver Bear at the Berlin International Film Festival. He starred as Charles Hawkins in the film Remember Me and as Chiron in Percy Jackson & the Olympians: The Lightning Thief, both released in 2010. In 2012, Brosnan played the role of Philip in the Danish romantic comedy Love Is All You Need.[67]\n",
            "p4": "In February 2013, Brosnan was awarded honorary patronage of the Dublin University Players society at Trinity College, Dublin.[68] He also starred opposite Owen Wilson in No Escape, playing a \"heroic government agent\".[69] Brosnan was slated to star in Last Man Out, a crime film adapted from Stuart Neville's novel titled The Twelve (released as Ghosts of Belfast in the US) by Craig Ferguson and Ted Mulkerin, with director Terry Loan at the helm.[70] However, it never came to fruition after years in development, and Brosnan is no longer attached to the production.\n",
            "p5": "In 2013, Brosnan appeared in television commercials as a tongue in cheek version of himself to promote the launch of Sky Broadband in Ireland.[71] In 2005, Brosnan was reported to be starring in The November Man, an adaptation of Bill Granger's novel, There Are No Spies.[72] but the project was cancelled in 2007. After its cancellation, Brosnan's production company, \"Irish DreamTime\" resurrected The November Man in 2012 with an announcement made on his part that he was jumping back to the spy arena.[73] Filming took place in Serbia a year later, with Brosnan in action as a retired CIA operative called Devereaux, alongside co-star Olga Kurylenko in a supporting role.[74] The film was received negatively, with a 34% on Rotten Tomatoes and a 38/100 on Metacritic.[75][76] In 2015, he appeared alongside Milla Jovovich in a suspense thriller movie written by Phil Shelby, called Survivor, which began filming in January 2014, with Charles and Irwin Winkler producing, and James McTeigue directing.[77] Brosnan later starred in a revenge thriller called I.T.,[78] which was released in September 2016, in a limited release and through video on demand.[79]\n",
            "p6": "Brosnan replaced actor Sam Neill in the role of Eli McCullough in a television adaptation of Philipp Meyer's novel The Son, with Kevin Murphy serving as both executive producer and showrunner of the series, which began production in June 2016, and aired for two seasons from 2017 to 2019.[80] In 2017, Brosnan starred in The Foreigner, opposite Jackie Chan, as a former IRA man turned government official, Liam Hennessy. The Foreigner was filmed in London, and was directed by Martin Campbell, who previously worked with Brosnan on his debut James Bond film, GoldenEye. It was noted that Brosnan's character bore a strong resemblance to Sinn F\u00e9in leader Gerry Adams.[81]\n",
            "p7": "A third-time collaboration with director Martin Campbell would have seen Brosnan starring in a film adaptation of Ernest Hemingway's 1950 novel Across the River and into the Trees.[82] However, the reluctance of investors to finance the production along with several delays led both Brosnan and Campbell to drop out of the project. Paula Ortiz was later brought on to direct the film and Liev Schreiber replaced Brosnan in the lead role.[83][84]\n",
            "p8": "In 2018, Brosnan co-starred with Guy Pearce and Minnie Driver in a mystery thriller film called Spinning Man, based on George Harrar's novel of the same name.[85] He later reprised his role as Sam Carmichael in the sequel to Catherine Johnson's Mamma Mia!, entitled Mamma Mia! Here We Go Again, along with the rest of the cast members from the first film.[86] He also had a supporting role in the action thriller headlined by Dave Bautista in Final Score.[87]\n",
            "p9": "In 2021, Brosnan executive produced and starred in the heist caper entitled The Misfits directed by Renny Harlin from a screenplay by Robert Henry and Kurt Wimmer.[88][89][90][91] The film was released to poor reception from critics.[92] He also appeared in A24's horror film False Positive opposite Ilana Glazer, who co-wrote and co-produced it, as well. The film was a moderate success.\n",
            "p10": "In March 2021, Brosnan was cast as Doctor Fate/Kent Nelson in the DC Extended Universe film, Black Adam.[93] In July 2021, he joined Adam Devine in the Netflix action-comedy film The Out-Laws directed by Tyler Spindel.[94]\n",
            "p11": "In 2022, Brosnan starred as King Louis XIV in the family adventure film The King\u2019s Daughter based on the 1997 novel The Moon and the Sun by Vonda N. McIntyre. It was set to have a limited theatrical release in the U.S. and Canada on 21 January 2022.[95]\n"
        },
        {
            "header": "Upcoming roles",
            "p0": "Brosnan was touted to star opposite Jamie Dornan and Cillian Murphy in a film based on the events of The Maze Prison Escape, titled H-Block with Jim Sheridan at the helm.[96] Initially, filming was to begin sometime in August 2017 before being postponed to March 2018 due to scheduling conflicts with cast members.[97] As of today, preliminary production on the film is yet to commence.\n",
            "p1": "Alongside Jesse Eisenberg and Vanessa Redgrave, Brosnan is set to appear in a historical period piece based on a novel by Jonathan Miles, entitled The Wreck of The Medusa, set against the backdrop of the early 19th century during King Louis XVIII's reign in France, with the film to be directed by Peter Webber.[98] During an interview in October 2020, Webber claimed that the lack of interest in \"films about artists\" in the market earned the project several setbacks, and as such still remains in development.[99]\n",
            "p2": "In July 2017, a rumour surfaced that Brosnan was linked to an upcoming video game entitled Shadow Stalkers, a project led by ZOOM Platform. However, his role remains undisclosed as yet.[100]\n",
            "p3": "At Star Wars Celebration 2019 in Chicago, a mural was revealed showing an artist's rendering of Grand Admiral Thrawn with a strong resemblance to Brosnan, fuelling speculation about an upcoming role in the Star Wars franchise.[101]\n",
            "p4": "Shooting in spring 2022, Brosnan is set to lead the hitman thriller film Fast Charlie directed by Phillip Noyce.[102]\n"
        }
    ]
}