{
    "id": "nm0000201",
    "name": "Michelle Pfeiffer",
    "career": [
        {
            "header": "empty",
            "p27": "Pfeiffer was cast against type, as a murdered gangster's widow, in Jonathan Demme's mafia comedy Married to the Mob (1988), with Matthew Modine, Dean Stockwell and Mercedes Ruehl. For the role of Angela de Marco, she donned a curly brunette wig and a Brooklyn accent,[5] and received her first Golden Globe Award nomination as Best Actress in a Motion Picture Musical or Comedy, beginning a six-year streak of consecutive Best Actress nominations at the Golden Globes.[31][32] Pfeiffer then appeared as chic restaurateuse Jo Ann Vallenari in Tequila Sunrise (1988) with Mel Gibson and Kurt Russell, but experienced creative and personal differences with director Robert Towne, who later described her as the \"most difficult\" actress he has ever worked with.[33]\n",
            "p28": "At Demme's personal recommendation,[18] Pfeiffer joined the cast of Stephen Frears's Dangerous Liaisons (1988), with Glenn Close and John Malkovich, playing Madame Marie de Tourvel, the virtuous victim of seduction. Hal Hinson of The Washington Post saw Pfeiffer's role as \"the least obvious and the most difficult. Nothing is harder to play than virtue, and Pfeiffer is smart enough not to try. Instead, she embodies it. Her porcelain-skinned beauty, in this regard, is a great asset, and the way it's used makes it seem an aspect of her spirituality.\"[34] She won the BAFTA Award for Best Actress in a Supporting Role[35] and received a nomination for the Academy Award for Best Supporting Actress.[36]\n",
            "p29": "Pfeiffer then accepted the role of Susie Diamond, a hard-edged former call girl turned lounge singer, in The Fabulous Baker Boys (1989), which also starred Jeff Bridges and Beau Bridges as the eponymous Baker Boys. She underwent intense voice training for the role for four months, and performed all of her character's vocals.[37] The film was a modest success, grossing $18.4\u00a0million in the US (equivalent to $40\u00a0million in 2021 dollars [25]).[38] Her portrayal of Susie, however, drew unanimous acclaim from critics. Critic Roger Ebert compared her to Rita Hayworth in Gilda and to Marilyn Monroe in Some Like It Hot, adding that the film was \"one of the movies they will use as a document, years from now, when they begin to trace the steps by which Pfeiffer became a great star\".[39] During the 1989\u20131990 awards season, Pfeiffer won as Best Actress at the Golden Globes, the National Board of Review, the National Society of Film Critics, the New York Film Critics Circle, the Los Angeles Film Critics Association and the Chicago Film Critics Association. Pfeiffer's performance as Susie is considered to be the most critically acclaimed of her career.[40][41] The scene in which her character seductively performs \"Makin' Whoopee\" atop a grand piano is considered to be a memorable scene in modern cinema.[42][43][44][45]\n",
            "p30": "In 1990, Pfeiffer formed her own film production company, Via Rosa Productions, with business partner Kate Guinzburg, whom she had met on the set of Sweet Liberty (1986). The company was under a picture deal with Touchstone Pictures, a film label of The Walt Disney Studios. That year, Pfeiffer began earning $1 million per film,[46] and took on the part of the Soviet book editor Katya Orlova in the film adaptation of John le Carr\u00e9's The Russia House, with Sean Connery, a role that required her to adopt a Russian accent. For her efforts, she was rewarded with a Golden Globe nomination for Best Performance by an Actress in a Motion Picture \u2013 Drama.[47] Pfeiffer then landed the role of damaged waitress Frankie in Garry Marshall's Frankie and Johnny (1991), a film adaptation of Terrence McNally's Broadway play Frankie and Johnny in the Clair de Lune, which reunited her with her Scarface co-star, Al Pacino. The casting was seen as controversial by many, as Pfeiffer was considered far too beautiful to play an \"ordinary\" waitress;[48] Kathy Bates, the original Frankie on Broadway, also expressed disappointment over the producers' choice.[49] Pfeiffer herself stated that she took the role because it \"wasn't what people would expect of [her]\".[50] Pfeiffer was once again nominated for a Golden Globe Award for Best Actress \u2013 Motion Picture Drama for her performance.\n",
            "p31": "Pfeiffer took on the role of Selina Kyle\u2013Catwoman in Tim Burton's superhero film Batman Returns (1992), opposite Michael Keaton and Danny DeVito, after Annette Bening dropped out because of her pregnancy. For the role, she trained in martial arts and kickboxing. Pfeiffer received unanimous critical acclaim for her portrayal, which is often referred to as the greatest performance of Catwoman of all time by critics and fans.[51][52][53][54][55] Premiere retrospectively stated: \"Arguably the outstanding villain of the Tim Burton era, Michelle Pfeiffer's deadly kitten with a whip brought sex to the normally neutered franchise. Her stitched-together, black patent leather costume, based on a sketch of Burton's, remains the character's most iconic look. And Michelle Pfeiffer overcomes Batman Returns' heavy-handed feminist dialogue to deliver a growling, fierce performance.\"[56] Batman Returns was a big box office success, grossing over US$267\u00a0million worldwide.[57]\n",
            "p32": "The first film her company produced was the independent drama Love Field, which was released in 1992. Reviewers embraced the film and The New York Times felt that Pfeiffer was \"again demonstrating that she is as subtle and surprising as she is beautiful\".[58] For her portrayal of an eccentric Dallas, Texas housewife, she earned nominations for the Academy Award for Best Actress and the Golden Globe for Best Actress \u2013 Drama and won the Silver Bear for Best Actress at the 43rd Berlin International Film Festival.[59][60] In Martin Scorsese's period drama The Age of Innocence (1993), a film adaptation of Edith Wharton's 1920 novel, Pfeiffer starred with Daniel Day-Lewis and Winona Ryder, portraying a Countess in upper-class New York City in the 1870s. For her role, she received the Elvira Notari Prize at the Venice Film Festival, and a Golden Globe nomination for Best Actress \u2013 Motion Picture.[61] That year, she was awarded the Women in Film Los Angeles' Crystal Award.[62]\n"
        },
        {
            "header": "Professional expansion (1994\u20131999)",
            "p0": "Following the formation of her producing company, Via Rosa Productions, Pfeiffer saw a  professional expansion as a producer. While she continued to act steadily throughout the decade, she and her producing partner Guinzburg experienced a winning streak of producing back to back films next under their header. She starred with Jack Nicholson in the 1994 horror film Wolf, portraying the sardonic and willful interest of a writer who becomes a wolf-man at night after being bitten by a creature. The film was released to a mixed critical reception;[63] The New York Times wrote: \"Ms. Pfeiffer's role is underwritten, but her performance is expert enough to make even diffidence compelling.\"[64] Wolf was a commercial success, grossing US$65\u00a0million (equivalent to $119\u00a0million in 2021) at the domestic box office and US$131\u00a0million worldwide (equivalent to $240\u00a0million).[65]\n",
            "p1": "Pfeiffer's next role was that of high school teacher and former United States Marine LouAnne Johnson in the drama Dangerous Minds (1995),[66] co-produced by her company. She appeared as her character in the music video for the soundtrack's lead single, \"Gangsta's Paradise\" by Coolio, featuring L.V.; the song won the 1996 Grammy Award for Best Rap Solo Performance,[67] and the video won the MTV Video Music Award for Best Rap Video.[68] While Dangerous Minds received negative reviews, it was a box office success, grossing US$179.5 million around the globe.[69] In 1996, Pfeiffer portrayed Sally Atwater in the romantic drama Up Close & Personal, with Robert Redford,[70] took on the titular role in the drama To Gillian on Her 37th Birthday, which was adapted by her husband David Kelley from Michael Brady's play of the same name,[71] and served as an executive producer and starred as the divorced single mother architect Melanie Parker in the romantic comedy One Fine Day, with George Clooney.[72]\n",
            "p2": "Subsequent performances included Rose Cook Lewis in the film adaptation of Jane Smiley's Pulitzer Prize-winning novel A Thousand Acres (1997) with Jessica Lange and Jennifer Jason Leigh;[73] Beth Cappadora in The Deep End of the Ocean (1998) about a married couple who found their son who was kidnapped nine years ago;[74] Titania the Queen of the Fairies in A Midsummer Night's Dream (1999) with Kevin Kline, Rupert Everett and Stanley Tucci;[75] and Katie Jordan in Rob Reiner's comedy drama The Story of Us (1999) with Bruce Willis.[76] Pfeiffer voiced Tzipporah, a spirited shepherdess who becomes the wife of Moses (Val Kilmer), in the animated biblical drama film The Prince of Egypt (1998).[77][78] She starred alongside an all-star voice cast that included Ralph Fiennes, Sandra Bullock and Patrick Stewart.[79] A Thousand Acres and The Deep End of the Ocean were also produced by Via Rosa Productions.\n"
        },
        {
            "header": "Decrease in workload and hiatus (2000\u20132006)",
            "p0": "Pfeiffer chose to begin the process of dissolving her film production company, Via Rosa Productions, in 1999, and moved into semi-retirement in order to spend more quality time with her children and family, meaning that she would continue to star in films sporadically into the 2000s and beyond. Pfeiffer handed her producing partner Guinzburg one final film to produce under the Via Rosa Productions header. The film was called Original Sin (2001). It was originally intended to star Pfeiffer, who later changed her mind as she was looking to work less for a while. The film was produced by her company, but instead starred Angelina Jolie and Antonio Banderas.\n",
            "p1": "In What Lies Beneath (2000), a  Hitchcockian thriller directed by Robert Zemeckis, Pfeiffer and Harrison Ford starred as a well-to-do couple who experience a strange haunting that uncovers secrets about their past. While critical response towards the film was mixed, it opened atop at the box office,[80] and went on to gross US$291 million worldwide.[81] She then accepted the role of Rita Harrison, a highly strung lawyer helping a father with a developmental disability, in the drama I Am Sam (2001), with Sean Penn.[82] Despite grossing $97.8 million worldwide,[83] the film was unfavourably reviewed by critics;[84] Seattle Post-Intelligencer wrote: \"Pfeiffer, apparently stymied by the bland clich\u00e9s that prop up her screechy role, delivers her flattest, phoniest performance ever.\"[85] Meanwhile, SF Gate observed: \"In one scene, she breaks down in tears as she unburdens herself to him about her miserable life. It's hard not to cringe, watching this emotionally ready actress fling herself headlong into false material.\"[86]\n",
            "p2": "Pfeiffer took on the role of a murderous artist, named Ingrid Magnussen, in the drama White Oleander (2002), with Alison Lohman (in her film d\u00e9but), Ren\u00e9e Zellweger and Robin Wright. The film was a critical and commercial success in its arthouse release. Stephen Holden of The New York Times wrote that \"Ms. Pfeiffer, giving the most complex screen performance of her career, makes her Olympian seductress at once irresistible and diabolical.\"[87] Kenneth Turan of the Los Angeles Times described her as \"incandescent\", bringing \"power and unshakable will to her role as mother-master manipulator\" in a \"riveting, impeccable performance\".[88] She earned Best Supporting Actress Awards from the San Diego Film Critics Society and the Kansas City Film Critics Circle, as well as a Screen Actors Guild Award nomination.\n",
            "p3": "In 2003, Pfeiffer lent her voice for the character of goddess of chaos Eris in Sinbad: Legend of the Seven Seas, an animated film featuring Brad Pitt as the voice of Sinbad the Sailor. She had struggles with finding the character's villainies. Initially the character was \"too sexual\", then she lacked fun. After the third rewrite, Pfeiffer called producer Jeffrey Katzenberg and told him \"You know, you really can fire me,\" but he assured her that this was just part of the process.[89] Following the release of the film, she took a four-year hiatus from acting, during which she remained largely out of the public eye to devote time to her husband and children.[90] During this time, she turned down the role of the White Witch in the fantasy film The Chronicles of Narnia: The Lion, The Witch and The Wardrobe (2005), which went to Tilda Swinton.[91]\n"
        },
        {
            "header": "Intermittent roles (2007\u20132016)",
            "p0": "Pfeiffer returned to cinemas in 2007 with villainous roles in two summer blockbusters, Hairspray and Stardust,[92][93][94][90] In the former, a film adaptation of the Broadway musical of the same name, she starred alongside John Travolta, Christopher Walken and Queen Latifah as Velma Von Tussle,[95] the racist manager of a television station.[96] Although a fan of Pfeiffer's work in the musicals Grease 2 and The Fabulous Baker Boys, director Adam Shankman cast Pfeiffer largely based on her performance in Batman Returns,[97] claiming she was his first and only choice for Velma.[98] Although she had fun with the part, Pfeiffer described Velma as the most difficult role she had played at the time, because of her character's racism; but she was drawn to the film's important message of anti-bigotry, accepting that \"in order to do a movie about racism, somebody has got to be the racist\".[92] Released to widely positive reviews, Hairspray grossed $202.5 million worldwide.[99] Pfeiffer's performance was also critically acclaimed,[100][101] with film critic David Edelstein of NPR calling her \"sublime\".[102] The cast of Hairspray was nominated for the Screen Actors Guild Award for Best Cast in a Motion Picture, and won the Broadcast Film Critics Association Award for Best Cast, the Hollywood Film Festival Award for Ensemble of the Year, and the Palm Springs International Film Festival Award for Ensemble Cast. In the fantasy adventure Stardust, Pfeiffer plays Lamia, an ancient witch who hunts a fallen star (Claire Danes) in search of eternal youth.[103] The film received mostly positive reviews but performed moderately at the box office,[104][105] earning $135.5 million globally.[106] The New York Times film critic Stephen Holden described Pfeiffer as \"as deliciously evil a witch as the movies have ever invented\", writing that she \"goes for broke with the relish of a star who figures she has nothing to lose.\"[107]\n",
            "p1": "Pfeiffer starred in Amy Heckerling's romantic comedy I Could Never Be Your Woman (2007), with Paul Rudd and Saoirse Ronan,[108] portraying Rosie, a 40-year-old divorced mother working as a scriptwriter and producer for a television show who falls in love with a much younger man (Rudd). Her reported salary was US$1 million, with an advance on 15 percent of the gross. However, the film was only distributed on home video markets domestically.[109] Reviews for I Could Never Be Your Woman were moderately positive,[110] with critic James Berardinelli finding Pfeiffer and Rudd to \"have adequate chemistry to pull off the romance,\" in what he described as an \"enjoyable romantic comedy that has enough going for it to make it worth a recommendation.\"[111]\n",
            "p2": "Pfeiffer starred in Personal Effects, with Ashton Kutcher, playing two grieving people coping with the pain and frustration of their loss whose bond spawns an unlikely romance. The drama premiered at Iowa City's Englert Theatre in December 2008.[112] Her next film, an adaptation of Colette's Ch\u00e9ri, reunited her with the director (Stephen Frears) and screenwriter (Christopher Hampton) of Dangerous Liaisons (1988). Pfeiffer played the role of aging retired courtesan L\u00e9a de Lonval, with Rupert Friend in the title role, with Kathy Bates as his mother. Ch\u00e9ri premiered at the 2009 Berlin International Film Festival, where it received a nomination for the Golden Bear award.[113] The Times of London reviewed the film favorably, describing Hampton's screenplay as a \"steady flow of dry quips and acerbic one-liners\" and Pfeiffer's performance as \"magnetic and subtle, her worldly nonchalance a mask for vulnerability and heartache\".[114] Roger Ebert in the Chicago Sun-Times wrote that it was \"fascinating to observe how Pfeiffer controls her face and voice during times of painful hurt\".[115] Kenneth Turan in the Los Angeles Times praised the \"wordless scenes that catch L\u00e9a unawares, with the camera alone seeing the despair and regret that she hides from the world. It's the kind of refined, delicate acting Pfeiffer does so well, and it's a further reminder of how much we've missed her since she's been away.\"[116]\n",
            "p3": "Following a two-year sabbatical from acting, Pfeiffer made part of a large ensemble cast in Garry Marshall's romantic comedy New Year's Eve (2011), her second collaboration with Marshall after Frankie and Johnny. The film, also starring Halle Berry, Jessica Biel, Robert De Niro, Josh Duhamel, Zac Efron, Sarah Jessica Parker, and Sof\u00eda Vergara, among many others, saw her take on the supporting role of Ingrid Withers, an overwhelmed secretary befriending a deliveryman (Efron). While the film was panned by critics, it made US$142 million worldwide.[117] In 2012, she appeared with Chris Pine and Elizabeth Banks in the drama People Like Us, as the mother of a struggling New York City corporate trader (Pine). Rolling Stone found her to be \"luminous\" in the film,[118] and The New York Times, positively pointing out Pfeiffer and Banks, noted that their performances \"partly compensate for the holes in a story whose timing is hard to swallow\".[119] People Like Us debuted to US$4.26 million, described as \"meager\" by Box Office Mojo, and only made US$12 million in North America.[120]\n",
            "p4": "Pfieffer reunited with Tim Burton, her Batman Returns director, in Dark Shadows (2012), based on the gothic television soap opera of the same name. In the film, co-starring Johnny Depp, Eva Green, Helena Bonham Carter and Chlo\u00eb Grace Moretz, she played Elizabeth Collins Stoddard, the matriarch of the Collins family. Critical response towards the film was mixed, but writers acclaimed the actors' performances\u2014most notably Depp and Pfeiffer's. IGN found her to be \"commanding\" in her role and felt that the main characters were \"played by one of Burton's best ensemble casts yet\".[121] While Dark Shadows grossed a modest US$79.7 million in North America, it ultimately made US$245.5 million globally.[122] In Luc Besson's mob-comedy The Family (2013), co-starring Robert De Niro, Tommy Lee Jones, Dianna Agron and John D'Leo, she played the \"tough mother\" in a Mafia family wanting to change their lives under the witness protection program.[123][124] Although reviews for the film were mixed, THV11 said on the cast's portrayals: \"The core actors of The Family were really solid, and the whole film comes together to make a solid movie.\"[125] Meanwhile, The Huffington Post felt that \"De Niro, Pfieffer and Jones all brought 100% to their roles.\"[126] The film grossed US$78.4 million worldwide.[127]\n"
        },
        {
            "header": "Resurgence (2017\u2013present)",
            "p0": "Pfeiffer stated that her lack of acting throughout the 2000s was due to several reasons, including family matters and her approach to choosing roles.[129][130] She stated she was intending to \"work a lot\" once her children left for college,[131] mentioning that she felt her best performance was \"still in her\", saying how that's what she felt kept her her going.[132] The slew of screen work that would follow in 2017 would prompt the media to dub her career resurgence a \"Pfeiffer-sance\".[133] In the independent drama Where Is Kyra?, she starred as a sensitive and fragile woman who loses her mother and \"faces a crisis in which she must find a means for survival, all the while hiding her struggles from her new lover\". The film premiered at the Sundance Film Festival on January 23, 2017, and received a limited release on April 6, 2018,[134] to critical acclaim;[135][136][137] Her role as Kyra was dubbed the \"performance of her life\" by Village Voice's Bilge Ebiri,[138] and \"the performance of her career\", by Rolling Stone.[139]\n",
            "p1": "Pfeiffer landed the role of Ruth Madoff for the HBO Films drama The Wizard of Lies, based on the book of the same name. The film, directed by Barry Levinson, reunites her with actor Robert De Niro, who played her husband, disgraced financier Bernard Madoff.[140] The Wizard of Lies premiered on HBO on May 20, 2017, garnering favorable reviews from critics and an audience of 1.5 million viewers, HBO's largest premiere viewership for a film in four years.[141] Tolucan Times remarked that Pfeiffer \"steals the show as Madoff's wife, Ruth, and is a remarkable lookalike\",[142] while Los Angeles Times asserted: \"As Ruth, Pfeiffer convincingly portrays a pampered woman left with utterly nothing \u2014she's lost her homes, status and, most important, her relationship with her sons.\"[143] She received a nomination for the Primetime Emmy Award for Outstanding Supporting Actress in a Movie, in addition to a Golden Globe Award nomination.[144][145]\n",
            "p2": "In Darren Aronofsky's psychological horror film Mother! (2017), with Jennifer Lawrence and Javier Bardem,[146] Pfeiffer portrayed one of the mysterious guests disrupting the tranquil life of a couple. While Mother! polarized viewers and prompted mass walkouts, the film was better received by critics.[147][148][149][150][151][152] Vulture remarked: \"Out of the main actors, it's Pfeiffer who is able to root the character in meaning \u2014 she bracingly marries the exploration of Biblical creation, mythological overtones, and hellish domestic commentary. There's a gravity to Pfeiffer's performance that allows her to succeed where the other main actors fail, save for brief spurts \u2014 she straddles the boundaries between embodying a symbol and granting the character enough interiority to feel like a flesh and blood woman, too.\"[153]\n",
            "p3": "Pfeiffer had a supporting role in Kenneth Branagh's Murder on the Orient Express (2017), the fourth adaptation of Agatha Christie's 1934 novel of the same name. The mystery\u2013drama ensemble film follows world-renowned detective Hercule Poirot, who seeks to solve a murder on the famous European train in the 1930s. Pfeiffer played an aging socialite, opposite Johnny Depp, Pen\u00e9lope Cruz, and Judi Dench.[154] Pfeiffer sang the song \"Never Forget\", which plays over the film's closing credits and appears on the film's official soundtrack.[128] The film received mixed reviews from critics, with praise for the performances, but criticism for not adding anything new to previous adaptations.[155] Richard Roeper of the Chicago Sun-Times opined that the actress delivers the film's best performance,[156] while The New Yorker's Anthony Lane found Pfeiffer to be the only actor who appears to be enjoying their material.[157][158] Murder on the Orient Express grossed US$351.7 million worldwide.\n",
            "p4": "Pfeiffer made her Marvel Cinematic Universe debut with her portrayal of  Janet van Dyne, the original Wasp (Evangeline Lilly), in Ant-Man and the Wasp (2018), the sequel to Ant-Man (2015).[159][160] Variety's Owen Gleiberman described her presence as \"lovely\" and \"wistful\",[161] while Josh Spiegel of /Film believed the film suffers from a lack of the actress, describing her appearance as \"cruelly brief\".[162][163] In 2019, Pfeiffer briefly reprised the role in Avengers: Endgame, and starred alongside Angelina Jolie and Elle Fanning in the dark fantasy sequel Maleficent: Mistress of Evil, playing the villainous Queen Ingrith.[164][165][166] Despite the film earning mixed reviews,[167][168] The Plain Dealer's Laura DeMarco felt that both Jolie and Pfeiffer \"clearly relish their roles.\"[169]\n",
            "p5": "Pfeiffer headlined the dark comedy French Exit (2020), based on the acclaimed novel of the same name by Patrick deWitt, directed by Azazel Jacobs.[170][171] In the film, which co-stars Lucas Hedges and Tracy Letts, Pfeiffer played a widow who moves to Paris, France, with her son (Hedges) and cat, who happens to be her reincarnated husband (Letts).[172] The film premiered at the New York Film Festival, to a positive reception.[173] Peter Debruge of Variety remarked that she gave a performance \"for which she'll be remembered.\"[174][175] Pfeiffer received a Golden Globe Award nomination for Best Actress \u2013 Motion Picture Comedy or Musical for her performance.[176]\n",
            "p6": "Pfeiffer is attached to star alongside Annette Bening in the psychological thriller, Turn of Mind, set to be directed by Gideon Raff.[177] Pfeiffer portrays Betty Ford in the anthology drama television series The First Lady, which premiered on Showtime in April 2022.[178][179] She is set to reprise her role as Janet van Dyne in Ant-Man and the Wasp: Quantumania (2023), alongside Paul Rudd, Evangeline Lilly, Michael Douglas, Jonathan Majors and Bill Murray.[180] In 2022, she was cast in Wild Four O'Clocks, penned and directed by Peter Craig, and produced by Marc Platt and Adam Siegel,[181] as well as in Francis Ford Coppola's Megalopolis.[182]\n"
        }
    ]
}