{
    "id": "nm0000173",
    "name": "Nicole Kidman",
    "career": [
        {
            "header": "Early work and breakthrough (1983\u20131994)",
            "p0": "In 1983, 16-year-old Kidman made her film debut in a remake of the Australian holiday classic Bush Christmas.[8] By the end of that year, she had a supporting role in the television series Five Mile Creek. In 1984, her mother was diagnosed with breast cancer, which caused Kidman to halt her acting work temporarily while she studied massage therapy in order to help her mother with physical therapy.[16] She began gaining recognition during this decade after appearing in several Australian films, such as the action comedy BMX Bandits (1983) and the romantic comedy Windrider (1986).[17] Throughout the rest of the 1980s, she appeared in various Australian television programs, including the 1987 miniseries Vietnam, for which she won her first Australian Film Institute Award.[18]\n",
            "p1": "Kidman next appeared in the Australian film Emerald City (1988), based on the play of the same name, which earned her a second Australian Film Institute Award. She then starred alongside Sam Neill in the 1989 thriller Dead Calm as Rae Ingram, the wife of a naval officer who is menaced by a former lover, played by Billy Zane. The film proved to be her breakthrough role, and was one of the first films for which she gained international recognition.[19] Regarding her performance, Variety commented how \"throughout the film, Kidman is excellent. She gives the character of Rae real tenacity and energy.\"[20] Meanwhile, critic Roger Ebert noted the excellent chemistry between the leads, stating, \"Kidman and Zane do generate real, palpable hatred in their scenes together.\"[21] She followed that up with the Australian miniseries Bangkok Hilton before moving on to star alongside her then-boyfriend and future ex-husband, Tom Cruise, in the 1990 sports action film Days of Thunder, as a young doctor who falls in love with a NASCAR driver. Considered to be her international breakout film, it was among the highest-grossing films of the year.[22]\n",
            "p2": "In 1991, Kidman co-starred alongside Thandiwe Newton and former classmate Naomi Watts in the Australian independent film Flirting.[23] They portrayed high school girls in this coming of age story, which won the Australian Film Institute Award for Best Film.[24] That same year, her work in the film Billy Bathgate earned Kidman her first Golden Globe Award nomination, for Best Supporting Actress. The New York Times, in its film review, called her \"a beauty with, it seems, a sense of humor\".[25] The following year, she and Cruise re-teamed for Ron Howard's Irish epic Far and Away (1992), which was a modest critical and commercial success.[26][27][28] In 1993, she starred in the thriller Malice, opposite Alec Baldwin, and the drama My Life, opposite Michael Keaton.[29][30]\n"
        },
        {
            "header": "Worldwide recognition and critical acclaim (1995\u20132003)",
            "p0": "In 1995, Kidman played Dr. Chase Meridian, the damsel in distress, in the superhero film Batman Forever, opposite Val Kilmer as the film's title character. That same year, she starred in Gus Van Sant's critically acclaimed dark comedy To Die For, in which she played the murderous newscaster Suzanne Stone. Regarding her performance, Mick LaSalle of the San Francisco Chronicle said \"[she] brings to the role layers of meaning, intention and impulse. Telling her story in close-up \u2013 as she does throughout the film \u2013 Kidman lets you see the calculation, the wheels turning, the transparent efforts to charm that succeed in charming all the same.\"[31] For her performance, she received her first Golden Globe Award. In the following years, she appeared alongside Barbara Hershey and John Malkovich in The Portrait of a Lady (1996), based on the novel of the same name, and starred in The Peacemaker (1997) as nuclear expert Dr. Julia Kelly, opposite George Clooney. The latter film grossed US$110\u00a0million worldwide.[32][33] In 1998, she starred alongside Sandra Bullock in the romantic comedy Practical Magic as two witch sisters who face a threatening curse that prevents them from finding lasting love. While the film opened at the top of the charts during its North American opening weekend, it was a commercial box office failure.[34][35] She returned to the stage that same year for the David Hare play The Blue Room, which opened in London.[36] For her performance, she received a Laurence Olivier Award nomination for Best Actress.[37]\n",
            "p1": "In 1999, Kidman reunited with then-husband Tom Cruise to portray a couple on a sexual odyssey in Eyes Wide Shut, their third film together and the final film of director Stanley Kubrick. It was subject to censorship controversies due to the explicit nature of its sex scenes.[38] After a brief hiatus and a highly publicised divorce from Cruise,[39] Kidman returned to the screen to play a mail-order bride in the British-American drama Birthday Girl.[40] In 2001, she took on the role of cabaret actress and courtesan Satine in Baz Luhrmann's musical Moulin Rouge!, opposite Ewan McGregor. Her performance and her singing received positive reviews; Paul Clinton of CNN called it her best work since To Die For, and wrote \"[she] is smoldering and stunning as Satine. She moves with total confidence throughout the film [...] Kidman seems to specialize in 'ice queen' characters, but with Satine, she allows herself to thaw, just a bit.\"[41] She subsequently received her second Golden Globe Award for Best Actress in a Motion Picture Musical or Comedy, among several other awards and nominations, including her first Academy Award nomination for Best Actress.[42][43]\n",
            "p2": "Also in 2001, Kidman starred in Alejandro Amen\u00e1bar's psychological horror film The Others (2001) as Grace Stewart, a mother living in the Channel Islands during World War II who suspects her house is haunted. Grossing over US$210\u00a0million worldwide, her performance earned her several award nominations, including a Goya Award nomination for Best Actress, in addition to receiving her second BAFTA Award and fifth Golden Globe Award nominations.[44][45] Roger Ebert commented that \"Alejandro Amen\u00e1bar has the patience to create a languorous, dreamy atmosphere, and Nicole Kidman succeeds in convincing us that she is a normal person in a disturbing situation, and not just a standard-issue horror movie hysteric.\"[46]\n",
            "p3": "The following year, Kidman garnered critical acclaim for her portrayal of Virginia Woolf in Stephen Daldry's The Hours, co-starring alongside Meryl Streep and Julianne Moore. Kidman wore prosthetics, which were applied to her nose, in order to portray the author during 1920s England, making her look almost unrecognisable. The film was a critical success, earning several awards and nominations, including a nomination for the Academy Award for Best Picture. The New York Times wrote that \"Ms. Kidman, in a performance of astounding bravery, evokes the savage inner war waged by a brilliant mind against a system of faulty wiring that transmits a searing, crazy static into her brain\".[47] She won numerous critic and industry awards for her performance, including her first BAFTA Award, third Golden Globe Award, and the Academy Award for Best Actress, becoming the first Australian to win the award.[12] During her Oscar's acceptance speech, she referenced the Iraq War which was occurring at the time when speaking about the importance of art saying, \"Why do you come to the Academy Awards when the world is in such turmoil? Because art is important. And because you believe in what you do and you want to honour that, and it is a tradition that needs to be upheld.\"[48] That same year, she was named the World's Most Beautiful Person by People magazine.[49]\n",
            "p4": "Following her Oscar win, Kidman appeared in three distinct films in 2003. The first of those, a leading role in director Lars von Trier's Dogville, was an experimental film set on a bare soundstage. Though the film divided critics in the United States, Kidman earned praise for her performance. Peter Travers of Rolling Stone stated, \"Kidman gives the most emotionally bruising performance of her career in Dogville, a movie that never met a cliche it didn't stomp on.\"[50] The second film was an adaptation of Philip Roth's novel The Human Stain, opposite Anthony Hopkins. Her third film that year was Anthony Minghella's war drama Cold Mountain, where she starred opposite Jude Law and Ren\u00e9e Zellweger, playing Southerner Ada Monroe, a woman who falls in love with Law's character and become separated by the American Civil War. Regarding her performance, Time magazine wrote, \"Kidman takes strength from Ada's plight and grows steadily, literally luminous. Her sculptural pallor gives way to warm radiance in the firelight\".[51] The film garnered several awards and nominations, most notably for the performances of the cast, with Kidman receiving her sixth Golden Globe Award nomination for Best Actress.[52]\n"
        },
        {
            "header": "Established actress (2004\u20132009)",
            "p0": "In 2004, Kidman starred in the drama film Birth, which sparked controversy over a scene in which she shares a bath with her co-star Cameron Bright, then aged ten. During a press conference at the 61st Venice International Film Festival, she addressed the controversy saying, \"It wasn't that I wanted to make a film where I kiss a 10-year-old boy. I wanted to make a film where you understand love\".[53] For her performance, she received her seventh Golden Globe nomination. That same year, she starred alongside Matthew Broderick, Bette Midler, Christopher Walken and Glenn Close in the black comedy science-fiction film The Stepford Wives, a remake of the 1975 film of the same name, directed by Frank Oz. The following year, she starred opposite Sean Penn in the Sydney Pollack thriller The Interpreter, playing UN translator Silvia Broome, and starred alongside Will Ferrell in the romantic comedy Bewitched, based on the 1960s TV sitcom of the same name. While neither film fared well in the United States, both were international successes.[54][55] For the latter film, she and Ferrell earned the Razzie Award for Worst Screen Couple.[56]\n",
            "p1": "In conjunction with her success within the film industry, Kidman became the face of the Chanel No. 5 perfume brand. She starred in a campaign of television and print ads with Rodrigo Santoro, directed by Moulin Rouge! director Baz Luhrmann, to promote the fragrance during the holiday seasons of 2004, 2005, 2006 and 2008. No. 5 the Film, a three-minute commercial produced for Chanel No. 5, made Kidman the record holder for the most money paid per minute to an actor after she reportedly earned US$12\u00a0million for the three-minute advert.[57] During this time, she was also featured as the 45th Most Powerful Celebrity on Forbes' 2005 Celebrity 100 List. She made a reported US$14.5\u00a0million between 2004 and 2005. On People magazine's list of 2005's highest-paid actresses, Kidman came in second behind Julia Roberts, with a US$16\u201317\u00a0million per-film price tag.[58]\n",
            "p2": "In 2006, Kidman portrayed photographer Diane Arbus in the biographical film Fur, opposite Robert Downey Jr., and lent her voice to the animated film Happy Feet, which grossed over US$384\u00a0million worldwide, becoming her highest-grossing film at the time.[59] The following year, she starred in the science-fiction film The Invasion, a remake of the 1956 Invasion of the Body Snatchers, directed by Oliver Hirschbiegel, and starred opposite Jennifer Jason Leigh and Jack Black in Noah Baumbach's comedy-drama Margot at the Wedding, which earned her a Satellite Award nomination for Best Actress \u2013 Musical or Comedy.[60] Also in 2007, she starred as the main antagonist Marisa Coulter in the fantasy-adventure film The Golden Compass, which grossed over US$370\u00a0million worldwide, also becoming one of her highest-grossing films to date.[61]\n",
            "p3": "The following year, Kidman reunited with Moulin Rouge! director Baz Luhrmann for the Australian period film Australia (2008), set in the remote Northern Territory during the Japanese attack on Darwin during World War II. Starring opposite Hugh Jackman, she played an Englishwoman feeling overwhelmed by the continent. Though the film received mixed reviews from critics,[62] it turned out to be a box office success, grossing over $211 million worldwide against a budget of $130 million.[63] In 2009, she appeared in the Rob Marshall musical Nine, portraying the muse Claudia Jenssen, alongside an ensemble cast consisting of Daniel Day-Lewis, Marion Cotillard, Pen\u00e9lope Cruz, Judi Dench, Fergie, Kate Hudson and Sophia Loren. Kidman, whose screen time was brief in comparison to the other actresses, performed the musical number \"Unusual Way\" alongside Day-Lewis. The film received several Golden Globe Award and Academy Award nominations, with Kidman earning her fourth Screen Actors Guild Award nomination, as part of the Outstanding Performance by a Cast in a Motion Picture award.[64]\n"
        },
        {
            "header": "Biographical and independent films (2010\u20132015)",
            "p0": "Kidman began the 2010s by producing and starring in the film adaptation of the Pulitzer Prize-winning play Rabbit Hole, alongside Aaron Eckhart.[65] Her performance as a grieving mother coping with the death of her son earned her critical acclaim, and she received nominations for the Academy Award, Golden Globe Award and Screen Actors Guild Award for Best Actress.[66][67] The following year, she appeared with Adam Sandler and Jennifer Aniston in Dennis Dugan's romantic comedy Just Go with It, as a trophy wife, and subsequently starred alongside Nicolas Cage in director Joel Schumacher's action-thriller Trespass, with the stars playing a married couple taken hostage.[68][69]\n",
            "p1": "In 2012, Kidman starred alongside Clive Owen in the HBO film Hemingway & Gellhorn, which depicted the relationship between journalist couple Ernest Hemingway and Martha Gellhorn.[70] For her performance as Gellhorn, she received her first Primetime Emmy Award nomination for Outstanding Lead Actress in a Miniseries or Movie.[71] That same year, she portrayed death row groupie Charlotte Bless in Lee Daniels' adaptation of the Pete Dexter novel, The Paperboy (2012).[72][73] The film competed at the 2012 Cannes Film Festival and Kidman's performance garnered her nominations for the Screen Actors Guild Award and the Saturn Award for Best Supporting Actress, in addition to her second Golden Globe Award nomination for Best Supporting Actress, her tenth nomination overall. Also in 2012, her audiobook recording of Virginia Woolf's To the Lighthouse was released through Audible.[74] The following year she starred as an unstable mother in Park Chan-wook's Stoker,[75] which was released to positive reception and a Saturn Award nomination for Best Supporting Actress. In April 2013, she was selected as a member of the main competition jury at the 2013 Cannes Film Festival.[76]\n",
            "p2": "In 2014, Kidman starred as the titular character in the biographical film Grace of Monaco, which chronicles the 1962 crisis in which Charles de Gaulle blockaded the tiny principality, angered by Monaco's status as a tax haven for wealthy French subjects and Kelly's contemplative Hollywood return to star in Alfred Hitchcock's Marnie. Opening out of competition at the 2014 Cannes Film Festival, the film received largely negative reviews.[77] She also starred in two films with Colin Firth that year, the first being the British-Australian historical drama The Railway Man, in which she played an officer's wife.[78] Katherine Monk of the Montreal Gazette said of Kidman's performance, \"It's a truly masterful piece of acting that transcends Teplitzky's store-bought framing, but it's Kidman who delivers the biggest surprise: For the first time since her eyebrows turned into solid marble arches, the Australian Oscar winner is truly terrific\".[79] Her second film with Firth was the British thriller film Before I Go To Sleep, portraying a car crash survivor with brain damage.[80] Also in 2014, she appeared in the live-action animated comedy film Paddington as the film's main antagonist.[81]\n",
            "p3": "In 2015, Kidman starred in the drama Strangerland, which opened at the 2015 Sundance Film Festival, and the Jason Bateman-directed The Family Fang, produced by Kidman's production company, Blossom Films, which premiered at the 2015 Toronto International Film Festival.[82] In her other 2015 film release, the biographical drama Queen of the Desert, she portrayed writer, traveller, political officer, administrator and archaeologist Gertrude Bell. That same year, she played a district attorney, opposite Julia Roberts and Chiwetel Ejiofor, in the film Secret in Their Eyes, a remake of the 2009 Argentine film of the same name, both based on the novel La pregunta de sus ojos by author Eduardo Sacheri.[83] After more than 15 years, she returned to the West End in the UK premiere of Photograph 51 at the No\u00ebl Coward Theatre. She starred as British scientist Rosalind Franklin, working for the discovery of the structure of DNA, in the production from 5 September to 21 November 2015, directed by Michael Grandage. The production was met with considerable praise from critics, particularly for Kidman, and her return to the West End was hailed a success.[84] For her performance, she won an Evening Standard Theatre Award and received a second Laurence Olivier Award nomination for Best Actress.[85][86]\n"
        },
        {
            "header": "Lion, Big Little Lies and continued acclaim (2016\u2013present)",
            "p0": "In 2016's Lion, Kidman portrayed Sue, the adoptive mother of Saroo Brierley, an Indian boy who was separated from his birth family, a role she felt connected to as she herself is the mother of adopted children.[87] She received positive reviews for her performance, in addition to her first Academy Award nomination for Best Supporting Actress, her fourth nomination overall, and her eleventh Golden Globe Award nomination, among several others. Richard Roeper of the Chicago Sun-Times thought that \"Kidman gives a powerful and moving performance as Saroo's adoptive mother, who loves her son with every molecule of her being, but comes to understand his quest. It's as good as anything she's done in the last decade.\"[88] Budgeted at US$12\u00a0million, Lion earned over US$140\u00a0million globally.[89] She also gave a voice-over performance for the English version of the animated film The Guardian Brothers.[90]\n",
            "p1": "In 2017, Kidman returned to television for Big Little Lies, a drama series based on Liane Moriarty's novel of the same name, which premiered on HBO. She also served as executive producer alongside her co-star, Reese Witherspoon, and the show's director, Jean-Marc Vall\u00e9e. She played Celeste Wright, a former lawyer and housewife, who conceals an abusive relationship with her husband, played by Alexander Skarsg\u00e5rd. Matthew Jacobs of The Huffington Post considered that she \"delivered a career-defining performance\",[91] while Ann Hornaday of The Washington Post wrote that \"Kidman belongs in the pantheon of great actresses\".[92] She won the Primetime Emmy Award for Outstanding Lead Actress in a Limited Series or Movie for her performance, as well as the Primetime Emmy Award for Outstanding Limited Series as a producer. She also received a Screen Actors Guild Award, two Critics' Choice Television Awards and two Golden Globe Awards for her work in the show.[93][94]\n",
            "p2": "Kidman next played Martha Farnsworth, the headmistress of an all-girls school during the American Civil War, in Sofia Coppola's drama The Beguiled, a remake of the 1971 film of the same name, which premiered at the 2017 Cannes Film Festival, competing for the Palme d'Or.[95] Both films were adaptations of a novel by Thomas P. Cullinan. The film was an arthouse success, and Katie Walsh of the Tribune News Service found Kidman \"particularly, unsurprisingly excellent in her performance as the steely Miss Martha. She is controlled and in control, unflappable. Her genteel manners and femininity co-exist easily with her toughness.\"[96] Kidman had two other films premiere at the festival: the science-fiction romantic comedy How to Talk to Girls at Parties, reuniting her with director John Cameron Mitchell,[97][98] and the psychological thriller The Killing of a Sacred Deer, directed by Yorgos Lanthimos, which also competed for the Palme d'Or.[97][98] Also in 2017, she played supporting roles in the BBC Two television series Top of the Lake: China Girl and in the comedy-drama The Upside, a remake of the 2011 French comedy The Intouchables, starring Bryan Cranston and Kevin Hart.[99]\n",
            "p3": "In 2018, Kidman starred in two dramas\u2014Destroyer and Boy Erased. In the former, she played a detective troubled by a case for two decades. Peter Debruge of Variety and Brooke Marine of W both found her \"unrecognizable\" in the role and Debruge added that \"she disappears into an entirely new skin, rearranging her insides to fit the character's tough hide\",[100] whereas Marine highlighted Kidman's method acting.[101] The latter film is based on Garrard Conley's Boy Erased: A Memoir, and features Russell Crowe and Kidman as socially conservative parents who send their son (played by Lucas Hedges) to a gay conversion program. Richard Lawson of Vanity Fair credited all three performers for \"elevating the fairly standard-issue material to poignant highs\".[102] That same year, Kidman took on the role of Queen Atlanna, the mother of the title character, in the DC Extended Universe superhero film Aquaman, which grossed over US$1.1\u00a0billion worldwide, becoming her highest-grossing film to date.[103][104] Also in 2018, she was interviewed for a BAFTA event A Life in Pictures, where she reflected on her extensive film career.[105]\n",
            "p4": "Forbes ranked her as the fourth highest-paid actress in the world in 2019, with an annual income of $34\u00a0million.[106] In 2019, she took on the supporting part of a rich socialite in John Crowley's drama The Goldfinch, an adaptation of the novel of the same name by Donna Tartt, starring Ansel Elgort.[107] Although it was poorly received, Owen Gleiberman commended Kidman for playing her part with \"elegant affection\".[108][109] She next co-starred alongside Charlize Theron and Margot Robbie in the drama Bombshell, a film depicting the scandal concerning the sexual harassment accusations against former Fox News CEO Roger Ailes, in which she portrayed journalist Gretchen Carlson.[110] Manohla Dargis of The New York Times opined that despite lesser screen time than her two co-protagonists, Kidman successfully made Carlson \"ever-so-slightly ridiculous, adding a sharp sliver of comedy that underscores how self-serving and futile her rebellious gestures at the network are\".[111] For her performance, she received an additional Screen Actors Guild Award nomination for Outstanding Performance by a Female Actor in a Supporting Role.[112]\n",
            "p5": "Kidman started off the 2020s with her role of Grace Fraser, a successful New York therapist, in the HBO psychological thriller miniseries The Undoing, based on the novel You Should Have Known by Jean Hanff Korelitz.[113][114] She served as executive producer alongside the show's director, Susanne Bier, and David E. Kelley, who previously adapted and produced Big Little Lies. For her performance, she received additional Golden Globe Award and Screen Actors Guild Award nominations.[115][116] Her only film release of 2020 was the musical comedy The Prom, based on the Broadway musical of the same name, starring alongside Meryl Streep, James Corden and Keegan-Michael Key.[117] The following year, she starred and served as executive producer on the Hulu drama miniseries Nine Perfect Strangers, based on the novel of the same name by Liane Moriarty.[118][119] That same year, she portrayed actress-comedian Lucille Ball alongside Javier Bardem as Ball's husband, Desi Arnaz, in the biographical drama Being the Ricardos, directed by Aaron Sorkin.[120][121] Despite unfavourable reactions in response to her casting as Ball,[122] her portrayal was met with critical acclaim.[123][124][125] She subsequently won the Golden Globe Award for Best Actress in a Motion Picture \u2013 Drama for her performance,[126] in addition to receiving nominations for the Critics' Choice Movie Award for Best Actress and the Screen Actors Guild Award for Outstanding Performance by a Female Actor in a Leading Role, as well as her fourth Academy Award nomination for Best Actress, her fifth nomination overall.[127][128][129]\n",
            "p6": "In September 2021, Kidman starred in a commercial for AMC Theatres entitled \"We Make Movies Better\", which would play before every film in the theaters owned by the chain beginning that month and Kidman's sponsorship was later extended for another year in August 2022.[130][131] The commercial and Kidman's delivery of her speech proved popular with audiences who viewed it as a way to drive moviegoers back to seeing films theatrically in the midst of the COVID-19 pandemic.[132]\n",
            "p7": "In April 2022, Kidman appeared in an episode of the anthology series Roar, based on Cecelia Ahern's 2018 short story collection, in addition to serving as executive producer.[133] That same month, she starred alongside her Big Little Lies co-star Alexander Skarsg\u00e5rd, Anya Taylor-Joy, Ethan Hawke and Willem Dafoe in the historical drama The Northman, directed by Robert Eggers.[134] The film was received with widespread acclaim upon its release.[135][136]\n",
            "p8": "Kidman will be reprising the role of Queen Atlanna in the sequel to the 2018 superhero film Aquaman, titled Aquaman and the Lost Kingdom.[137][138] She is also set to star and serve as executive producer on four television series: the drama miniseries Expats, the series adaptation of the Norwegian drama film Hope, the thriller miniseries Pretty Things, based on the upcoming novel of the same name by Janelle Brown, and the family-drama series Things I Know To Be True, based on the Australian play of the same name.[139][140][141] Unlike her other television projects, Things I Know To Be True is envisioned as an ongoing series with multiple seasons rather than a miniseries.[142] Kidman is also set to voice Queen Ellsmere in the animated fantasy film Spellbound.[143]\n"
        }
    ]
}