{
    "id": "nm0001467",
    "name": "Jared Leto",
    "career": [
        {
            "header": "1992\u20131998: Early acting roles and Prefontaine",
            "p0": "In 1992, Leto moved to Los Angeles to pursue a career in directing, intending to take acting roles on the side.[17] He found minor roles on television shows but his first break came in 1994 when he was cast opposite Claire Danes as Jordan Catalano, her love interest, in the short-lived but well-reviewed ABC teen drama My So-Called Life.[7] The show was praised for its portrayal of adolescence and, despite its cancellation after one season, gained a strong cult following.[18] The same year, Leto made his television film debut starring alongside Alicia Silverstone in Cool and the Crazy, and landed his first film role in the 1995 drama How to Make an American Quilt. He later co-starred with Christina Ricci in The Last of the High Kings (1996) and got a supporting role in Switchback (1997).[15]\n",
            "p1": "In 1997, Leto starred in the biopic Prefontaine as Olympic hopeful Steve Prefontaine. To prepare for the role, Leto immersed himself in the runner's life, training for six weeks and meeting with members of his family and friends.[19] He bore a striking resemblance to the real Prefontaine, also adopting the athlete's voice and upright running style.[20] His portrayal received positive reviews from critics and is often considered his breakthrough role.[21][22] Peter Stack of the San Francisco Chronicle noted: \"With hypnotic blue eyes and dirty blond hair, Leto captures the rock-star style Prefontaine affected, and he looks natural in fiery performances on the track, as well as off, where Pre affected a brash, confrontational style.\"[23]\n",
            "p2": "After landing the lead role of a British aristocrat in the 1998 drama Basil, Leto starred in the horror Urban Legend. It was poorly received by most critics, but was a financial success.[24][25] That year, Terrence Malick cast Leto for a supporting role in the war film The Thin Red Line alongside Sean Penn and Adrien Brody.[26] It garnered mostly positive reviews and was a moderate success.[27] It received multiple awards and nominations, including seven Academy Award nominations; Leto shared a Satellite Award with the rest of the cast.[28][29]\n"
        },
        {
            "header": "1998\u20132002: Thirty Seconds to Mars, Requiem for a Dream, and other roles",
            "p0": "Leto formed the rock band Thirty Seconds to Mars in 1998 in Los Angeles, California with his brother Shannon. When the group first started, Jared Leto did not allow his position of Hollywood actor to be used in promotion of the band.[30] Their debut album had been in the works for a couple of years, with Leto writing the majority of the songs.[31] Their work led to a number of record labels being interested in signing Thirty Seconds to Mars, which eventually signed to Immortal Records.[32]\n",
            "p1": "In 1999, Leto played a gay high school teacher who attracts the attentions of Robert Downey, Jr. in Black and White, and had a supporting role in the drama Girl, Interrupted, an adaptation of the memoir of the same name by Susanna Kaysen. He then portrayed Angel Face in Fight Club (1999), a film adaptation of Chuck Palahniuk's novel of the same name, directed by David Fincher.[11] He began dating actress Cameron Diaz in 1999 and the couple became engaged in 2000.[33]\n",
            "p2": "Leto played Paul Allen, a rival of Patrick Bateman, in the psychological thriller American Psycho (2000). Though the film polarized audiences and critics, Leto's performance was well received.[15] The same year, he starred as heroin addict Harry Goldfarb in Requiem for a Dream, an adaptation of Hubert Selby, Jr.'s novel of the same name, directed by Darren Aronofsky and co-starring Ellen Burstyn, Jennifer Connelly, and Marlon Wayans. To prepare for his role, Leto lived on the streets of New York City and refrained from having sex for two months prior to shooting.[34][35] He starved himself for months, losing 28 pounds to realistically play his heroin addict character.[36] After the shooting of the film, Leto moved to Portugal and lived in a monastery for several months to gain weight.[34][35] His performance received critical acclaim by film critics who notably praised the actor's emotional courage in portraying the character's physical and mental degradation. Peter Travers from Rolling Stone commented that Leto \"excels by going beyond Harry's gaunt look to capture his grieving heart. His scenes with Ellen Burstyn as Sara, Harry's widowed mother, achieve a rare poignancy as son and mother drown in delusions.\"[37]\n",
            "p3": "Leto next appeared in the independent film Highway. Set in 1994, Leto is caught with the wife of his employer, a Vegas thug, and flees to Seattle with his best friend Jake Gyllenhaal in the week preceding Kurt Cobain's suicide. Filming finished in early 2000, but the film was not released until March 2002 on home video formats, although originally scheduled for a theatrical release.[38]\n",
            "p4": "During this period Leto focused increasingly on his music career, working with producers Bob Ezrin and Brian Virtue on his band's debut album 30 Seconds to Mars, which was released on August 27, 2002, in the United States through Immortal and Virgin. It reached number 107 on the US Billboard 200 and number one on the US Top Heatseekers.[39] Upon its release, 30 Seconds to Mars was met with mostly positive reviews; music critic Megan O'Toole felt that the band managed to \"carve out a unique niche for themselves in the rock realm.\"[40] The album was a slow-burning success, and eventually sold two million copies worldwide.[41]\n"
        },
        {
            "header": "2002\u20132005: From Panic Room to A Beautiful Lie",
            "p0": "Leto returned to acting in 2002 with the thriller Panic Room, which marked his second teaming with director David Fincher. He played the supporting role of Junior, a burglar who terrorizes Jodie Foster's character Meg Altman. The film was well received by critics and became a financial success, grossing nearly US$200 million worldwide.[42][43] In 2003, Leto and Cameron Diaz ended their four-year relationship.[33] Leto's next film was the 2004 biographical film Alexander, directed by Oliver Stone. He portrayed Hephaestion, the closest friend of Alexander the Great. The film failed in the United States; Stone attributed its poor reception to disapproval of the depiction of Alexander's bisexuality, but it succeeded internationally, with worldwide revenue of US$167 million.[44][45]\n",
            "p1": "The following year, Leto starred together with Nicolas Cage in the political crime thriller Lord of War. He played Vitaly, the younger brother of illegal arms dealer Yuri Orlov. The film was officially endorsed by the human rights group Amnesty International for highlighting the arms trafficking by the international arms industry.[46] It was positively received by movie critics and was a moderate commercial success.[47]\n",
            "p2": "It took two years to record Thirty Seconds to Mars' second studio album A Beautiful Lie, with the band traveling to four different continents to accommodate Leto's acting career. A Beautiful Lie was released on August 30, 2005, in the United States. It has since been certified platinum by the Recording Industry Association of America (RIAA), and has reached platinum and gold status in several countries, with a sales total of over four million.[3] The band heavily toured in support of the album and played at several major festivals, including Roskilde, Pinkpop, Rock am Ring, and Download.[48]\n"
        },
        {
            "header": "2006\u20132008: Lonely Hearts, Chapter 27, and filmmaking",
            "p0": "In 2006, Leto appeared in the neo-noir crime drama Lonely Hearts, the true story of the notorious \"lonely hearts killers\" of the 1940s, Raymond Fernandez and Martha Beck. Playing Fernandez, he co-starred with Salma Hayek who played the role Beck. The film received mixed reviews from critics; however, Leto's acting was widely praised; Heather Huntington from Reelz wrote that his \"layered performance as the nattily dressing dandy with no remorse is truly impressive.\"[49]\n",
            "p1": "The same year, Leto directed the music video for \"The Kill\", a song by Thirty Seconds to Mars. At a press release, he stated that an \"insanely obnoxious Danish albino\" named Bartholomew Cubbins directed the video.[50] He later explained his decision to direct with a pseudonym saying, \"I really wanted people to be able to enjoy and experience the video without having any more preconceived notions or distractions, and just to let it be what it was. It wasn't important for me to lay claim to it in that way.\"[51] Bartholomew Cubbins is a recurring character in the Dr. Seuss universe and one of Leto's favorite characters created by the writer.[52] \"The Kill\" was inspired by themes of isolation and insanity present in the Stanley Kubrick-directed psychological horror film The Shining (1980). Leto said, \"The idea of isolation, identity, and self discovery were all elements present in the song. I thought this light homage was a good starting point and it soon grew to include many more elements outside of Kubrick's original piece.\"[53] The short film received a largely positive response and numerous accolades, including an MTV Video Music Award.[54] Leto next directed a short film for \"From Yesterday\". It was filmed in the Forbidden City and became the first ever American music video shot in the People's Republic of China in its entirety. Hundreds of costumed extras were employed for the shoot, inspired by the empires of ancient Chinese dynasties.[55] Leto drew inspiration from Bernardo Bertolucci's historical drama The Last Emperor (1987) as well as the work of Akira Kurosawa.[56]\n",
            "p2": "In 2007, Leto starred in the biographical film Chapter 27. He portrayed Mark David Chapman, a fanatic fan of The Beatles and the murderer of John Lennon. Leto prepared for his role by relying on interviews with Chapman and on audiotapes recorded by a librarian the actor met during a visit to the inmate's hometown. Leto gained 67 pounds to approximate the killer's physique.[57] The abruptness of his weight gain gave him gout. He was forced to use a wheelchair due to the stress the sudden increase in weight put on his body.[58] After the shooting of the film, he quickly went on a liquid diet.[59] Chapter 27 premiered at the 2007 Sundance Film Festival. Despite divided critical opinion on the film as a whole, Leto's performance was widely praised.[60] Owen Gleiberman of Entertainment Weekly considered his acting \"a genuine transformation, as the actor submerges himself in Chapman's couch-potato flab and red-rimmed eyes.\u00a0... Leto disappears inside this angry, mouth-breathing psycho geek with a conviction that had me hanging on his every delusion.\"[61]\n",
            "p3": "Leto's next short film was \"A Beautiful Lie\" (2008), which he directed under the pseudonym of Angakok Panipaq. The music video was filmed 200 miles north of the Arctic Circle in Greenland. Determined to offset the impact that filming would have on the environment, Leto worked with the Natural Resources Defense Council to develop strategies that would minimize fuel consumption on the shoot.[62] Upon release, \"A Beautiful Lie\" was met with widespread critical acclaim, resulting in various accolades, including the MTV Europe Music Award for Best Video.[63] Proceeds from the video's sales benefited the Natural Resources Defense Council.[64] The same year, Leto remixed a version of the song \"The Only One\" by The Cure for their extended play Hypnagogic States.[65]\n"
        },
        {
            "header": "2008\u20132011: EMI lawsuit, This Is War, and Mr. Nobody",
            "p0": "In August 2008, during the recording process of their third studio album, Thirty Seconds to Mars attempted to sign with a new label, prompting EMI (the parent label of Virgin), to file a $30 million breach of contract lawsuit.[66] After nearly a year of legal battles, the band announced on April 28, 2009, that the suit had been settled following a defence based on the De Havilland Law.[67] Thirty Seconds to Mars then signed a new contract with EMI and released their third album This Is War in December 2009 to critical acclaim.[68][69] This Is War reached the top ten of several national album charts and earned numerous music awards.[70]\n",
            "p1": "Leto's next film was the 2009 science fiction drama Mr. Nobody, directed by Jaco Van Dormael. He portrayed the title role of Nemo Nobody, the last mortal on Earth after the human race has achieved quasi-immortality. His role required him to play various versions of his character, from 34 to 118 years old, spending six hours daily for the full make-up and adopting the voice of an old-aged man.[71] Mr. Nobody premiered at the 2009 Venice Film Festival. Critical response praised the film's artistry and Leto's performance.[72] Boyd van Hoeij from Variety felt that \"his acting talent really comes into full view in his scenes as the last dying man on Earth. Despite too much old-age makeup, Leto nevertheless infuses the character with some real raw emotional power;\"[73] while Bruce Kirkland of Toronto Sun claimed that Leto gave \"a marvelously full-blooded, brain-spinning, tour-de-force performance.\"[74]\n",
            "p2": "In 2009, Leto recruited scores of extras and all manner of surrealist street performers for the short film of \"Kings and Queens\", which features a critical mass movement founded with forward-thinking and eco-conscious intentions, through Los Angeles at night.[75] The short film premiered on November 9, 2009, at the Montalban Theater in Los Angeles and was positively received.[76] At the 2010 MTV Video Music Awards, \"Kings and Queens\" received four nominations, including Video of the Year and Best Direction, and went on to win Best Rock Video.[77] Thirty Seconds to Mars began their Into the Wild Tour in February 2010 and was among the hardest-working touring artists of the year.[78]\n",
            "p3": "Leto filmed \"Closer to the Edge\" (2010), a short film featuring tour footage, fan commentary and pictures of Thirty Seconds to Mars from their youth, during the band's Into the Wild Tour. Critics lauded the simplicity of the video; James Montgomery from MTV wrote, \"there's no denying the power of seeing tens of thousands of fans finding a simultaneous salvation, of a crowd of individuals becoming one. It's what rock and roll is supposed to be about, really: inclusion.\"[79] In December 2011, Thirty Seconds to Mars entered the Guinness World Records for most live shows during a single album cycle, with 300 shows.[69]\n",
            "p4": "Leto's next project was \"Hurricane\" (2010), an experimental short film which explores personal demons and unlocking secret fantasies in what is believed to be a dream.[80] Leto filmed it in New York City and described its concept as a \"surrealistic nightmare dream-fantasy.\"[81] Upon release, \"Hurricane\" garnered controversy and was initially censored due to its elements of violence.[82] At the 2011 MTV Video Music Awards, the short film received three nominations in the categories of Best Direction, Best Cinematography and Best Editing.[83]\n"
        },
        {
            "header": "2012\u20132013: Artifact; Love, Lust, Faith and Dreams and Dallas Buyers Club",
            "p0": "In 2012, Leto made his directorial debut with the documentary film Artifact. It chronicles the modern music business as it charts the legal dispute between Thirty Seconds to Mars and record label EMI, after the band tried to exit its contract over a royalties dispute.[66] Artifact was made on a limited budget provided by Leto and personal assistant Emma Ludbrook through the production company Sisyphus Corporation.[84] It premiered at the 2012 Toronto International Film Festival where it received the People's Choice Award for Best Documentary.[85] Critics praised the examination of the state of the modern music industry and its focus on the relationship between artists and record companies.[86] The film received a limited theatrical release beginning November 23, 2013, before being released digitally on December 3, 2013.[87]\n",
            "p1": "Thirty Seconds to Mars released their fourth album, Love, Lust, Faith and Dreams, in May 2013 through Universal. The album was produced by Leto with previous collaborator Steve Lillywhite. It received generally positive reviews and reached the top ten in more than fifteen countries, including the United Kingdom and the United States.[88] Leto filmed the 2013 short film for \"Up in the Air\" at a now-defunct aerospace manufacturing building in Los Angeles, California. He described it as a \"bizarre and hallucinogenic journey through an incredibly surreal landscape.\"[89] The short film features several artists, including burlesque dancer Dita Von Teese, gymnasts McKayla Maroney and Jordyn Wieber, writer Neil Strauss and a number of animals.[90] It garnered several awards, including the MTV Video Music Award for Best Rock Video, and competed at the 2013 Camerimage.[91]\n",
            "p2": "Leto described the concept of his next short film, \"Do or Die\" (2013), as a companion piece to \"Closer to the Edge\" (2010).[92] It was filmed during the Love, Lust, Faith and Dreams Tour and features live footage of Thirty Seconds to Mars onstage as well as fan commentary. The same year, Leto directed the critically praised short film for \"City of Angels\", which premiered on October 12, 2013, at the Hollywood Bowl. The music video features a number of celebrities who join the three members of Thirty Seconds to Mars in sharing their visions about Los Angeles.[93] Multiple monoliths and murals, including Michael Jackson and Marilyn Monroe impersonators, also appear, as well as homeless people hired by Leto himself for the video.[94]\n",
            "p3": "After a five years hiatus from filming, Leto returned to act in the drama Dallas Buyers Club (2013), directed by Jean-Marc Vall\u00e9e and co-starring Matthew McConaughey. Leto portrayed Rayon, a drug-addicted transgender woman with AIDS who befriends McConaughey's character Ron Woodroof. In order to accurately portray his role, Leto lost 30 pounds, shaved his eyebrows and waxed his entire body.[95] He stated the portrayal was grounded in his meeting transgender people while researching the role.[96] During filming, Leto refused to break character.[95] Dallas Buyers Club received widespread critical acclaim and became a financial success, resulting in various accolades for Leto, who was awarded the Academy Award for Best Supporting Actor, Golden Globe Award for Best Supporting Actor \u2013 Motion Picture, Screen Actors Guild Award for Outstanding Performance by a Male Actor in a Supporting Role and a variety of film critics' circle awards for the role.[97]\n"
        },
        {
            "header": "2014\u20132021: From Suicide Squad to America",
            "p0": "In 2014, Leto premiered the documentary series Into the Wild, which tells the story behind the concert tour of the same name by Thirty Seconds to Mars that propelled the group into arenas around the world and was certified by the Guinness World Records as the longest running tour in the history of rock music.[98] The series was produced by Leto and Emma Ludbrook and was released through the online platform VyRT.[99] On November 3, 2015, it was announced that Thirty Seconds to Mars were working on their fifth studio album.[100]\n",
            "p1": "In December of that year, Warner Bros. confirmed that Leto would play the role of the Joker in Suicide Squad (2016), a supervillain film based on the comic book series of the same name.[101] Leto received some attention for his method acting during the film's production. Fellow Suicide Squad cast member Will Smith, who played Deadshot in the film, stated that he had \"never actually met Jared Leto\", saying, \"We worked together for six months and we've never exchanged a word outside of 'action!' and 'cut!' We've never said 'hello,' we've never said 'good day.' I've only ever spoken to him as Deadshot and him as the Joker. I literally have not met him yet... Not a single word exchanged off-camera. He was all in on the Joker.\"[102]\n",
            "p2": "Leto's method acting on Suicide Squad also reportedly involved sending unorthodox gifts to his fellow cast members,[102] including live rats and bullets.[103] His co-star Margot Robbie said that he gifted her a live rat, which she stated she kept as a pet until her landlord discovered it.[102] Speaking with Vanity Fair, Viola Davis stated, \"He did some bad things, Jared Leto did. He gave some really horrific gifts. He had a henchman who would come into the rehearsal room, and the henchman came in with a dead pig and plopped it on the table, and then he walked out. And that was our introduction into Jared Leto.\"[102][104] In an interview with E! News at the film's premiere in 2016, Leto claimed that he also sent anal beads and used condoms to his co-stars, stating, \"I did a lot of things to create a dynamic, to create an element of surprise, of spontaneity, and to really break down any kind of walls that may be there. The Joker is somebody who doesn't really respect things like personal space or boundaries.\"[102][105]\n",
            "p3": "In a 2021 interview with Entertainment Weekly, Leto claimed that the comments he made at Suicide Squad's premiere were \"in jest\", and stated that, \"there were no used condoms [...] Any of the very few gifts that were ever given were given with a spirit of fun and adventure and received with laughter, fun, and adventure. It's all filmed! They filmed it all! People were dying. We were just having a goof.\"[106] Regarding the rat he reportedly gave Robbie, he stated, \"The only gifts I ever gave Margot were cupcakes. I think I gave her a mouse, and some of the other guys got gifts that you'd get as a joke at a party.\"[106] He also added, \"I'm an artist at the end of the day. If I do something risky and you don't like it, basically, you can kiss my ass.\"[106][107]\n",
            "p4": "Suicide Squad opened to generally negative reviews from critics, but Leto's performance received some praise from critics despite his character's limited screen time.[108][109] Following the film's release, Leto expressed interest in reprising his role as the Joker in future DC Extended Universe instalments.[110] In October 2020, it was reported that Leto would reprise his role of the Joker in Zack Snyder's Justice League.[111]\n",
            "p5": "In April 2016, it was announced that Leto would appear in the film The Outsider (2018), directed by Martin Zandvliet.[112][113][114] In August 2016, Thirty Seconds to Mars revealed they had signed to Interscope Records and confirmed that they were working on new music.[115] That same month Leto was cast as the villain Niander Wallace in the 2017 film Blade Runner 2049, the sequel to Blade Runner.[116] Leto later also appeared in 2036: Nexus Dawn, a promotional short film that takes place before Blade Runner 2049 directed by Luke Scott and co-starring Benedict Wong.[117]\n",
            "p6": "From May to September 2017, Thirty Seconds to Mars embarked on a North American tour with Muse and PVRIS.[118] Thirty Seconds to Mars then performed at the 2017 MTV Video Music Awards featuring special guest Travis Scott. During the ceremony, Jared Leto received media attention for his tribute to musicians Chester Bennington and Chris Cornell, who both died earlier that year.[119] In February 2018, the band officially announced the Monolith Tour with Walk the Moon, Misterwives, K. Flay, Joywave, and Welshly Arms. Thirty Seconds to Mars later confirmed America as title of their fifth album, which was released on April 6, 2018. The album received polarizing reviews from critics and debuted at number two on the Billboard 200, becoming the band's highest entry on the chart.[120] It was promoted with an accompanying documentary film, A Day in the Life of America, directed by Leto and released in January 2021 to general praise.[121]\n"
        },
        {
            "header": "2021\u2013present: The Little Things, House of Gucci and Morbius",
            "p0": "Leto played suspected serial killer Albert Sparma in John Lee Hancock's 2021 film The Little Things. The film earned him nominations for a Golden Globe Award and Screen Actors Guild Award\u2014both for Best Supporting Actor.[122] Leto portrays fashion designer and business magnate Paolo Gucci in Ridley Scott's biographical crime drama film House of Gucci, for which he was nominated for a Satellite Award, Critics' Choice Movie Award and Screen Actors Guild Award.[123]\n",
            "p1": "He plays Adam Neumann alongside Anne Hathaway in Apple+'s 2022 WeCrashed about the rise and fall of the WeWork.[124] In November 2017, Sony Pictures announced plans for a film adaptation of Morbius, the Living Vampire, which will be part of Sony's Spider-Man Universe.[125] On June 27, 2018, it was announced that Leto will star, and Daniel Espinosa will direct.[126] The film was released on 1 April, 2022.[127]\n",
            "p2": "In September 2016, it was announced that Leto would play Andy Warhol in a biopic written by Terence Winter and produced by Michael De Luca.[128] Leto later confirmed his portrayal as Warhol on his Instagram in August 2020.[129]\n",
            "p3": "In February 2017, it was announced that Leto would direct the thriller 77 for Paramount Pictures.[130] In August 2020, it was announced that Leto would star as the character Ares in the yet-untitled Tron 3 film, the sequel to 2010's Tron: Legacy, which he later confirmed on his Instagram.[131][132]\n",
            "p4": "On January 28, 2021, it was announced that Leto would star in a film directed by Darren Aronofsky titled Adrift, in their first project together since Requiem for a Dream.[133][134] On July 30, 2022, it was announced that Leto would star in a film directed by Justin Simien titled Haunted Mansion for Disney. The film is scheduled for release on August 11, 2023.[135]\n",
            "p5": "On October 6, 2022, it was announced that Leto would play the late Chanel designer Karl Lagerfeld in a biopic. Leto will also produce the film.[136]\n"
        }
    ]
}