{
    "id": "nm0000368",
    "name": "Laura Dern",
    "career": [
        {
            "header": "empty",
            "p18": "In 2012, Dern starred in Paul Thomas Anderson's psychological drama film The Master, alongside Joaquin Phoenix, Philip Seymour Hoffman, and Amy Adams.[50] In 2014, she co-starred alongside Reese Witherspoon in Jean-Marc Vall\u00e9e's biographical drama film Wild portraying the character of Bobbi, mother of Cheryl Strayed in flashback scenes, for which she received her second Academy Award nomination and her first in the Best Supporting Actress category. That same year, she portrayed Frannie Lancaster in the coming-of-age romance film The Fault In Our Stars alongside Shailene Woodley and Ansel Elgort and alongside Jim Caviezel, she portrays Bev Ladouceur in the sports drama film When The Game Stands Tall produced by Mandalay Pictures.[51] She also portrayed Lynn Nash, a widowed mother and grandmother who gets evicted with her family, in 2014's 99 Homes alongside Andrew Garfield.[52]\n",
            "p19": "In 2017, Dern reteamed with both Witherspoon and Vall\u00e9e from Wild and The Fault In Our Stars co-star Shailene Woodley for the 2017 HBO miniseries Big Little Lies, the latter who Dern had helped convince to join the cast.[53] For her portrayal as Renata Klein in the series, Dern won her first Primetime Emmy Award for Outstanding Supporting Actress in a Limited Series or Movie and her fourth Golden Globe Award for Best Supporting Actress \u2013 Series, Miniseries, or Motion Picture Made for Television.[54][55][56] That same year, she collaborated for the fourth time with David Lynch, appearing as Diane Evans in the third season of the mystery serial drama television series Twin Peaks and also joined the Star Wars franchise portraying Vice-Admiral Amilyn Holdo in Rian Johnson's space opera film Star Wars: The Last Jedi.[57][58]\n",
            "p20": "In 2018, Dern starred as the real life professor and documentary filmmaker, Jennifer Fox, recalling her traumatic past in the autobiographical feature film The Tale, written and directed by Fox herself. The film premiered at the 2018 Sundance Film Festival on January 20, 2018 to a standing ovation,[59] and later on HBO on May 26, 2018.[60] Dern received her seventh Primetime Emmy nomination for the role in the category Outstanding Lead Actress In A Limited Series Or Movie.[61] That same year, she also starred in two biographical drama films, Trial By Fire alongside Jack O'Connell, and JT LeRoy as the author Laura Albert alongside Certain Women co-star Kristen Stewart.\n",
            "p21": "In 2019, Dern reprised her role of Renata Klein in Big Little Lies after the series was renewed for a second season where she once again received critical acclaim and received her eighth Primetime Emmy Award nomination, her first in the Outstanding Supporting Actress in a Drama Series category.[62][63] In the same year, Dern starred in two films nominated for Best Picture at the Academy Awards. The first is Noah Baumbach's Marriage Story alongside Scarlett Johansson and Adam Driver, portraying the character Nora Fanshaw, a divorce lawyer which was written by Baumbach with Dern in mind for the role.[64] For her performance, Dern received major awards including earning her first Academy Award for Best Supporting Actress from three nominations, winning the first and only Oscar in an acting category for Netflix,[65][66] and also received the BAFTA Award for Best Actress in a Supporting Role, the SAG Award for Performance by a Female Actor in a Supporting Role, and the Golden Globe Award for Best Supporting Actress \u2013 Motion Picture.[67][68] The second is Greta Gerwig's film adaptation of Little Women, where she portrayed Marmee March. The film also stars Saoirse Ronan, Emma Watson, Florence Pugh, Timoth\u00e9e Chalamet, and Meryl Streep, the latter whom she had just collaborated with in Big Little Lies.[69] In 2020, she served as an executive producer on the animated short film If Anything Happens I Love You which was released on Netflix[70] and was a producer on the documentary film The Way I See It.[71]\n",
            "p22": "In 2022, Dern reprised her role as Dr. Ellie Sattler for the first time since 2001's Jurassic Park III alongside former co-stars Sam Neill and Jeff Goldblum in Jurassic World Dominion.[72] Due to the character's fan influence, Dern and director Colin Trevorrow felt protective of the character and her legacy, and were in agreement to have the character play a major role.[73] With Neill and Goldblum having led in their own Jurassic Park sequel, Trevorrow wanted Dominion to be Dern\u2019s film explaining, \u201cIt was important for the plot to be driven by Ellie. She\u2019s the only one of those three characters that hasn\u2019t had her own movie.\u201d[74] She is set to star alongside Hugh Jackman in Florian Zeller's adaptation of his stage play, The Son.[75] Dern appeared in the music video for Taylor Swift's \"Bejeweled\" from her tenth studio album Midnights (2022).[76]\n",
            "p23": "Dern will star and serve as executive producer with Benedict Cumberbatch for the science fiction drama film Morning directed by Justin Kurzel.[77] She is also set to star in the Netflix film Lonely Planet with Liam Hemsworth,[78] and will serve as executive producer and star in the upcoming AppleTV+ comedy series Mrs. American Pie.[79] Dern is set to reunite with Wild author Cheryl Strayed and co-star Reese Witherspoon as executive producers for the upcoming Hulu television series Tiny Beautiful Things based on Strayed's book.[80]\n"
        }
    ]
}