{
    "id": "nm0090674",
    "name": "Rainer Bock",
    "career": [
        {
            "header": "empty",
            "p2": "He had already worked as a stage actor for about 25 years, beginning in 1982, in Kiel, at the National Theatre Mannheim, the Staatstheater Stuttgart, and at the Bavarian State Theatre in Munich, before his film work increased by the end of the 2000s. In 2011, four films he acted in were presented at the 61st Berlin International Film Festival.\n",
            "p3": "Bock appeared in internationally known films directed by Steven Spielberg, Quentin Tarantino and Michael Haneke, and played minor roles in the TV shows Homeland, Better Call Saul, and SS-GB.\n"
        }
    ]
}