{
    "id": "nm0004812",
    "name": "Lynda Carter",
    "career": [
        {
            "header": "empty",
            "p14": "In 1972, Carter won a local Arizona beauty contest and gained national attention in the United States by winning Miss World USA 1972, representing Arizona.[11] In the international Miss World 1972 pageant, representing the United States she reached the Top 15. She took acting classes at several New York acting schools during the early 1970s. One of her acting partners during this time was future CBS president Les Moonves.[12] Carter made her first acting appearance in an episode of the 1974 police drama Nakia entitled \"Roots of Anger\".[13] She began making appearances on such TV shows as Starsky and Hutch and Cos, as well as appearances in several \"B\" movies.[14]\n"
        },
        {
            "header": "Wonder Woman",
            "p0": "Wonder Woman, the fictional superhero character was created by the American psychologist and writer William Moulton Marston and artist Harry G. Peter in 1941 for DC Comics. Conceived in the wake of the popularity of Superman, Marston designed his creation as counter-programming to the Man of Steel. The Diana Prince/Wonder Woman character is also called the Amazing Amazon, the Spirit of Truth, Themyscira's Champion, and the Goddess of Love and War. Wonder Woman was an instant hit with readers and became the most prominent DC comic book female superhero.[15]\n",
            "p1": "Carter's acting career took off when she landed the starring role on Wonder Woman in 1975, as the title character and her secret identity, Diana Prince. The savings she had set aside from her days of touring on the road with her band[16] to pursue acting in Los Angeles were almost exhausted. Carter has publicly stated that, on the day she got the part, she had $25 in the bank. She was close to returning to Arizona when her manager informed her that Joanna Cassidy had lost the role and Carter had the part of Wonder Woman. Carter's earnest performance greatly endeared her to both fans and critics and as a result, she continues to be closely identified with Wonder Woman.[10]\n",
            "p2": "The Wonder Woman series lasted for three seasons, which aired on ABC and later on CBS from 1975 to 1979. Carter's performance, rooted in the character's inherent goodness combined with a comic-accurate costume and a catchy theme song made for a depiction that was nothing less than iconic.[15] After the show ended, Carter told Us that \"I never meant to be a sexual object for anyone but my husband. I never thought a picture of my body would be tacked up in men's bathrooms. I hate men looking at me and thinking what they think. And I know what they think. They write and tell me.\"[17]\n",
            "p3": "In 2017, Carter explained her perspective of portraying the Diana Prince/Wonder Woman character. Carter says she got the role back in 1975 largely because she looked the part which was both a blessing and \u2013 as one of the show's producers warned her \u2013 a curse: \"Oh, women are going be so jealous of you\"... \"Well, I said, 'Not a chance. They won't be, because I am not playing her that way. I want women to want to be me, or be my best friend!\". As Carter describes Wonder Woman, \"There is something about the character where in your creative mind for that time in your life where you pretended to be her, or whatever the situation was, that it felt like you could fly\".[18]\n",
            "p4": "In 1985, DC Comics named Carter as one of the honorees in the company's 50th anniversary publication Fifty Who Made DC Great for her work on the Wonder Woman series.[19]\n",
            "p5": "In 2007, DC Direct released a 13-inch full-figure statue of Carter as Wonder Woman, limited to 5,000 pieces;[20] it was re-released in 2010.[21] Also in 2010, DC Direct began selling a 5\u00bd-inch bust of Carter's Wonder Woman to celebrate the DC Comics' 75th anniversary.[22]\n",
            "p6": "During production of the 2017 Wonder Woman feature film, director Patty Jenkins approached Carter to appear in a cameo role in the film, as Carter confirmed, \"Patty asked me to do a cameo in this. She was in England, and I was doing my concerts,\" explaining she had singing engagements that made her unavailable. \"At that time we couldn't get our timing together. So, this next time, if she writes me a decent part, I might do it.\"[23] Carter did make a cameo in the post-credits scene of the sequel film, Wonder Woman 1984 where she plays Asteria, the \"Golden Warrior\" of the Amazons.[24]\n",
            "p7": "Carter holds dear the new film and the character introduced more than 75 years ago. \"Many actresses or actors, they want to divorce themselves from a role because we are actors, we really aren't the people that we play. But I knew very early on that this character is much more than me certainly, and to try to divorce myself from the experiences that other people have of the character is silly\" she said.[23]\n"
        },
        {
            "header": "Music and promotional work",
            "p0": "While Wonder Woman was being produced, Carter was well recognized and in demand for promotional work. In 1978, Carter was voted \"The Most Beautiful Woman in the World\" by the International Academy of Beauty and the British Press Organization.[25] She had also signed a modelling contract with Maybelline cosmetics in 1977.[16] In 1979, she appeared in a Diet 7Up commercial along with comedian Don Rickles.\n",
            "p1": "Carter was the first woman to provide a voiceover for a movie trailer, as she did for the 1975 film The Drowning Pool.\n",
            "p2": "Carter continued to pursue her interest in music. During the late 1970s she recorded the album Portrait. Carter is credited in several variety television programs for being a co-writer on several songs and making numerous musical guest appearances. She also sang two of her songs in a 1979 Wonder Woman episode, \"Amazon Hot Wax\".\n",
            "p3": "In 1977, Carter released a promotional poster through Pro Arts at the suggestion of her then-husband and manager, Ron Samuels. The poster was very successful despite Carter's dissatisfaction with it. In 1981 during an interview on the NBC television special Women Who Rate a 10, she said:\n",
            "p4": "For Apocalypse Now (1979) she was originally cast in the role of Playboy Playmate Bunny, but the filming of her scenes was interrupted by the storm that wrecked the theater set prompting a delay of nearly two months for rebuilding. By the time director Francis Ford Coppola was ready to shoot again, Carter's contractual obligations to Wonder Woman had forced her back to the States and her scenes were reshot with Colleen Camp. The only evidence remaining of Carter's involvement are the Playboy centerfolds that were specially shot by the magazine as movie props, and a glimpse of Carter's pinup in the Redux version.\n"
        },
        {
            "header": "Life after Wonder Woman: music, film and television",
            "p0": "After Wonder Woman ended, Carter had many opportunities in music, film, and television. In 1980 Carter initially made a guest appearance on The Muppet Show. In the episode's running gag, Kermit the Frog repeatedly reminds the other Muppets that their guest is Carter and not Wonder Woman. This is to no avail as the Muppets ineptly attempt to become superheroes by taking a correspondence course and Miss Piggy portrays \"Wonder Pig\", a spoof of Carter's television character.\n",
            "p1": "She was quickly given a variety of her own musical TV specials, including Lynda Carter's Special (1980), Encore! (1980), Celebration (1981), Street Life (1982), and Body and Soul (1984). She landed the title role in a biographical film about actress Rita Hayworth (born Margarita Carmen Cansino) titled Rita Hayworth: The Love Goddess (1983).\n",
            "p2": "Carter's next major role after Wonder Woman was in the crime drama television series Partners in Crime with Loni Anderson in 1984. She then portrayed Helen Durant in the 1989 CBS television film Mike Hammer: Murder Takes All where she booby-traps Las Vegas entertainer Johnny Roman (Edward Winter), her husband Doctor Carl Durant, and his employee accountant Brad Peters (Jim Carrey) causing their deaths.\n",
            "p3": "Throughout the 1990s, Carter appeared in a string of television movies which resulted in a resurgence in television appearances for her. She appeared in commercials for Lens Express (now 1-800 Contacts). Around that time Carter created her own production company, Potomac Productions. In 1993, Carter expanded her performance resume to include voice-over work as the narrator for the Sandra Brown book Where There's Smoke.[27]\n"
        },
        {
            "header": "New millennium",
            "p0": "The new millennium saw Carter continuing to work in various areas. Because of the resyndication of Wonder Woman on cable networks like FX and SyFy, Carter participated in two scheduled on-line chat sessions with fans.[28] In 2000, Carter hosted the I Love 1978 episode of BBC2's I Love the '70s. In 2004, she won an award for being the \"Superest Superhero\" on the Second Annual TV Land Awards the same year. When an announcer reported that an invisible plane was double-parked illegally and needed to be moved before it was towed, she performed her spinning transformation once again after 25 years, although a younger actress wore the star-spangled outfit at that moment.\n",
            "p1": "Carter performed in a variety of film roles, making up a majority of her film work in the 2000s. In 2001, she was cast in the independent comedy feature Super Troopers, as Vermont Governor Jessman. The writers and stars of the film, the comedy troupe Broken Lizard along with the director Jay Chandrasekhar had specifically sought Carter for the role. Inspired by the character detour from her usual roles, she agreed to play a washed-up, former beauty queen in The Creature of the Sunny Side Up Trailer Park (2004) which was directed by Christopher Coppola.\n",
            "p2": "Carter made her first appearance in a major feature film in a number of years in the big-screen remake of The Dukes of Hazzard (2005), also directed by Chandrasekhar. She appeared in Disney's action comedy film Sky High (2005) as Principal Powers, the headmistress of a school for superheroes. The script allowed Carter to poke fun at her most famous character when she states: \"I can't do anything more to help you. I'm not Wonder Woman, ya'know\". In 2006, she guest-starred in the made-for-cable vampire film Slayer. The following year Carter returned to the DC Comics' television world in the Smallville episode \"Progeny\" (2007), playing Chloe Sullivan's Kryptonite-empowered mother.\n",
            "p3": "Carter expanded her voice-over work to include video games, performing voices for the nord and orsimer (orc) females in two computer games of The Elder Scrolls series beginning in 2002, and including The Elder Scrolls III: Morrowind, The Elder Scrolls IV: Oblivion, and The Elder Scrolls V: Skyrim. These games were developed by Bethesda Softworks; her husband, businessman Robert A. Altman was chairman and CEO of Bethesda's parent company, ZeniMax Media.\n",
            "p4": "Carter decided to do a variety of theater projects. From September to November 2005, Carter played \"Mama Morton\" in the West End London production of Chicago.[29] In 2006, her rendition of \"When You're Good to Mama\" was officially released on the Chicago: 10th Anniversary Edition CD box set. In May 2007, Carter began touring the U.S. with her one-woman musical cabaret show, An Evening with Lynda Carter. She played engagements at such venues as Feinstein's at Loews Regency in New York, Jazz at Lincoln Center, the Kennedy Center in Washington, D.C., the Razz Room in San Francisco, and the Catalina Jazz Club in Los Angeles. In June 2009, her second album, At Last was released and reached No. 10 on Billboard's Jazz Albums Chart.[30] In June 2011, Carter released her third album, Crazy Little Things which she describes as a delightful mix of standards, country, and pop tunes.[31] In 2015, Carter wrote and recorded five original songs for the video game Fallout 4 in which she herself stars.[32][33][34] An EP of the songs from the game's soundtrack was released on iTunes on November 6, 2015.[35] The song \"Good Neighbor\" from the EP was nominated by NAVGTR for best song under the category of Song, Original or Adapted.[36] In 2018, Carter released her fourth album titled Red, Rock n' Blues with her All-Star Band which featured two vocals with her daughter, Jessica Altman. She continues to perform her concerts nationally at venues including The Kennedy Center in Washington, D.C., Catalina Jazz Club in Hollywood, Feinstein's at the Nikko in San Francisco, the Franklin Theater in Nashville, and Jazz at Lincoln Center in NYC. Lynda performs with her All-Star Band and presents her special guest, Jessica Altman. Jessica released her own EP \"No Rules\" in early 2020.[37]\n"
        },
        {
            "header": "Recent work",
            "p0": "Carter is among the interview subjects in Superheroes: A Never-Ending Battle, a three-hour documentary narrated by Liev Schreiber that premiered on PBS in October 2013.[38]\n",
            "p1": "Carter, fellow Wonder Woman actress Gal Gadot, DC Entertainment President Diane Nelson, Wonder Woman director Patty Jenkins, and U.N. Under-Secretary General Cristina Gallach appeared at the United Nations on October 21, 2016, the 75th anniversary of the first appearance of Wonder Woman to mark the character's designation by the United Nations as its \"Honorary Ambassador for the Empowerment of Women and Girls\".[39][40] The gesture was intended to raise awareness of UN Sustainable Development Goal No. 5, which seeks to achieve gender equality and empower all women and girls by 2030.[39][40][41] However the decision was met with protests from UN staff members who stated in their petition to UN Secretary-General Ban Ki-moon that the character is \"not culturally encompassing or sensitive\", and served to objectify women. As a result the character was stripped of the designation and the project ended on December 16.[41]\n",
            "p2": "In 2017, Carter rejoined the Warner Bros./DC Comics film and television family on the second season of The CW's Supergirl television series in the role of President Olivia Marsdin.[42] Executive producer Andrew Kreisberg described Carter's presence on the show as \"a big stand to necessitate Supergirl (Melissa Benoist) and the DEO protecting her\".[42]\n"
        }
    ]
}