{
    "id": "nm0000630",
    "name": "Liev Schreiber",
    "career": [
        {
            "header": "Early films",
            "p0": "Schreiber had several supporting roles in various independent films until his big break, as the accused murderer Cotton Weary in the Scream trilogy of horror films. Though the success of the Scream trilogy led Schreiber to roles in several big-budget studio pictures, Entertainment Weekly wrote in 2007 that \"Schreiber is [still] best known for such indie gems as Walking and Talking, The Daytrippers, and Big Night.\"[25]\n",
            "p1": "After Scream, Schreiber was cast as Orson Welles in the HBO original movie RKO 281, for which he was nominated for Emmy and Golden Globe awards. He then played supporting roles in several studio films, including Ron Howard's 1996 remake of Ransom, the 1999 film The Hurricane, A Walk on the Moon; the 2000 movie version of Hamlet, and as a spy in The Sum of All Fears.[citation needed]\n",
            "p2": "The 2004 remake of The Manchurian Candidate, with Denzel Washington and Meryl Streep, was another major film for Schreiber, stirring some controversy as it opened during a heated presidential election cycle. Schreiber also played Robert Thorn with Julia Stiles in the 2006 film The Omen, a remake of the 1976 horror classic. He played the time-traveling ex-boyfriend of Meg Ryan in the 2001 film Kate & Leopold, also starring Hugh Jackman.[citation needed]\n"
        },
        {
            "header": "Shakespeare",
            "p0": "Along with his screen work, Schreiber is a well-respected classical actor; in a 1998 review of the Shakespeare play Cymbeline, The New York Times called his performance \"revelatory\" and ended the article with the plea, \"More Shakespeare, Mr. Schreiber.\"[26]\nA year later, Schreiber played the title role in Hamlet in a December 1999 revival at The Public Theater, to similar raves. In 2000, he went on to play Laertes in the film Hamlet, a modern adaptation of the play.[citation needed]\n",
            "p1": "His performance in the title role of Henry V in a 2003 Central Park production of that play caused The New Yorker magazine critic John Lahr to expound upon his aptitude for playing Shakespeare characters. \"He has a swiftness of mind,\" Lahr wrote, \"which convinces the audience that language is being coined in the moment. His speech, unlike that of the merely adequate supporting cast, feels lived rather than learned.\"[27]\n",
            "p2": "From June to July 2006, he played the title role in Macbeth opposite Jennifer Ehle at the Delacorte Theater.[citation needed]\n"
        },
        {
            "header": "Narration and voiceover work",
            "p0": "Schreiber has narrated a number of documentaries, many of them aired as part of PBS series such as American Experience, Nova, and Secrets of the Dead[28] from 2001 to 2011. He is the voice behind the television commercials for Infiniti.[citation needed] In 1995, he provided narration for the BBC/WGBH documentary co-production Rock & Roll.[29] In 1994, he narrated Two Billion Hearts, the official film of 1994 World Cup.[citation needed]\n",
            "p1": "Schreiber is also the voice of HBO's Sports of the 20th Century documentaries.[30] Similarly, Schreiber is the narrator of HBO Boxing's Countdown and 24/7 documentary series.[31] Schreiber served as the voice of Skeletor in the 2002 incarnation of Masters of the Universe.[citation needed] He narrated Magic & Bird: A Courtship of Rivals[32][33] and Broad Street Bullies in 2010 [34] as well as Runnin' Rebels of UNLV in 2011, on HBO,[35] and provided the narration for the \"Making of Pumping Iron\" documentary included in a special anniversary edition of the movie Pumping Iron.[36] He also narrated the History Channel specials Ape to Man,[citation needed] The Lost Kennedy Home Movies,[37] and America: The Story of Us.[38]\n",
            "p2": "Schreiber reprised his role as narrator for HBO's 24/7: Road to the Winter Classic NHL documentary, which followed the Pittsburgh Penguins and Washington Capitals as they prepared to face each other in the 2011 NHL Winter Classic at Heinz Field, in Pittsburgh, Pennsylvania, on January 1, 2011. Once again, Schreiber was the narrator for the HBO series, 24/7\u00a0: Road to the Winter Classic. That year, the Philadelphia Flyers and the New York Rangers battled in the Classic, at Citizens Bank Park in the 2012 NHL Winter Classic. Once more, Schreiber narrated for the HBO series in 2014 for the 2014 NHL Winter Classic, which showcased the Toronto Maple Leafs against the Detroit Red Wings at Michigan Stadium in Ann Arbor, Michigan.[39]\n",
            "p3": "Schreiber has been the narrator in HBO's Hard Knocks for every season, except for the 2007 season  when Paul Rudd filled that role,[40] with the Kansas City Chiefs.[41] He also narrated the 2011 documentary Hitler's G.I. Death Camp on the National Geographic Channel.[42] Released in 2012, Kinderblock 66: Return to Buchenwald was narrated by Schreiber,[43] as was the 2013 documentary Money for Nothing: Inside the Federal Reserve.[44] He provided the voiceover for the 2018 Kia Stinger GT commercial.[45]\n"
        },
        {
            "header": "Directing and 2000s work",
            "p0": "Schreiber told The New Yorker in 1999, \"I don't know that I want to be an actor for the rest of my life.\" For a time in the late 1990s, he hoped to produce and direct an adaptation of The Merchant of Venice starring Dustin Hoffman.[9]\n",
            "p1": "During that time, Schreiber started writing a screenplay about his relationship with his Ukrainian grandfather, a project he abandoned when, according to The New York Times, \"he read Jonathan Safran Foer's hit novel, Everything Is Illuminated, and decided Mr. Foer had done it better.\"[46] Schreiber's film adaptation of the short story from which the novel originated, which he both wrote and directed, was released in 2005. The film, which starred Elijah Wood, received lukewarm-to-positive reviews,[47] with Roger Ebert calling it \"a film that grows in reflection.\"[citation needed]\n",
            "p2": "In 2002, he starred in Neil LaBute's play The Mercy Seat along with Sigourney Weaver off-Broadway that was critically and commercially very successful. In the spring of 2005, Schreiber played the role of Richard Roma in the Broadway revival of David Mamet's Pulitzer Prize-winning play Glengarry Glen Ross. As Roma, Schreiber won a Tony Award for Best Performance by a Featured Actor in a Play. In 2006, Schreiber was invited to join the Academy of Motion Picture Arts and Sciences.[48]\n",
            "p3": "In the fall of that year, he directed and starred in the \"2006 Join the Fight\" AIDS campaign for Cable Positive and Kismet Films (others involved with the campaign included actress Naomi Watts, fashion designer Calvin Klein, and playwright Tony Kushner).[citation needed]\n",
            "p4": "Schreiber played Charlie Townsend in the 2006 film The Painted Veil, starring opposite Watts and Edward Norton. In the same year, Schreiber also appeared in The Omen, which was a remake of the 1976 film of the same name. For television, the actor portrayed a character who temporarily replaces Gil Grissom (played by William Petersen) on CSI: Crime Scene Investigation (2006\u201307 season) as Michael Keppler, a seasoned CSI with a strong reputation in various police departments across the nation, before joining the veteran Las Vegas team.[citation needed]\n",
            "p5": "Schreiber joined the cast on January 18, 2007, and shot a four-episode arc.[25] He appeared in the Broadway revival of Eric Bogosian's Talk Radio. The show began previews at the Longacre Theatre on February 15, 2007, in preparation for its March opening. On May 11, 2007, he won the Drama League Award for distinguished performance for his portrayal of shock jock \"Barry Champlain\" in Talk Radio, and has received Tony, Drama Desk, and Outer Critics Circle Award nominations for the role. The New York Times' Ben Brantley called his performance \"the most lacerating portrait of a human meltdown this side of a Francis Bacon painting.\"[20] Schreiber played the womanizing Lotario Thurgot in Mike Newell's screen adaptation of Love in the Time of Cholera, released in 2007. In a January 2007 interview, Schreiber mentioned that he was working on a screenplay.[25]\n",
            "p6": "Late in 2008, Schreiber portrayed Jewish resistance fighter Zus Bielski in the film Defiance, alongside Daniel Craig. In 2009, Schreiber played the mutant supervillain Victor Creed in the Marvel Comics film X-Men Origins: Wolverine, released on May 1, 2009.[49] In March 2010, he was interested in returning for Scream 4,[50] portraying Cotton Weary a fourth time (the film was subsequently made without his involvement).[51]\n",
            "p7": "In 2010, he returned to Broadway in A View from the Bridge for which he received a Tony nomination for Best Leading Actor in a Play. Schreiber narrates Superheroes: A Never-Ending Battle, a three-hour documentary that premiered on PBS in October 2013.[52]\n"
        },
        {
            "header": "2015\u2013present",
            "p0": "Schreiber co-starred in the 2015 film Spotlight, which won the Screen Actors Guild Award for Outstanding Performance by a Cast in a Motion Picture. Schreiber co-starred alongside Janet McTeer in Les Liaisons Dangereuses on Broadway, with Schreiber cast as the Machiavellian seducer Vicomte de Valmont.[53] The play ran from October 2016 to January 2017.\n",
            "p1": "In 2017, Schreiber returned to play Ross \"The Boss\" Rhea in Goon: Last of the Enforcers.\n",
            "p2": "During the story development for Logan, Liev had been approached about the potential of Victor Creed to return to the X-Men film universe. Following the film's release, Hugh Jackman revealed that early versions of the script included the character but that element was eventually removed from the final screenplay.[54]\n",
            "p3": "In 2017, Liev was cast to voice the Storm King, the main antagonist in the 2017 film My Little Pony: The Movie, based on the show My Little Pony: Friendship Is Magic. On his acceptance of the part, Liev said that, because of his kids' exposure to his adult-oriented movie work, he wanted something more child-friendly for them to watch.[55]\n",
            "p4": "In 2018, he was part of the ensemble cast of the animated film Isle of Dogs, which premiered at the 68th Berlin International Film Festival; and voiced the supervillain Kingpin in the animated film Spider-Man: Into the Spider-Verse.\n",
            "p5": "In the year 2019, Schreiber had a supporting role in A Rainy Day in New York, which was written and directed by Woody Allen. The same year, he starred in the lead role for Human Capital, where he also served as a producer. In a second collaboration with filmmaker Wes Anderson, he appeared in The French Dispatch in the role of an unnamed talk show host. The film was originally set to be released in 2020, but it was delayed numerous times due to the COVID-19 pandemic before being planned for a release in July 2021. The film subsequently premiered at the Cannes Film Festival on July 12 and was released theatrically in the U.S. on October 22, 2021.\n",
            "p6": "Schreiber worked on a film adaptation of Across the River and Into the Trees. In the film, he played the leading role of Colonel Richard Cantwell, originally set to be played by Pierce Brosnan.\n",
            "p7": "In 2020, Showtime ended the drama series Ray Donovan, in which Schreiber starred, after the 7th season. As a conclusion to the series, a Ray Donovan film was released in January 2022. Schreiber co-wrote the script along with the director David Hollander.[56]\n"
        }
    ]
}