{
    "id": "nm0000256",
    "name": "Jenny Agutter",
    "career": [
        {
            "header": "Television and film",
            "p0": "Agutter became known to television audiences for her role in the twice-weekly BBC series The Newcomers. (She played Kirsty, the daughter of the new managing director of Eden Brothers, the fictional firm that is at the centre of the series.) Agutter could appear only during school holidays. At this stage of her career, she was listed in credits as \u201cJennifer\u201d. In 1966, she portrayed a ballet pupil in Disney's film Ballerina. In 1968, she was featured in the lavish big-budget 20th Century Fox film musical Star! which featured Julie Andrews as Gertrude Lawrence; Agutter played Lawrence's neglected daughter Pamela. Later, she played Roberta in a BBC adaptation of The Railway Children (1968) and in Lionel Jeffries's 1970 film of the book. She followed this with a more serious role in the thriller I Start Counting (1969). She also won an Emmy as supporting actress for her television role as Fritha in a British television adaptation of The Snow Goose (1971).\n",
            "p1": "Agutter then moved into adult roles, beginning with Walkabout (1971), in which she played a teenaged schoolgirl who is lost with her younger brother in the Australian outback. She auditioned for the role in 1967, but funding problems delayed filming until 1969. The delay meant Agutter was 16 at the time of filming, which allowed the director to include nude scenes.[7] Among them was a five-minute skinny-dipping scene, which was cut from the original US release.[8] She said at the 2005 Bradford Film Festival at the National Media Museum that she was shocked by the film's explicitness, but remained on good terms with director Nicolas Roeg.[9]\n",
            "p2": "Agutter moved to Hollywood at 21 and appeared in a number of films over the next decade, including The Eagle Has Landed (1976), Logan's Run (1976), Equus (1977), for which she won a BAFTA as Best Supporting Actress), An American Werewolf in London (1981), and an adaptation of the James Herbert novel The Survivor (1981). Agutter has commented that the innocence of the characters she played in her early films, combined with the costumes and nudity in later adult roles such as Logan's Run, Equus, and An American Werewolf in London, are \"perfect fantasy fodder\".[10][11]\n",
            "p3": "In 1990, Agutter returned to the UK to concentrate on family life and her focus shifted towards British television. During the 1990s, she was cast in an adaptation of Jeffrey Archer's novel Not a Penny More, Not a Penny Less and as the scandalous Idina Hatton in the BBC miniseries The Buccaneers, inspired by Edith Wharton's unfinished 1938 book, and made guest appearances in television series such as Red Dwarf and Heartbeat. In 2000, she starred in a third adaptation of The Railway Children, produced by Carlton TV, this time playing the mother.[12][13] Since then Agutter has had recurring roles in several television series including Spooks, The Invisibles, Monday Monday and The Alan Clark Diaries. In 2012 Agutter resumed her Hollywood career, appearing as a member of the World Security Council in the blockbuster film The Avengers; she reprised her role in Captain America: The Winter Soldier (2014). Since 2012, Agutter has played Sister Julienne in the BBC television drama series Call the Midwife.\n"
        },
        {
            "header": "Theatre",
            "p0": "Agutter has appeared in numerous theatre productions since her stage debut in 1970, including stints at the National Theatre in 1972\u201373, the title role in a derivation of Hedda Gabler at the Roundhouse in 1980 and with the Royal Shakespeare Company in 1982\u201383, playing Alice in Arden of Faversham, Regan in King Lear and Fontanelle in Lear. In 1987\u201388, Agutter played the role of Pat Green in the Broadway production of the Hugh Whitemore play Breaking the Code, about computer pioneer Alan Turing.[14]  In 1995 she was in an RSC production of Love's Labour's Lost staged in Tokyo.[14]  She is also a patron of the Shakespeare Schools Festival, a charity that enables school children in the UK to perform Shakespeare in professional theatres.[15]\n"
        },
        {
            "header": "Audio",
            "p0": "In 2008, she also guest-starred in the Doctor Who audio drama The Bride of Peladon[16] and played an outlawed scientist in The Minister of Chance.[17] She has appeared as a guest star character (\"Fiona Templeton\") in the Radio 4 comedy Ed Reardon's Week.[18]\n"
        },
        {
            "header": "Music",
            "p0": "Agutter appears on the 1990 Prefab Sprout song \"Wild Horses\", speaking the words \"I want to have you\".[19]\n"
        }
    ]
}