{
    "id": "nm0000313",
    "name": "Jeff Bridges",
    "career": [
        {
            "header": "Acting",
            "p0": "Bridges made his first screen appearance in The Company She Keeps (1951); the film was released shortly after his first birthday.[9] In his youth, Bridges and brother Beau made occasional appearances on their father's show Sea Hunt (1958\u20131961) and the CBS anthology series The Lloyd Bridges Show (1962\u20131963). In 1969, he played Job Corps crew member Cal Baker in the Lassie TV series episode entitled \"Success Story\". In 1971, he played the lead role Mike in the TV movie In Search of America. His first major role came in the 1971 film The Last Picture Show, for which he garnered a nomination for the Academy Award for Best Supporting Actor.[10] He next co-starred in the 1972 gritty boxing film Fat City, directed by John Huston. In 1973, he starred as Junior Jackson in The Last American Hero, a film based on the true story of NASCAR driver Junior Johnson. He was again nominated for Best Supporting Actor for his performance opposite Clint Eastwood in the 1974 film Thunderbolt and Lightfoot.[10] In 1976, he starred as the protagonist Jack Prescott in the first remake of King Kong, opposite Jessica Lange. This film was a commercial success, earning $90\u00a0million worldwide, more than triple its $23\u00a0million budget, and also winning an Academy Award for Best Visual Effects.\n",
            "p1": "In 1982, Bridges starred in one of his better-known roles in the science fiction film Tron, in which he played Kevin Flynn, a video game programmer. That same year, he starred in Kiss Me Goodbye, an American romantic comedy film directed by Robert Mulligan, with Sally Field. In 1984, he was nominated for the Academy Award for Best Actor for playing an alien in Starman.[10] He also performed in the thriller Against All Odds (1984) and the crime drama Jagged Edge (1985).\n",
            "p2": "His role in Fearless (1993) is thought by some critics to be one of his best performances.[11] One critic dubbed it a masterpiece;[12] Pauline Kael wrote that he \"may be the most natural and least self-conscious screen actor that has ever lived\".[2] In 1994, he starred as Lt. Jimmy Dove in the action film Blown Away, opposite Tommy Lee Jones and Forest Whitaker. His real-life father Lloyd Bridges was also featured in the film, playing the uncle of Bridges' character. The film was not a financial success, managing to recoup $30 million of its $50 million budget at the box office, with its release a few weeks after another explosive-themed film, Speed. On July 11, 1994, Bridges received a star on the Hollywood Walk of Fame for his contributions to the motion picture industry. The star is located at 7065 Hollywood Boulevard.[13][14] In 1998, he starred as what is arguably his most iconic role, The Dude, in the Coen brothers' film The Big Lebowski.[10]\n",
            "p3": "In 2000, he received his fourth Academy Award nomination, for his role in The Contender.[10] He also starred in the 2005 Terry Gilliam film Tideland, his second with the director (the first being 1991's The Fisher King alongside Robin Williams). He shaved his trademark mane of hair[15] to play the role of Obadiah Stane in the 2008 Marvel comic book adaptation Iron Man.[16] In July 2008, at the San Diego Comic-Con International, he appeared in a teaser, reprising his 1982 fan favorite role of Kevin Flynn for Tron: Legacy, shot as concept footage for director Joseph Kosinski; this developed into a full 3D feature release in 2010.\n",
            "p4": "Bridges is one of the youngest actors ever to be nominated for an Academy Award (1972, age 22, Best Supporting Actor, The Last Picture Show), and one of the oldest ever to win (winning the Best Actor in 2010 at age 60 for Crazy Heart).[17] Crazy Heart also won him the Golden Globe for Best Actor in a Drama and the Screen Actors Guild Award for Outstanding Performance by a Male Actor in a Leading Role.\n",
            "p5": "Bridges received his sixth Academy Award nomination for his role in True Grit, a collaboration with the Coen brothers in which he starred alongside Matt Damon, Josh Brolin, Barry Pepper, and Hailee Steinfeld. Both the film and Bridges' performance as Rooster Cogburn, were critically praised. Bridges lost to Colin Firth, whom he had beaten for the Oscar in the same category the previous year. In 2016, Bridges appeared in the film Hell or High Water, for which he received his seventh Academy Award nomination. For his contribution to films, he was presented with the Cecil B. DeMille Award in 2019.[18]\n"
        },
        {
            "header": "Music",
            "p0": "Referring to his career as an actor and his passion for music, Bridges says, \"I dug what an actor did, but it took me a while to feel it, to truly appreciate the craft and the preparation. Plus, I was still playing music a lot, and I guess I had a hard time choosing: was I an actor or a musician, or could I be both?\"[19]\n",
            "p1": "Bridges studied piano at a young age, strongly encouraged by his mother.[20] While working on the 1980 film Heaven's Gate, he often played guitar with his co-star, singer-songwriter Kris Kristofferson, between takes.[21] His character in Crazy Heart, Bad Blake, was later based partly on Kristofferson. In 1982, he voiced the character of Prince L\u00edr in the animated film The Last Unicorn, and in that role sang on two songs, including a duet with Mia Farrow. He released his debut album Be Here Soon on January 1, 2000. In 2005, Bridges, known as \"The Dude\" in the film The Big Lebowski, showed up at a Lebowski Fest in Los Angeles singing and playing the film's theme song written by Bob Dylan, \"Man in Me\".\n",
            "p2": "On January 15, 2010, Bridges performed the song \"I Don't Know\" from Crazy Heart on The Tonight Show with Conan O'Brien. In the film The Contender, in which he co-starred, Bridges recorded a version of Johnny Cash's standard \"Ring of Fire\" with Kim Carnes that played over the pivotal opening credits. In February 2010, he was among the nearly 80 musicians to sing on the charity-single remake of We Are the World.[22] On October 24, 2010, Bridges appeared at Neil Young's annual Bridge School Benefit concert and played a set with singer-songwriter Neko Case.\n",
            "p3": "On April 19, 2011, Country Music Television announced that Bridges had signed a recording contract with Blue Note Records/EMI Music Group. He worked with producer T Bone Burnett and released his second album, Jeff Bridges, on August 16, 2011.[23] On November 5, 2011, Bridges played Austin City Limits in support of this album.[24]\n",
            "p4": "In 2015, he sang on the album Strangers Again, performing a duet with Judy Collins of the song \"Make Our Garden Grow\" from Candide by Leonard Bernstein. The same year, he released an ambient/spoken-word album entitled Sleeping Tapes.[25] All proceeds from the album go directly to Bridges' charity No Kid Hungry.[26]\n",
            "p5": "Bridges plays many guitars, including the Gretsch Chet Atkins Country Gentlemen Model G6122-19. In 2020 Bridges partnered with Breedlove Guitars to release his signature Oregon Concerto Bourbon CE with \"All In This Together\" scrawled across the fretboard.[20]\n"
        }
    ]
}