{
    "id": "nm0001132",
    "name": "Judi Dench",
    "career": [
        {
            "header": "1950s\u20131960s: Early work and breakthrough",
            "p0": "Dench made her first professional stage appearance in September of 1957 with the Old Vic Company at the Royal Court Theatre in Liverpool, as Ophelia in Hamlet. According to the reviewer for London Evening Standard, Dench had \"talent which will be shown to better advantage when she acquires some technique to go with it\".[19] Dench then made her London debut in the same production at the Old Vic. She remained a member of the company for four seasons, 1957\u20131961, her roles including Katherine in Henry V in 1958 (which was also her New York City debut) and Juliet in Romeo and Juliet in 1960, both directed and designed by Franco Zeffirelli. During this period, she toured the United States and Canada and appeared in Yugoslavia and at the Edinburgh Festival.[20] She joined the Royal Shakespeare Company in December 1961, playing Anya in The Cherry Orchard at the Aldwych Theatre in London and made her Stratford-upon-Avon debut in April 1962 as Isabella in Measure for Measure. She subsequently spent seasons in repertory both with the Playhouse in Nottingham from January 1963 (including a West African tour as Lady Macbeth for the British Council), and with the Playhouse Company in Oxford from April 1964.\n",
            "p1": "In 1964, Dench appeared on television as Valentine Wannop in Theatre 625's adaptation of Parade's End, shown in three episodes. Also she played a juvenile trouble maker in Z Cars atv series. That same year, she made her film debut in The Third Secret, before featuring in a small role in the Sherlock Holmes thriller A Study in Terror (1965) with her Nottingham Playhouse colleague John Neville.[21] She performed again on BBC's Theatre 365 in 1966, as Terry in the four-part series Talking to a Stranger, for which she won a BAFTA for Best Actress.[22][23]\n",
            "p2": "The 1966 BAFTA Award for Most Promising Newcomer to Leading Film Roles was made to Dench for her performance in Four in the Morning and this was followed in 1968 by a BAFTA Best Actress Award for her role in John Hopkins' 1966 BBC drama Talking to a Stranger.[24]\n",
            "p3": "In 1968, she was offered the role of Sally Bowles in the musical Cabaret. As Sheridan Morley later reported: \"At first she thought they were joking. She had never done a musical and she has an unusual croaky voice which sounds as if she has a permanent cold. So frightened was she of singing in public that she auditioned from the wings, leaving the pianists alone on stage\".[25] But when it opened at the Palace Theatre in February 1968, Frank Marcus, reviewing for Plays and Players, commented that: \"She sings well. The title song, in particular, is projected with great feeling.\"\n"
        },
        {
            "header": "1970s\u20131980s: Rise to prominence and established actress",
            "p0": "After a long run in Cabaret, Dench rejoined the RSC, making numerous appearances with the company in Stratford and London for nearly twenty years, winning several \"best actress\" awards. Among her roles with the RSC, she was the Duchess in John Webster's The Duchess of Malfi in 1971. In the Stratford 1976 season, and then at the Aldwych in 1977, she gave two comedy performances, first in Trevor Nunn's musical staging of The Comedy of Errors as Adriana, then partnered with Donald Sinden as Beatrice and Benedick in John Barton's \"British Raj\" revival of Much Ado About Nothing. As Bernard Levin wrote in The Sunday Times: \"...\u00a0demonstrating once more that she is a comic actress of consummate skill, perhaps the very best we have.\"[26] One of her most notable achievements with the RSC was her performance as Lady Macbeth in 1976. Nunn's acclaimed production of Macbeth was first staged with a minimalist design at The Other Place theatre in Stratford. Its small round stage focused attention on the psychological dynamics of the characters, and both Ian McKellen in the title role, and Dench, received exceptionally favourable notices. \"If this is not great acting I don't know what is\", wrote Michael Billington in The Guardian. \"It will astonish me if the performance is matched by any in this actress's generation\", commented J C Trewin in The Lady. The production transferred to London, opening at the Donmar Warehouse in September 1977, and was adapted for television, later released on VHS and DVD. Dench won the SWET Best Actress Award in 1977.\n",
            "p1": "Dench was nominated for a BAFTA for her role as Hazel Wiles in the 1979 BBC drama On Giant's Shoulders.[27] She had a romantic role in the BBC television film Langrishe, Go Down (1978), with Jeremy Irons and a screenplay by Harold Pinter from the Aidan Higgins novel, directed by David Jones, in which she played one of three spinster sisters living in a fading Irish mansion in the Waterford countryside. Dench made her debut as a director in 1988 with the Renaissance Theatre Company's touring season, Renaissance Shakespeare on the Road, co-produced with the Birmingham Rep, and ending with a three-month repertory programme at the Phoenix Theatre in London. Dench's contribution was a staging of Much Ado About Nothing, set in the Napoleonic era, which starred Kenneth Branagh and Emma Thompson as Benedick and Beatrice. She has made numerous appearances in the West End including the role of Miss Trant in the 1974 musical The Good Companions at Her Majesty's Theatre. In 1981, Dench was due to play Grizabella in the original production of Cats, but was forced to pull out due to a torn Achilles tendon, leaving Elaine Paige to play the role.[28]\n",
            "p2": "From 1981 to 1984, Dench starred in Britain's BAFTA award-winning A Fine Romance with her husband Michael Williams. In 1987, Dench played a supporting role in Columbia Pictures film 84 Charing Cross Road, with Anne Bancroft and Anthony Hopkins. The film dramatizes a delightful and tender correspondence, of the same title, between American writer, Helene Hanff and British bookshop manager, Frank Doel, which began after WWI, in 1949, and ended in 1969. She also acted with the National Theatre in London where she played Cleopatra in Antony and Cleopatra (1987). In 1989, she appeared in David Tucker's Behaving Badly for Channel 4, based on Catherine Heath's novel of the same name.\nThat same year, she was cast as Pru Forrest, the long-time silent wife of Tom Forrest, in the BBC soap opera The Archers on its 10,000th edition.[29]\n"
        },
        {
            "header": "1990s: Further critical and commercial success",
            "p0": "After the long period between James Bond films Licence to Kill (1989) and GoldenEye (1995), the producers brought in Dench to take over as the role of M, James Bond's boss. The character was reportedly modeled on Dame Stella Rimington, the real-life head of MI5 between 1992 and 1996;[30][31] Dench became the first woman to portray M, succeeding Robert Brown.[32][33] The seventeenth spy film in the series and the first to star Pierce Brosnan as the fictional MI6 officer, GoldenEye marked the first Bond film made after the dissolution of the Soviet Union and the end of the Cold War, which provided the plot's back story. The film earned a worldwide gross of US$350.7\u00a0million,[34] with critics viewing the film as a modernisation of the series.[35][36] She also starred in BBC1's As Time Goes By, a romantic comedy. Several series of the show were made between 1992 and 2005. In 1995, she played Desiree Armfeldt in a major revival of Stephen Sondheim's A Little Night Music, for which she won an Olivier Award.\n",
            "p1": "In 1997, Dench appeared in her first starring film role as Queen Victoria in John Madden's teleplay Mrs Brown, which depicts Victoria's relationship with her personal servant and favourite John Brown, played by Billy Connolly. Filmed with the intention of being shown on BBC One and on WGBH's Masterpiece Theatre, it was eventually acquired by Miramax mogul Harvey Weinstein, who felt the drama film should receive a theatrical release after seeing it and took it from the BBC to US cinemas.[37] Released to generally positive reviews and unexpected commercial success, going on to earn more than $13\u00a0million worldwide,[38] the film was screened in the Un Certain Regard section at the 1997 Cannes Film Festival.[39] For her performance, Dench garnered universal acclaim by critics and was awarded her fourth BAFTA and first Best Actress nomination at the 70th Academy Awards.[40] In 2011, while accepting a British Film Institute Award in London, Dench commented that the project launched her Hollywood career and joked that \"it was thanks to Harvey, whose name I have had tattooed on my bum\".[37][41][42]\n",
            "p2": "Dench's other film of 1997 was Roger Spottiswoode's Tomorrow Never Dies, her second film in the James Bond series.[43][44] The same year, Dench reteamed with director John Madden to film Shakespeare in Love (1998), a romantic comedy drama that depicts a love affair involving playwright William Shakespeare, played by Joseph Fiennes, while he was writing the play Romeo and Juliet. On her performance as Queen Elizabeth I, The New York Times commented that \"Dench's shrewd, daunting Elizabeth is one of the film's utmost treats\".[45] The following year, she was nominated for most of the high-profile awards, winning both the Academy Award and the BAFTA Award for Best Actress in a Supporting Role.[40] On her Oscar win, Dench joked on-stage, \"I feel for eight minutes on the screen, I should only get a little bit of him.\"[46]\n",
            "p3": "Also in 1999, Dench won the Tony Award for her 1999 Broadway performance in the role of Esme Allen in Sir David Hare's Amy's View.[40] The same year, she co-starred along with Cher, Joan Plowright, Maggie Smith, and Lily Tomlin in Franco Zeffirelli's semi-autobiographical period drama Tea with Mussolini which tells the story of young Italian boy Luca's upbringing by a circle of British and American women, before and during World War II. 1999 also saw the release of Pierce Brosnan's third Bond film, The World Is Not Enough. This film portrayed M in a larger role with the villain, Renard, coming back to haunt her when he engineers the murder of her old friend Sir Robert King and seemingly attempts to kill his daughter Elektra.\n"
        },
        {
            "header": "2000s: Continued screen and stage work",
            "p0": "In January 2001, Dench's husband Michael Williams died of lung cancer. Dench went to Nova Scotia in Canada almost immediately after his funeral to begin production on Lasse Hallstr\u00f6m's drama film The Shipping News, a therapy she later credited as her rescue: \"People, friends, kept saying, 'You are not facing up to it; you need to face up to it', and maybe they were right, but I felt I was\u00a0\u2013 in the acting. Grief supplies you with an enormous amount of energy. I needed to use that up.\"[47] In between, Dench finished work on Richard Eyre's film Iris (2001), in which she portrayed novelist Iris Murdoch. Dench shared her role with Kate Winslet, both actresses portraying Murdoch at different phases of her life.[48] Each of them was nominated for an Oscar the following year, earning Dench her fourth nomination in five years.[40] In addition, she was awarded both an ALFS Award and the Best Leading Actress Award at the 55th British Academy Film Awards.[40]\n",
            "p1": "After Iris, Dench immediately returned to Canada to finish The Shipping News alongside Kevin Spacey and Julianne Moore.[47] Based on the Pulitzer Prize-winning novel by E. Annie Proulx, the drama revolves around a quiet and introspective typesetter (Spacey) who, after the death of his daughter's mother, moves to Newfoundland along with his daughter and his aunt, played by Dench, in hopes of starting his life anew in the small town where she grew up. The film earned mixed reviews from critics,[49] and was financially unsuccessful, taking in just US$24\u00a0million worldwide with a budget of US$35\u00a0million.[50] Dench received BAFTA and SAG Award nominations for her performance.[40]\n",
            "p2": "In 2002, Dench was cast opposite Rupert Everett, Colin Firth, and Reese Witherspoon in Oliver Parker's The Importance of Being Earnest, a comedy about mistaken identity set in English high society during the Victorian Era. Based on Oscar Wilde's classic comedy of manners of the same name, she portrayed Lady Bracknell, a role she had repeatedly played before, including a stint at the Royal National Theatre in 1982.[51] The film was released to lukewarm reactions by critics\u00a0\u2013 who called it \"breezy entertainment, helped by an impressive cast\", but felt that it also suffered \"from some peculiar directorial choices\"\u00a0\u2013 and earned just US$17.3\u00a0million during its limited release.[52] Dench's other film of 2002 was Die Another Day, the twentieth instalment in the James Bond series. The spy film, directed by Lee Tamahori, marked her fourth appearance as MI6 head M and the franchise's last performance by Pierce Brosnan as Bond. Die Another Day received mixed reviews\n[53][54] Regardless, it became the highest-grossing James Bond film up to that time.[55] In the 2002 animated children's series Angelina Ballerina, Dench lent her voice to Miss Lilly, Angelina's ballet teacher, and her daughter, Finty Williams, provided the voice of Angelina herself.[citation needed]\n",
            "p3": "In 2004, Dench appeared as Aereon, an ambassador of the Elemental race who helps uncover the mysterious past of Richard B. Riddick, played by Vin Diesel, in David Twohy's science fiction sequel The Chronicles of Riddick. Selected by Diesel, who prompted writers to re-create the character to fit a female persona because he wanted to work with the actress,[56] she called filming \"tremendous fun\", although she \"had absolutely no idea what was going on in the plot\".[57] The film was a critical and box office failure.[58] In his review of the film, James Berardinelli from ReelViews remarked that he felt that Dench's character served no more \"useful purpose than to give [her] an opportunity to appear in a science-fiction movie\".[59]\n",
            "p4": "She followed Riddick with a more traditional role in Charles Dance's English drama Ladies in Lavender, also starring friend Maggie Smith. In the film, Dench plays one half of a sister duo and takes it upon herself to nurse a washed up stranger to health, eventually finding herself falling for a man many decades younger than she. The specialty release garnered positive reviews from critics, with Roger Ebert of the Chicago Sun-Times calling it \"perfectly sweet and civilized [and] a pleasure to watch Smith and Dench together; their acting is so natural it could be breathing\".[60] Also in 2004, Dench provided her voice for several smaller projects. In Walt Disney's Home on the Range, she, along with Roseanne Barr and Jennifer Tilly, voiced a mismatched trio of dairy cows who must capture an infamous cattle rustler, for his bounty, in order to save their idyllic farm from foreclosure. The film was mildly successful for Disney.[61]\n",
            "p5": "A major hit for Dench came with Joe Wright's Pride & Prejudice, a 2005 adaptation of the novel by Jane Austen, starring Keira Knightley and Donald Sutherland.[62] Wright persuaded Dench to join the cast as Lady Catherine de Bourgh by writing her a letter that read: \"I love it when you play a bitch. Please come and be a bitch for me.\"[63] Dench had only one week available to shoot her scenes, forcing Wright to make them his first days of filming.[64][65] With both a worldwide gross of over US$121\u00a0million and several Academy Award and Golden Globe nominations, the film became a critical and commercial success.[66]\n",
            "p6": "Dench, in her role as M, was the only cast member carried through from the Brosnan films to appear in Casino Royale (2006), Martin Campbell's reboot of the James Bond film series, starring Daniel Craig in his debut performance as the fictional MI6 agent. The thriller received largely positive critical response, with reviewers highlighting Craig's performance and the reinvention of the character of Bond.[67] It earned over US$594\u00a0million worldwide, ranking it among the highest-grossing James Bond films ever released. Also in April 2006, Dench returned to the West End stage in Hay Fever alongside Peter Bowles, Kim Medcalf and Belinda Lang. She finished off 2006 with the role of Mistress Quickly in the RSC's new musical The Merry Wives, a version of The Merry Wives of Windsor.[68]\n",
            "p7": "Dench appeared opposite Cate Blanchett as a London teacher with a dedicated fondness for vulnerable women in Richard Eyre's 2006 drama film Notes on a Scandal, an adaption from the 2003 novel of the same name by Zo\u00eb Heller. A fan of Heller's book, Dench \"was thrilled to be asked to\u00a0... play that woman, to try to find a humanity in that dreadful person\".[69] The specialty film opened to generally positive reviews and commercial success, grossing US$50\u00a0million worldwide,[70] exceeding its \u00a315\u00a0million budget.[71] In his review for Chicago Sun-Times, Roger Ebert declared the main actresses \"perhaps the most impressive acting duo in any film of 2006. Dench and Blanchett are magnificent.\"[72] The following year, Dench earned her sixth Academy nomination and went on to win a BIFA Award and an Evening Standard Award.[40] Dench, as Miss Matty Jenkyns, co-starred with Eileen Atkins, Michael Gambon, Imelda Staunton, and Francesca Annis in the BBC One five-part series Cranford. The first season of the series began transmission in November 2007. \nThat same year, Dench narrated \"Go Inside to Greet the Light,\" a film about the spiritual experience of Quaker meetings for worship in James Turrell's Deershelter Skyspace.[73]\n",
            "p8": "Dench became the voice for the narration for the updated Walt Disney World Epcot attraction Spaceship Earth in February 2008.[74] The same month, she was named as the first official patron of the York Youth Mysteries 2008, a project to allow young people to explore the York Mystery Plays through dance, film-making and circus.[75] Her only film of 2008 was Marc Forster's Quantum of Solace, the twenty-second Eon-produced James Bond film, in which she reprised her role as M along with Daniel Craig. A direct sequel to the 2006 film Casino Royale, Forster felt Dench was underused in the previous films, and wanted to make her part bigger, having her interact with Bond more.[76] The project received mixed reviews from critics, who mainly felt that Quantum of Solace was not as impressive as the predecessor Casino Royale,[77] but became another hit for the franchise with a worldwide gross of US$591\u00a0million.[78] For her performance, Dench was nominated for a Saturn Award the following year.[79]\n",
            "p9": "Dench returned to the West End in mid-2009, playing Madame de Montreuil in Yukio Mishima's play Madame de Sade, directed by Michael Grandage as part of the Donmar season at Wyndham's Theatre.[80] The same year, she appeared in Sally Potter's experimental film Rage, a project that featured 14 actors playing fictional figures in and around the fashion world, giving monologues before a plain backdrop.[81] Attracted to the fact that it was unlike anything she had done before, Dench welcomed the opportunity to work with Potter.[81] \"I like to do something that's not expected, or predictable. I had to learn to smoke a joint, and I set my trousers alight\", she said about filming.[81] Her next film was Rob Marshall's musical film Nine, based on Arthur Kopit's book for the 1982 musical of the same name, itself suggested by Federico Fellini's semi-autobiographical film 8\u00bd.[82] Also starring Daniel Day-Lewis, Marion Cotillard, Pen\u00e9lope Cruz, and Sophia Loren, she played Lilli La Fleur, an eccentric but motherly French costume designer, who performs the song \"Folies Berg\u00e8res\" in the film. Nine was nominated for four Academy Awards,[83] and awarded both the Satellite Award for Best Film and Best Cast.[40] Also in 2009, Dench reprised the role of Matilda Jenkyns in Return to Cranford, the two-part second season of a Simon Curtis television series. Critically acclaimed, Dench was nominated for a Golden Globe Award, a Primetime Emmy Award, and a Satellite Award.[40]\n"
        },
        {
            "header": "2010s",
            "p0": "In 2010, Dench renewed her collaboration with Peter Hall at the Rose Theatre in Kingston upon Thames in A Midsummer Night's Dream, which opened in February 2010; she played Titania as Queen Elizabeth I in her later years\u00a0\u2013 almost 50 years after she first played the role for the Royal Shakespeare Company.[84] In July 2010, Dench performed \"Send in the Clowns\" at a special celebratory promenade concert from the Royal Albert Hall as part of the proms season, in honour of composer Stephen Sondheim's 80th birthday.[85][86] In 2011, Dench starred in Jane Eyre, My Week with Marilyn and J. Edgar. In Cary Joji Fukunaga's period drama Jane Eyre, based on the 1847 novel of the same name by Charlotte Bront\u00eb, she played the role of Alice Fairfax, housekeeper to Rochester, the aloof and brooding master of Thornfield Hall, where main character Jane, played by Mia Wasikowska, gets employed as a governess.[87] Dench reportedly signed to the project after she had received a humorous personal note from Fukunaga, in which he \"promised her that she'd be the sexiest woman on set if she did the film\".[88] Acclaimed among critics,[89] it was a mediocre arthouse success at the box office, grossing US$30.5\u00a0million worldwide.[90] In Simon Curtis' My Week with Marilyn, which depicts the making of the 1957 film The Prince and the Showgirl starring Marilyn Monroe and Laurence Olivier, Dench played actress Sybil Thorndike. The film garnered largely positive reviews,[91] and earned Dench a Best Actress in a Supporting Role nomination at the 65th BAFTA Awards.[92]\n",
            "p1": "Dench's last film of 2011 was Clint Eastwood's J. Edgar, a biographical drama film about the career of FBI director J. Edgar Hoover, played by Leonardo DiCaprio, from the Palmer Raids onwards, including an examination of his private life as a closeted homosexual.[93] Hand-picked by Eastwood to play Anna Marie Hoover, Hoover's mother, Dench initially thought a friend was setting her up upon receiving Eastwood's phone call request. \"I didn't take it seriously to start with. And then I realised it was really him and that was a tricky conversation\", she stated.[69] Released to mixed reception, both with critics and commercially, the film went on to gross US$79\u00a0million worldwide.[94] The same year, Dench reunited with Rob Marshall and Johnny Depp for a cameo appearance in Pirates of the Caribbean: On Stranger Tides, playing a noblewoman who is robbed by Captain Jack Sparrow, played by Depp. She made a second cameo that year in Ray Cooney's Run for Your Wife.[95]\n",
            "p2": "In 2011, Dench reunited with director John Madden on the set of the comedy drama The Best Exotic Marigold Hotel (2012), starring an ensemble cast also consisting of Celia Imrie, Bill Nighy, Ronald Pickup, Maggie Smith, Tom Wilkinson, and Penelope Wilton, as a group of British pensioners moving to a retirement hotel in India, run by the young and eager Sonny (Dev Patel). Released to positive reviews by critics,[96] who declared the film a \"sweet story about the senior set featuring a top-notch cast of veteran actors\",[96] it became a surprise box-office hit following its international release, eventually grossing $US134\u00a0million worldwide, mostly from its domestic run.[97] Best Exotic Marigold Hotel was ranked among the highest-grossing specialty releases of the year,[98] and Dench, whom Peter Travers from Rolling Stone called \"resilient marvel\",[99] garnered a Best Actress nod at both the British Independent Film Awards and Golden Globe Awards.[100]\n",
            "p3": "Also in 2012, Friend Request Pending, an indie short film which Dench had filmed in 2011, received a wide release as part of the feature films Stars in Shorts and The Joy of Six. In the 12-minute comedy, directed by My Week with Marilyn assistant director Chris Foggin on a budget of just \u00a35,000, she portrays a pensioner grappling with a crush on her church choirmaster and the art of cyber-flirting via social networking.[101] Dench made her seventh and final appearance as M in the 23rd James Bond film, Skyfall (2012),[102] directed by Sam Mendes.[103] In the film, Bond investigates an attack on MI6; it transpires that it is part of an attack on M by former MI6 operative Raoul Silva (played by Javier Bardem) to humiliate, discredit and kill M as revenge against her for betraying him. Dench's position as M was subsequently filled by Ralph Fiennes' character. Coinciding with the 50th anniversary of the James Bond series, Skyfall was positively received by critics and at the box office, grossing over $1\u00a0billion worldwide, and became the highest-grossing film of all-time in the UK and the highest-grossing film in the James Bond series. Critics called Dench's Saturn Awards-nominated performance \"compellingly luminous\".[104]\n",
            "p4": "In 2013, Dench starred as the title character in the Stephen Frears-directed film Philomena, which was inspired by true events of a woman looking for the son which the Catholic Church took from her a half-century before.[105] The film was screened in the main competition section at the 70th Venice International Film Festival, where it was very favorably received by critics.[106][107] On Dench's performance, Time Magazine commented that \"this is Dench's triumph. At 78, she has a golden career behind her, often as queens and other frosty matriarchs. So the warmth under pressure she radiates here is nearly a surprise [...] Dench gives a performance of grace, nuance, and cinematic heroism.\"[108] She was subsequently nominated for many major acting awards, including a seventh Oscar nomination.[109]\n",
            "p5": "In 2015, Dench appeared opposite Dustin Hoffman in Dearbhla Walsh's small screen adaptation of Roald Dahl's children's novel Esio Trot (1990), in which a retired bachelor falls in love with his widowed neighbour, played by Dench, who keeps a tortoise as a companion after the death of her husband,[110] First broadcast on BBC One on New Year's Day 2015, it became one of the most-watched programmes of the week,[111] and earned Dench her first Best Actress nomination at the 2016 International Emmy Awards.[112] On her performance, Telegraph's Michael Hogan commented: \"We've grown accustomed to seeing Dench in forbidding roles, but here, she recalled her footloose, flirtatious side, displayed in sitcoms as A Fine Romance and As Time Goes By. The Dame was sparkly and downright ravishing.\"[113]\n",
            "p6": "As with most of the original cast, Dench reprised the role of Evelyn in John Madden's The Second Best Exotic Marigold Hotel (2015), the sequel to the 2011 sleeper hit. The comedy drama was released to lukewarm reviews from critics, who found it \"as original as its title \u2013 but with a cast this talented and effortlessly charming, that hardly matters\".[114] From April to May 2015, Dench played a mother, with her real-life daughter Finty Williams playing her character's daughter, in The Vote at the Donmar Warehouse.[115] The final performance was broadcast live on More4 at 8:25\u00a0pm; the time when the events in the play take place.[115] The appearance marked her first performance at the theatre since 1976.[116] On 20 September 2015, she was the guest on BBC Radio 4's Desert Island Discs for the third time, in which she revealed that her first acting performance was as a snail.[117] She reprised her role as M in the 2015 James Bond film Spectre, in the form of a recording that was delivered to Bond.\n",
            "p7": "In 2016, Dench made Olivier Award history when she won Best Actress in a Supporting Role for her r\u00f4le as Paulina in The Winter's Tale, breaking her own record with her eighth win as a performer.[118] Next, she co-starred as Cecily Neville, Duchess of York to Benedict Cumberbatch's Richard III in the second series of the BBC Two historical series The Hollow Crown.[119] The same year, she was cast alongside Eva Green and Asa Butterfield in Tim Burton's dark fantasy film Miss Peregrine's Home for Peculiar Children. Dench played Miss Esmeralda Avocet, a headmistress who can manipulate time and can transform into a bird.[120] The film garnered mixed reviews from critics, who felt it was \"on stronger footing as a visual experience than a narrative one\".[121] Budgeted on US$110\u00a0million, it became a commercial hit, grossing nearly US$300\u00a0million worldwide.[122]\n",
            "p8": "Dench's first film of 2017 was Justin Chadwick's Tulip Fever, alongside Alicia Vikander and Christoph Waltz.[123] Set during the period of the tulip mania, the historical drama follows a 17th-century painter in Amsterdam who falls in love with a married woman whose portrait he has been hired to paint. Filmed in 2014, the film went through several delays and earned largely negative reviews from critics, who called it a \"handsomely-mounted period piece undone by uninspired dialogue and excessive plotting\".[124] Also in 2017, Dench reprised the role of Queen Victoria when she headlined Stephen Frears's Victoria & Abdul.[125] The biographical comedy drama depicts the real-life relationship between the monarch and her Indian Muslim servant Abdul Karim, played by opposite Ali Fazal. While the film was met with lukewarm reviews for its \"imbalanced narrative\", Dench earned specific praise for her performance,[126] earning the actress her 12th Golden Globe nomination.[127]\n",
            "p9": "In September 2017, the website LADBible posted a video of Dench rapping with UK Grime MC Lethal Bizzle. The collaboration came about because the slang term \"dench\", which is used as a compliment, features in Bizzle's lyrics and on his clothing brand Stay Dench which Dench had previously helped to promote.[128][129] Dench's last film that year was Kenneth Branagh's Murder on the Orient Express, based on the 1934 novel of the same name by Agatha Christie.[130] The mystery\u2013drama ensemble film follows world-renowned detective Hercule Poirot, who seeks to solve a murder on the famous European train in the 1930s. Dench portrayed Princess Dragomiroff opposite Johnny Depp, Michelle Pfeiffer, and Pen\u00e9lope Cruz. The film has grossed $351\u00a0million worldwide and received mixed reviews from critics, with praise for the cast's performances, but criticism for not adding anything new to previous adaptations.[131]\n",
            "p10": "Dench was cast as the elder version of titular character Joan Elizabeth Stanley in Trevor Nunn's spy drama film Red Joan (2018). Based on Jennie Rooney's same-titled novel, it was inspired by the life of KGB intelligence source Melita Norwood.[132][133] While the film earned generally negative reviews, Dench was applauded for her performance, with The Daily Telegraph agreeing that \"Dench is wasted in this absurd portrayal.\"[134] Her other film of 2018 was All Is True, a fictional historical film for which she reunited with Kenneth Branagh to portray William Shakespeare's wife Anne Hathaway. Released to favorable reviews, critics called the film \"impressively cast and beautifully filmed. All Is True takes an elegiac look at Shakespeare's final days.\"[135] Also in 2018, Dench appeared alongside Eileen Atkins, Joan Plowright and Maggie Smith in Roger Michell's documentary film Nothing Like a Dame which documents conversations between the actresses, interspersed with scenes from their career on film and stage. It received rave reviews, with The Guardian declaring it an \"outrageously funny film\".[136]\n",
            "p11": "In 2019, Dench presented a two-part nature documentary series for the ITV network called Judi Dench's Wild Borneo Adventure in which she and her partner travelled across the island, looking at its remarkable wildlife and efforts by conservationists to preserve it for future generations.[137] In autumn 2019, she starred as Old Deuteronomy in Tom Hooper's film adaptation of Cats alongside Jennifer Hudson, Ian McKellen, and James Corden.[138] The film received overwhelmingly negative reviews from critics, who criticized the CGI effects, plot, and tone, with many calling it one of the worst films of 2019. Also, the film became a box-office bomb, having so far grossed $62 million on a budget as high as $100 million.[139] In May 2020, Dench became the oldest person to be featured on the cover of British Vogue.[140]\n"
        },
        {
            "header": "2020s",
            "p0": "In 2020, Dench reteamed with Kenneth Branagh in his science fantasy adventure film Artemis Fowl, based on the first novel in the same-titled series by Eoin Colfer.[141] The film received generally negative reviews from critics, who criticised the plot, dialogue, characters, and visual effects.[142] She also appeared as a headmistress alongside Eddie Izzard, Carla Juri, and James D'Arcy in Andy Goddard's war drama film Six Minutes to Midnight (2020) about a discovery at a school for the daughters of the Nazi elite that leads to a series of deadly events.[143] The film received largely mixed reviews from critics who found it a \"fascinating fact-based WWII-era story to tell,\" but also remarked that it \"largely loses it in muddled spy shenanigans.\"[144] Dench's third film in 2020 was Blithe Spirit, a comedy film based upon the 1941 play of the same name, in which she played an talentless but eccentric medium named Madame Arcati. Directed by Edward Hall, it was released to negative reviews,[145] with Sheila O'Malley from RogerEbert.com calling it \"aggressively un-funny,\"[146] though Dench was named the \"only bright spot\" in the film.[147]\n",
            "p1": "In 2021, Dench had a brief role in Jules Williamson's comedy drama Off the Rails, starring Kelly Preston, Jenny Seagrove, and Sally Phillips, about three friends in their 50s who embark on a European train adventure to celebrate the life of their recently deceased friend. The film earned largely negative reviews.[148] Her other film that year was Kenneth Branagh's Belfast, a black-and-white coming of age comedy drama that centres on a young boy's childhood amid the tumult of Belfast, Northern Ireland, in the 1960s.[149] Released to rave reviews, the film won the People's Choice Award at the 2021 Toronto International Film Festival and earned Dench her eighth Academy Award nomination.[150][151] In October 2021, it was announced that Dench would be joining the cast of Allelujah, a film adaptation of Alan Bennett's play of the same name directed by Richard Eyre, which will also star Jennifer Saunders, Russell Tovey, David Bradley, and Derek Jacobi.[152]\n",
            "p2": "In November 2022, the BBC aired Louis Theroux Interviews: Dame Judi Dench featuring Dench and documentarian Louis Theroux.[153][154]\n"
        }
    ]
}