{
    "id": "nm0002354",
    "name": "John Williams",
    "career": [
        {
            "header": "empty",
            "p1": "After his studies at Juilliard and the Eastman School of Music, Williams returned to Los Angeles, where he began working as an orchestrator at film studios. Among other composers, Williams worked with Franz Waxman, Bernard Herrmann, and Alfred Newman, and also with his fellow orchestrators Conrad Salinger and Bob Franklyn.[23]\n",
            "p2": "Williams was also a studio pianist and session musician, performing on film scores by composers such as Jerry Goldsmith, Elmer Bernstein, Leonard Bernstein, and Henry Mancini. With Mancini he recorded the scores of 1959's Peter Gunn, 1962's Days of Wine and Roses, and 1963's Charade. With Elmer Bernstein, he performed on the score of Hecht-Hill-Lancaster Productions' Sweet Smell of Success. Williams plays the piano part of the guitar-piano ostinato in the famous Mancini Peter Gunn title theme.[24][25] On the Peter Gunn soundtrack, he collaborated with guitarist Bob Bain, bassist Rolly Bundock, and drummer Jack Sperling, many of whom were also featured on the Mr. Lucky television series. Williams was the pianist for the soundtrack for the adaptation of Leonard Bernstein's musical, the 1961 West Side Story,[26] and the 1960 film, The Apartment.\n",
            "p3": "Williams during this time period was known as Johnny Williams, and under this name, released several jazz albums, including World on a String and The John Towner Touch.[26]\n",
            "p4": "Williams also served as music arranger and bandleader for a series of popular music albums with the singers Ray Vasquez and Frankie Laine.[27][28]\n"
        }
    ]
}