{
    "id": "nm0006710",
    "name": "Vik Sahay",
    "career": [
        {
            "header": "empty",
            "p2": "Vik Sahay was born in Ottawa, Ontario,[1] to Indian parents, and attended Canterbury High School of the Arts in Ottawa. He went on to study Theatre Performance at Montreal's Concordia University.\n",
            "p3": "He learned to perform Indian classical dance with his brother Sidharth Sahay. In 1986 and 1987, he appeared on three episodes of the children's television show You Can't Do That on Television. He was also featured in the television series Radio Active, playing sportscaster Kevin Calvin. Based on that work, he was selected to appear in Our Hero as Dalal Vidya, for which he was nominated for a 2002 Canadian Comedy Award. Subsequently, he also portrayed attorney Anil Sharma on the CBC series This is Wonderland during its second and third seasons.\n",
            "p4": "Sahay has appeared in such films as Roxy Hunter and the Mystery of the Moody Ghost, Good Will Hunting, eXistenZ, Hollow Point, Rainbow, The Ride, Wings of Hope, The Rocker, Amal,[2] and Afghan Luke.[3] He portrayed Lester Patel, the \"HinJew\" half of Jeffster!, on the television series Chuck.[4] He played the role of Prateek Duraiswamy (Stifler's boss) in the film American Reunion.[5] He was a guest star as a murder suspect on the FOX show Bones season 8 episode 13.[6] In 2016 he had a guest starring role on the revival of The X-Files.[7]\n"
        },
        {
            "header": "Personal life",
            "p0": "Sahay divides his time between Los Angeles and Toronto.[8]\n"
        }
    ]
}