{
    "id": "nm0025745",
    "name": "Elena Anaya",
    "career": [
        {
            "header": "empty",
            "p4": "Anaya moved to C\u00e1diz to train as an actress, after which she landed roles in \u00c1frica and Familia.[5]\n",
            "p5": "She first received international attention in 2001 for her role in the sexually explicit drama Sex and Luc\u00eda.[6] She also had a small part the year after in Almod\u00f3var's Talk to Her.[7]\n",
            "p6": "Her best-known Hollywood film role was as Aleera, one of Dracula's brides in 2004's Van Helsing. That same year, Anaya was named as one of European films' Shooting Stars by European Film Promotion.\n",
            "p7": "In 2006, Anaya appeared in Justin Timberlake's music video for his single, \"SexyBack\".[8]\n",
            "p8": "After some \"quiet\" years playing supporting roles in international films such as Savage Grace (2007) and Cairo Time (2009), Anaya roared back into prominence with a starring role in 2010's Room in Rome, and then a return to Almod\u00f3var in 2011's The Skin I Live In.\n",
            "p9": "In 2017, Anaya appeared as Doctor Poison in the superhero blockbuster film, Wonder Woman.[9]\n"
        }
    ]
}