{
    "id": "nm0000332",
    "name": "Don Cheadle",
    "career": [
        {
            "header": "empty",
            "p1": "Cheadle became eligible for his Screen Actors Guild card when he appeared as a burger joint employee in the 1985 comedy Moving Violations.[8] In 1987, he received a small role in the 7th season of Hill Street Blues, where he played a teenager with learning difficulties. This was followed by an appearance in Hamburger Hill the same year; Cheadle secured the role of Jack in the April 1, 1988, \"Jung and the Restless\" episode of Night Court. Although his character was 16 years old, Cheadle was 23 at the time.\n",
            "p2": "Cheadle then played the role of Rocket in the 1988 movie Colors. In 1989, he appeared in a music video for Angela Winbush's number-two hit single \"It's the Real Thing\", performing dance moves in an orange jumpsuit, working at a car wash.[9][10][11] In 1990, he appeared in an episode of The Fresh Prince of Bel-Air titled \"Homeboy, Sweet Homeboy\", playing Will Smith's friend and Hilary's first love interest, Ice Tray.[12] In 1992, he had a starring role in The Golden Girls spin-off The Golden Palace. He subsequently played district attorney John Littleton on three seasons of Picket Fences.[13]\n",
            "p3": "Cheadle first received widespread notice for his portrayal of Mouse Alexander in the 1995 film Devil in a Blue Dress, for which he won Best Supporting Actor awards from the Los Angeles Film Critics Association and the National Society of Film Critics, and was nominated for similar awards from the Screen Actors Guild and the NAACP Image Awards. Following soon thereafter was his performance in the title role of the 1996 HBO TV movie Rebound: The Legend of Earl \"The Goat\" Manigault. In 1997, he starred in John Singleton's historical\u00a0drama Rosewood and in the disaster film Volcano.[14][15] In the same year, he appeared in Paul Thomas Anderson's period\u00a0drama Boogie Nights. The following year, he appeared in Out of Sight. The film was an adaptation of\u00a0Elmore Leonard's 1996 novel of the same name and the first of Cheadle's many collaborations with director Steven Soderbergh.[16]\n",
            "p4": "Cheadle portrayed singer\u00a0Sammy Davis Jr. in the 1998 TV movie\u00a0The Rat Pack, for his performance he won a Golden Globe Award and earned an Emmy nomination. A year later, he starred as Grant Wiggins, a school teacher in the film A Lesson Before Dying, which won the Primetime Emmy Award for Outstanding Television Movie. It was based on the novel by Ernest J. Gaines of the same name. He had two major film roles in 2000, starring as Montel Gordon, a\u00a0DEA\u00a0agent in Traffic and as Luke Graham in the sci-fi film Mission to Mars. The following year, he played Basher Tarr in the heist film Ocean's Eleven, a remake of the 1960 Rat Pack original. He joined an ensemble cast including George Clooney, Brad Pitt, Matt Damon, Andy Garc\u00eda, and Julia Roberts.[17][18][19] Cheadle made a guest appearance in the\u00a0ninth season\u00a0of the television series ER, playing the role of Paul Nathan, a medical student who suffers from Parkinson's disease. For this performance he was nominated for an\u00a0Emmy Award\u00a0in the category of\u00a0Outstanding Guest Actor in a Drama Series.[20]\n",
            "p5": "Cheadle appeared in NFL commercials promoting the Super Bowl from 2002 to 2005. He so regularly appeared for the NFL in its Super Bowl advertising that in 2006, in a drive to get fans to submit their own advertising ideas, the NFL sought his permission to reference his previous commercials to portray themselves as having no new ideas: \"he quickly signed off on the idea and found it funny.\" Abe Sutton (along with Etan Bednarsh), one of the finalists in this NFL contest, played on this commercial by proposing an ad where every player on a football team is Don Cheadle.[21]\n",
            "p6": "In 2005, Cheadle was nominated for the Academy Award for Best Actor for his portrayal of Paul Rusesabagina in the film Hotel Rwanda. He also starred in and co-produced Crash, which won the 2006 Academy Award for Best Picture. For his performance in Crash, Cheadle was nominated for the BAFTA and Screen Actors Guild awards for Best Supporting Actor. He played the main character in the movie Traitor.[22]\n",
            "p7": "In March 2007, Cheadle starred with comedian Adam Sandler in Mike Binder's Reign Over Me, a comedy-drama about a man who has slipped away from reality after the death of his wife and three daughters on 9/11. The film was a box office flop, earning a domestic gross of $22.2 million. Cheadle later starred in the 2009 DreamWorks Pictures film Hotel for Dogs.[23][24] Cheadle was to make his directorial debut with the adaptation of Elmore Leonard's Tishomingo Blues, but in July 2007, he stated, \"'Tishomingo' is dead...\"[25]\n",
            "p8": "In 2009, Cheadle and Boondocks creator Aaron McGruder worked on a potential comedy show on NBC.[26] The \"project revolve[d] around mismatched brothers who reunite to open a private security company.\"[26] Cheadle and McGruder were slated to serve as executive producers, while McGruder was expected to write the script.[27]\n",
            "p9": "Also in 2009, Cheadle performed in The People Speak, a documentary feature film that uses dramatic and musical performances of the letters, diaries, and speeches of everyday Americans, based on historian Howard Zinn's A People's History of the United States.[28]\n",
            "p10": "In 2010, Cheadle assumed the role of James Rhodes / War Machine in Iron Man 2 (2010), replacing Terrence Howard. Cheadle reprised this role in the films Iron Man 3 (2013) as the Iron Patriot, Avengers: Age of Ultron (2015), Captain America: Civil War (2016), Avengers: Infinity War (2018),[29] Captain Marvel (2019), and Avengers: Endgame (2019), as well as the Disney+ TV series The Falcon and the Winter Soldier (2021) and What If...?\n(2021), and will reprise the role in the upcoming Disney+ series Secret Invasion (2023)[30] and theatrical film Armor Wars (TBA).[31]\n",
            "p11": "From 2012 to 2016, Cheadle starred in the Showtime TV series House of Lies. In 2013, he won the Golden Globe as Best Actor in a Comedy Series for his role on the show.[32] He was in the show for five seasons until it ended in 2016.[33]\n",
            "p12": "Cheadle spent 10 years writing and producing the film Miles Ahead (2016) based on the life of jazz musician Miles Davis. Cheadle also directed and starred in the film.[34][35] Locations for the movie were found in Cincinnati.[36]\n",
            "p13": "In 2018, Cheadle guest-starred in the first-season finale of DuckTales, providing Donald Duck's new voice box.[37] He later guest-starred again in 2020 during season three after a wish Donald made to Gene the Genie had altered reality.[38]\n",
            "p14": "In 2021, Cheadle starred in the period crime thriller No Sudden Move, in which he played Curt Goynes, a gangster in 1950s Detroit.[39][40] Around that same year, Cheadle played a villain role in Space Jam: A New Legacy, providing the role of the main antagonist Al-G Rhythm.[41][42]\n"
        }
    ]
}