{
    "id": "nm0004540",
    "name": "Darren Shahlavi",
    "career": [
        {
            "header": "empty",
            "p58": "After moving to Hong Kong in the mid-1990s to pursue a career in action cinema, Shahlavi was discovered by famed martial arts choreographer and director Yuen Woo-ping, who signed him to play the bad guy opposite Jacky Wu in Tai Chi Boxer. At the time, Shahlavi was working as a nightclub bouncer and a bodyguard for visiting celebrities.\n",
            "p59": "After Tai Chi Boxer was released in Hong Kong cinemas, Seasonal Films Corporation boss Ng See-yuen and director Tony Leung Siu-hung saw potential in Shahlavi and signed him for their Hong Kong and United States film Bloodmoon (1997). The film, in which Shahlavi plays the villain opposite stars Gary Daniels and Chuck Jeffreys, remains a favourite with hardcore martial arts film fans.[1]\n",
            "p60": "Toward the end of his career, Shahlavi moved into the horror genre. He worked with German gore and splatter filmmaker Olaf Ittenbach, whose films are often banned for their extreme violence. Shahlavi starred in and choreographed fights in the films Legion of the Dead and Beyond the Limits, which are difficult to get in uncut form.[citation needed]\n",
            "p61": "Shahlavi had done stunts in studio films such as Universal Studios The Chronicles of Riddick, 20th Century Fox's Night at the Museum and Warner Bros' 300 often making an on-screen cameo as an inside joke such as the sleeping guard who can't fight in In the Name of the King: A Dungeon Siege Tale in which he was the stunt double for Ray Liotta for the fighting scenes with Jason Statham which were choreographed by Ching Siu-tung. In an interview, Shahlavi had expressed a desire to get back to making martial arts films after completing work on a film with action star Mark Dacascos, and also appeared on Intelligence, and as a guest star on the American series Reaper.[1]\n",
            "p62": "In 2010, Shahlavi landed a major role in the film Ip Man 2 starring Donnie Yen, Sammo Hung, Lynn Hung and Huang Xiaoming, as the villain Taylor \"The Twister\" Milos. Although he appeared only in the latter part of the film, he served as the film's main antagonist, his boxing fight with Hung and eventual defeat by Yen forming the film's climax. \n",
            "p63": "Shahlavi appeared in the psychological dark thriller film Red Riding Hood, and appeared in Mortal Kombat: Legacy as Kano.[1] He played Devon in the 2013 film The Package alongside Dolph Lundgren and WWE Hall of Famer Stone Cold Steve Austin. Shahlavi played Cazel in the 2013 film The Marine 3: Homefront, along with Neal McDonough and WWE star Mike \"The Miz\" Mizanin. Shahlavi appears in his final film in the 2016 film Kickboxer: Vengeance as Eric Sloane, remake of the 1989 film Kickboxer (1989 film), along with Alain Moussi, Dave Bautista and original Kickboxer film star Jean-Claude Van Damme.[1]\n"
        }
    ]
}