{
    "id": "nm0001309",
    "name": "Anthony Michael Hall",
    "career": [
        {
            "header": "1970s-1980s",
            "p0": "At the age of seven, Hall started his career in commercials.[4] He was the Honeycomb cereal kid and appeared in several commercials for toys and Bounty.[9] His stage debut was in 1977, when he was cast as the young Steve Allen in Allen's semi-autobiographical play The Wake. He went on to appear in the Lincoln Center Festival's production of St. Joan of the Microphone, and in a play with Woody Allen.[9] In 1980, he made his screen debut in the Emmy-winning TV movie The Gold Bug, in which he played the young Edgar Allan Poe. In 1981 he started as Huck Finn in Rascals and Robbers: The Secret Adventures of Tom Sawyer and Huckleberry Finn but it was not until the release of the 1982 Kenny Rogers film Six Pack that he gained real notice.\n",
            "p1": "The following year, Hall landed the role of Rusty Griswold, Chevy Chase and Beverly D'Angelo's son, in National Lampoon's Vacation, catching the attention of the film's screenwriter John Hughes, who was about to make the jump to directing. \"For [Hall] to upstage Chevy, I thought, was a remarkable accomplishment for a 13-year-old kid,\" said Hughes.[4] The film was a significant box office hit in 1983, grossing over $61 million in the United States.[10] After Vacation, Hall moved on to other projects and declined to reprise his role in the 1985 sequel.[11]\n",
            "p2": "Hall's breakout role came in 1984, when he was cast as \"Geek\", the scrawny, braces-wearing geek who pursued Molly Ringwald's character in John Hughes' directing debut Sixteen Candles. Hall tried to avoid the clich\u00e9s of geekiness. \"I didn't play him with 100 pens sticking out of his pocket,\" he said. \"I just went in there and played it like a real kid. The geek is just a typical freshman.\"[12] Hall landed a spot on the promotional materials along with co-star Ringwald. Reviews of the film were positive for Hall and his co-stars, and one for People Weekly even claimed that Hall's performance \"pilfer[ed] the film\" from Ringwald.[13] Despite achieving only moderate[14] success at the box office, the film made overnight stars of Ringwald and Hall.\n",
            "p3": "In 1985, Hall starred in two additional teen-oriented films written and directed by Hughes. He was cast as Brian Johnson, \"the brain,\" in The Breakfast Club, co-starring Emilio Estevez, Judd Nelson, Ally Sheedy, and Molly Ringwald. Film critic Janet Maslin praised Hall, stating that the 16-year-old actor and Ringwald were \"the movie's standout performers.\"[15] Hall and fellow co-star Molly Ringwald dated for a short period after filming The Breakfast Club. Later that year, Hall portrayed Gary Wallace, another likable misfit, in Weird Science. Critic Sheila Benson from the Los Angeles Times said Hall was \"the role model supreme\" for the character, but she also acknowledged that \"he [was] outgrowing the role\" and \"[didn't] need to hold the patent on the bratty bright kid.\"[16] Weird Science was a moderate success at the box office but was generally well received by critics.[17] Those roles established him as the 80s \"nerd-of-choice,\" as well as a member of Hollywood's Brat Pack. Hall, who portrayed Hughes' alter egos in Sixteen Candles, The Breakfast Club and Weird Science,[18] credits the director for putting him on the map and giving him those opportunities as a child. \"I had the time of my life,\" he said. \"I'd consider [working with Hughes again] any day of the week.\"[19]\n",
            "p4": "Hall joined the cast of Saturday Night Live (SNL) during its 1985\u201386 season at the age of 17.[20] He was, and remains, the youngest cast member in the show's history.[21] His recurring characters on the show were Craig Sundberg, Idiot Savant, an intelligent, talented teenager with a vacant expression and stilted speech, and Fed Jones, half of the habitually high, hustling pitchmen known as The Jones Brothers. Art Garfunkel, Edd Byrnes, Robert F. Kennedy, and Daryl Hall were among Hall's celebrity impersonations. Hall had admired the show and its stars as a child, but he found the SNL environment to be far more competitive than he had imagined. \"My year there, I didn't have any breakout characters and I didn't really do the things I dreamed I would do,\" he said, \"but I still learned a lot and I value that.[22] I'll always be proud of the fact that I was a part of its history.\"[23] Hall was one of six cast members (the others being Joan Cusack, Robert Downey, Jr., Randy Quaid, and Terry Sweeney) who were dismissed at the end of that season.\n",
            "p5": "To avoid being typecast, Hall turned down roles written for him by John Hughes in Ferris Bueller's Day Off (Cameron Frye) and Pretty in Pink (Phil \"Duckie\" Dale), both in 1986.[9][24] Instead, he starred in the 1986 film Out of Bounds, Hall's first excursion into the thriller and action genre. The film grossed only $5 million domestically and was a critical and financial disappointment.[25] Critic Roger Ebert described Out of Bounds as \"an explosion at the clich\u00e9 factory,\"[26] and Caryn James from The New York Times claimed that not even \"Hall, who made nerds seem lovable in John Hughes' Sixteen Candles and The Breakfast Club, [could] do much to reconcile\" the disparate themes of the movie.[27]\n",
            "p6": "Hall was offered the starring role in the 1987 film Full Metal Jacket in a conversation with Stanley Kubrick, but after an eight-month negotiation, a financial agreement could not be reached.[22] \"It was a difficult decision, because in that eight-month period, I read everything I could about the guy, and I was really fascinated by him,\" Hall said when asked about the film. \"I wanted to be a part of that film, but it didn't work out. But all sorts of stories circulated, like I got on set and I was fired, or I was pissed at him for shooting too long. It's all not true.\"[22] He was replaced with Matthew Modine. His next film was 1988's Johnny Be Good, in which he worked with Uma Thurman and fellow Saturday Night Live cast member Robert Downey, Jr. The film was a critical failure, and some reviewers panned Hall's performance as a high school football star, stating that he, the movies' reigning geek, was miscast in the role. A review for The Washington Post claimed that the film was \"crass, vulgar, and relentlessly brain-dead.\"[28]\n"
        },
        {
            "header": "1990s",
            "p0": "After a two-year break due to a reported drinking problem,[3] Hall returned to acting by starring opposite Johnny Depp and Winona Ryder in Tim Burton's 1990 hit Edward Scissorhands, this time as the film's villain. By then in his 20s, he shifted to more mature roles, trying to establish himself as an adult actor. After Scissorhands, he appeared in a series of low-budget films, including the 1992 comedy Into the Sun, where he starred as a visiting celebrity at a military air base. Film critic Janet Maslin praised his performance, writing that \"Hall, whose earlier performances (in films like National Lampoon's Vacation and Sixteen Candles) have been much goofier, remains coolly funny and graduates to subtler forms of comedy with this role.\"[29] The following year, he played a gay man who teaches down-and-out Will Smith to dupe rich people in the critically acclaimed film Six Degrees of Separation; Hall claimed that it was \"the hardest role [he] ever had.\"[9]\n",
            "p1": "In 1994, Hall starred in and directed his first feature film, a low-budget Showtime comedy titled Hail Caesar about a would-be rock star who works in a pencil eraser factory. The film also co-starred Samuel L. Jackson, Robert Downey, Jr., and Judd Nelson. In addition, he produced the soundtrack for the film with composer Herbie Tribino. The film featured songs written and performed by Hall.\n",
            "p2": "After a series of appearances in low-budget films and guest roles on TV series in the mid and late 1990s, he gained media attention once again in the 1999 Emmy-nominated TNT original movie Pirates of Silicon Valley, co-starring Noah Wyle as Apple Computer's Steve Jobs. Hall was widely praised for his portrayal of Microsoft billionaire Bill Gates. \"I really fought for this part because I knew it would be the role of a lifetime,\"  Hall said. \"It was a thrill and a daunting challenge to play someone of his stature and brilliance.\"[30] Hall described his physical appearance as 20-year-old Gates to the San Francisco Chronicle:\n"
        },
        {
            "header": "2000s",
            "p0": "After making a cameo appearance as himself in the 2000 comedy film Happy Accidents, Hall appeared in several made-for-TV films. He starred opposite Sheryl Lee as a cheating husband in the 2001 USA Network cable movie Hitched. In the same year, he played renowned music producer Robert \"Mutt\" Lange in VH1's movie Hysteria: The Def Leppard Story and starred as legendary lefty baseball pitcher Whitey Ford in Billy Crystal's highly acclaimed HBO film, 61*.\n",
            "p1": "On the big screen, Hall took on supporting roles in the mystery-drama The Caveman's Valentine (2001) opposite Samuel L. Jackson, the critically panned Freddy Got Fingered (2001) opposite Tom Green, and the action-comedy All About the Benjamins (2002) opposite Ice Cube.\n",
            "p2": "Hall began his first regular series role in 2002, starring as Johnny Smith in USA Network's supernatural drama The Dead Zone, a TV series adapted from Stephen King's best-selling novel. He was cast in the show after executive producer Michael Piller saw his performance in Pirates of Silicon Valley.[22] The show debuted on June 16, 2002, and drew higher ratings for a premiere than any other cable series in television history[32] with 6.4 million viewers.[33] The Dead Zone quickly developed a loyal audience, with the show and Hall receiving strong reviews. The Pittsburgh Tribune-Review wrote that \"Hall's Johnny flashes the qualities - comic timing, great facial expressions - that made him a star in the 1980s movies Sixteen Candles and The Breakfast Club.\"[34] The Dead Zone, Hall said, \"has transformed my career.\"[35] The show proved to be one of USA Network's top shows and one of the highest-rated programs on basic cable.[36]\n",
            "p3": "The Dead Zone opening credits list Hall as co-producer (seasons 1\u20133), producer (seasons 5) and co-executive producer (season 6).[37] Hall also directed an episode from season three, \"The Cold Hard Truth,\" guest starring standup comic Richard Lewis. \"['The Cold Hard Truth'], I feel, is my best work as a director, because I had this great crew that knows me well and has been working with me,\" said Hall. \"I also had the best script that I've had an opportunity to direct.\"[38] The show's sixth and final season premiered on June 17, 2007.[39] USA Network officially canceled The Dead Zone in December 2007.[33]\n",
            "p4": "Hall appeared in the tenth episode of Criss Angel Mindfreak's fourth season.\n",
            "p5": "Hall develops film and television projects under his production company banner AMH Entertainment.[40] Hall starred in Aftermath, a 2010 independent crime-drama film, with Tony Danza and Frank Whaley. In 2008, Hall appeared as Gotham City television reporter/anchor Mike Engel in The Dark Knight.[41]\n"
        },
        {
            "header": "2010\u2013present",
            "p0": "Hall made guest appearances in two episodes of the sitcom Community.[42][43]\n",
            "p1": "Hall reprised his role as Rusty Griswold in 2012 in a series of Old Navy holiday commercials featuring the Griswold family. In 2011, he played the main antagonist in Season 3 of Warehouse 13. He played Walter Sykes, a man who once benefited from the use of an artifact but harboured a deep-seated anger towards the Warehouse and its agents when the artifact was taken from him (episodes 3.09, 3.11, 3.12).[citation needed] He also guest-starred in Z Nation in the role of Gideon, a former communications manager leading a group of zombie apocalypse survivors (only episode 2.11).\n",
            "p2": "In 2016, Hall plays himself as the customer being serviced in an AT&T Mobile commercial. The same year, Hall was cast in a recurring role on the TNT drama series Murder in the First.[44]\n",
            "p3": "Hall assists at-risk youth through his literacy program, The Anthony Michael Hall Literacy Club, in association with Chapman University.[40] The club provides an opportunity for the students to improve their literacy skills by exploring genres not typically used to enhance literacy, such as films, music and lyrics, scripts, and novels with audio. Following family tradition, Hall pursues his other passion, music. He is the lead singer and songwriter for his band, Hall of Mirrors, formed in 1998. The band released an album, Welcome to the Hall of Mirrors, through Hall's own RAM Records label in 1999, with collaborations from former Guns N' Roses guitarist Gilby Clarke and Prince's former keyboard player Tommy Barbarella.[23]\n",
            "p4": "On August 26, 2019, it was announced that Hall would join the cast as Tommy Doyle in the Halloween sequel, Halloween Kills.[45]\n",
            "p5": "Hall appeared as \"Rusty\" the security guard (original role played by John Candy) at the amusement park visited by the Goldberg family in the TV series The Goldbergs in their 2019 season premiere spoof of National Lampoon's Vacation.\n"
        }
    ]
}