{
    "id": "nm0064814",
    "name": "Sam Beazley",
    "career": [
        {
            "header": "empty",
            "p9": "Beazley was encouraged to become a professional actor in the 1930s as a teenager by his mother. After he had appeared in a London run of Where the Rainbow Ends, his mother secured him an introduction to John Gielgud. An invitation to join Gielgud's theatre company followed, and Beazley appeared in Gielgud's productions of Hamlet as the \"Player Queen\" (1934) and Romeo and Juliet as \"Paris\" (1935).[7] After Tatler's theatre critic negatively reviewed his performance in Romeo and Juliet, Beazley decided he \"simply hadn\u2019t got the knack\" for acting, and gave it up.[8]\n",
            "p10": "After serving in World War II, Beazley co-owned an antique shop for several decades. He returned to acting full time when he retired at 73,[9][10] and subsequently appeared in a variety of stage and film productions; as well he became a painter in his nineties.[11][12]\n"
        }
    ]
}