{
    "id": "nm0071416",
    "name": "Tina Benko",
    "career": [
        {
            "header": "empty",
            "p22": "Benko was nominated for a Lucille Lortel Award for her portrayal of Jacqueline Kennedy Onassis in Elfriede Jelinek's solo work Jackie in 2013 at the New York City Center. She won the St. Clair Bayfield Award for playing Titania in Julie Taymor's production of A Midsummer Night's Dream at Theatre for a New Audience.[2][3]  In 2019 she appeared in the off-Broadway play Eureka Day[4]\n",
            "p23": "Benko teaches at HB Studio[5] and Fordham University.[6] Benko also narrated Peter de Jonge's novel Shadows Still Remain.[7]\n"
        }
    ]
}