{
    "id": "nm0048389",
    "name": "Dee Bradley Baker",
    "career": [
        {
            "header": "empty",
            "p17": "Baker moved to Southern California about a year before the 1994 Northridge earthquake.[3] He got involved in voice-over work; his first major character was Cow & Chicken's dad in the Cow & Chicken and I Am Weasel cartoons.[8] His first feature film voice-over was on the basketball-themed Looney Tunes film Space Jam where he voiced Daffy Duck, Taz and Toro.[8] He did voice work for various episodic and recurring cartoon characters in The Real Adventures of Jonny Quest,[14] Johnny Bravo, Dexter's Laboratory,[15] SpongeBob SquarePants,[16] and The Powerpuff Girls.[17] He voiced starring characters Og in Mike, Lu & Og[18] and Bagheera in the second season of Jungle Cubs.[19] In 2001, he added voice roles for Sanjay, Binky and other characters for The Fairly OddParents[20][21] and co-starred as Mandy's father on Billy and Mandy.[22][21] He had a lead role as Numbuh 4 in Codename: Kids Next Door.[23]\n",
            "p18": "On the live-action front, he became the co-host and announcer for the game show Shop 'til You Drop which spanned several hundred episodes when it resumed broadcasting on the Family Channel and on the Pax television network, until a series retool in 2003; it was produced by Stone Stanley Entertainment, which had earlier co-produced Legends of the Hidden Temple.[24] He also had an on-screen recurring role as Phil Berg in the Nickelodeon sitcom series The Journey of Allen Strange where he plays a crazed journalist who tries to expose Allen's identity as a space alien.[25]\n"
        },
        {
            "header": "Animal and creature characterizations",
            "p0": "Starting with gigs on The Wild Thornberrys, he voiced an assortment of animal characters, which would become one of his specialties.[21] He voiced Pig George in the live action animal film My Brother the Pig.[26] Baker has also been involved with television shows for younger children including: Dora the Explorer where he provided animal sounds;[27] Mickey Mouse Clubhouse where he voices Boo Boo Chicken;[28] Curious George where he voices Gnocchi;[29] My Friends Tigger & Pooh where he voices Buster the dog[30] and Jake and the Neverland Pirates (airing on Disney Junior) where he voices Tick-Tock the crocodile.[21] In Avatar: The Last Airbender where he voiced the creatures Appa and Momo[31] and would soon voice many other creatures in the series as well as its sequel, The Legend of Korra, where he voices Naga, Pabu and Oogi. He voiced in the American Dragon: Jake Long[32] and Ben 10 series, the latter of which he voiced many alien creatures such as Stinkfly and Wildmutt, as well as some of the transformations.[21][33] He also voiced in the Ben 10 sequels such as Ben 10: Alien Force,[34] Ben 10: Ultimate Alien and Ben 10: Omniverse, as well as its live-action adaptations and the show's reboot.[21][35][36] Derrick J. Wyatt, who was the art director for Omniverse, noted that they had to allow other voice actors to do some of the aliens in the later series because Baker was doing almost all of them and some of the characters were putting a strain on his throat.[36] Outside of television, he provided the voice of Captain Jack Sparrow's talking parrot in the refurbished Pirates of the Caribbean rides at Disneyland and the Magic Kingdom.[9][37]\n",
            "p1": "In 2007, Baker got the role of Perry the Platypus in the Disney series Phineas and Ferb. At the San Diego Comic-Con 2013 panel, Baker mentioned that when he auditioned, he was asked to provide three different creature sounds, regardless of whether it actually sounded like a platypus, of which one was selected as Perry's characteristic sound.[38] Perry has become a breakout character for the series,[39] with Baker appearing at multiple Comic-Con panels for the show.[38] In 2014, Perry was nominated for a Nickelodeon Kids' Choice Award for Best Animal Sidekick. Coincidentally, another one of Baker's voiced characters, Waddles the pet pig in Gravity Falls, was nominated for the same category.[40]\n"
        },
        {
            "header": "Further animation voice-over work",
            "p0": "In 2005, Baker landed a role as Klaus Heisler, an Olympic ski jumper from Germany who was body-swapped into a goldfish, in the primetime cartoon sitcom American Dad![41][42] The series has run for over 15 seasons on Fox and TBS. In an interview with Pop Break, Baker said that he liked playing Klaus because he loves the German language, the part was well written, and it is not stressful on his voice. He compared the rehearsals to being on The Carol Burnett Show.[43] He participated in American Dad panels at San Diego Comic-Con 2010[44] 2012,[45] and 2014;[46] and the New York Comic-Con in 2014.[47] In 2017, he received a nomination for the Primetime Emmy Award for Outstanding Character Voice-Over Performance for Klaus in the episode \"Fight or Flight\".[4]\n",
            "p1": "His voicing of council member Tarrlok in Korra garnered a nomination for the Behind the Voice Actors (BTVA) Voice Acting Award in 2012.[48][49][50][51] In addition to television shows, Baker voiced characters in many animated and live action animation films, including some of the classic ghost monsters in Scooby-Doo 2: Monsters Unleashed,[52] and Maurice in Happy Feet.[21] He also had roles in the Scooby-Doo! Mystery Incorporated TV series and its direct-to-video releases.[21]\n",
            "p2": "Baker was involved in the Star Wars: The Clone Wars film released in 2008 and its television series afterwards which ran for seven seasons. He provided the voices for not only the characters Captain Rex and Commander Cody, but also all the supporting clone troopers,[53][54][55] the last of which he received an Annie Award nomination for Voice Acting in a Television Production in 2012.[56] He has also reprised the role of the of Captain Rex in Star Wars Rebels, beginning with its second season. He also provided the voice of Boba Fett for Star Tours \u2013 The Adventures Continue.[9] In the 2011 Family Guy episode \"It's a Trap!\", a parody of the Star Wars film Return of the Jedi, he voiced Klaus as Admiral Ackbar.[57] In 2021, he reprised the role of the clones in the Clone Wars spin-off The Bad Batch, including the titular group of experimental clones.[58][59]\n"
        },
        {
            "header": "Video games, more voice acting, and other projects",
            "p0": "In the video game world, Baker reprised his roles in Cartoon Network and Nickelodeon's multitude of show-related game releases. He also voiced Gravemind in Halo 2 and Halo 3,[21] and the title character Joe in the Viewtiful Joe series released from 2003 to 2005.[60] He provided the creature sounds for the Spore video game which allows players to create and evolve their own creatures.[61][62] At San Diego Comic-Con 2008's opening night, he was a featured performer at the Video Games Live concert, where he voiced characters from Gears of War and other series.[63] He provided voices for two Blizzard Entertainment characters \u2013 Murky, a baby murloc in Heroes of the Storm, and Hammond, a genetically engineered hamster in Overwatch.[64] He is also the voice of Atlas and P-body in Portal 2, released in 2011.[65]\n",
            "p1": "In 2014, Baker continued participating in American Dad, Gravity Falls, and a fourth season of The Legend of Korra. He voiced Dopey in the Disney XD series The 7D;[66] and Fish, Wheels and Bucket in The Boxtrolls film,[67][68][69] in which he was nominated for an Annie Award for voicing Fish.[70][71] In the Lego Batman 3: Beyond Gotham video game, he voiced Brainiac.[72] He voiced George Clooney and his dog in \"The Animated Episode\" of the TV Land series Hot in Cleveland.[73] In 2020, he voiced the hero Leef in Rocket Arena.[74]\n",
            "p2": "Baker has appeared on various panels at Comic-Con and other conventions where he talks about voice acting in general.[75] He also created a website called IWantToBeAVoiceActor.com, where he answers frequently-asked questions about voice acting and gives advice.[68] The site has been cited by fellow voice actors Steven Blum and Rob Paulsen as a valuable resource for getting into voice acting.[76][77]\n"
        }
    ]
}