{
    "id": "nm0000410",
    "name": "Stephen Fry",
    "career": [
        {
            "header": "Comedy",
            "p0": "Fry's career in television began with the 1982 broadcasting of The Cellar Tapes, the 1981 Cambridge Footlights Revue[40] which was written by Fry, Hugh Laurie, Emma Thompson, and Tony Slattery. The revue caught the attention of Granada Television, who, keen to replicate the success of the BBC's Not the Nine O'Clock News, hired Fry, Laurie and Thompson to star alongside Ben Elton in There's Nothing to Worry About! A second series, retitled Alfresco, was broadcast in 1983, and a third in 1984; it established Fry and Laurie's reputation as a comedy double act. In 1983, the BBC offered Fry, Laurie and Thompson their own show, which became The Crystal Cube, a mixture of science fiction and mockumentary that was cancelled after the first episode. Undeterred, Fry, Laurie and Thompson appeared in \"Bambi\", an episode of The Young Ones from 1984 where they parodied themselves as the University Challenge representatives of \"Footlights College, Oxbridge\",[41] and Fry also appeared in Ben Elton's 1985 Happy Families series. In April 1986, Fry was among the British comedians who appeared in the first live telethon Comic Relief.[42] In 1986 and 1987, Fry and Laurie performed sketches on the LWT/Channel 4 show Saturday Live.\n",
            "p1": "In 1986 the BBC commissioned a sketch show that was to become A Bit of Fry & Laurie. Following a 1987 pilot, the programme ran for 26 episodes across four series between 1989 and 1995. During this time, Fry starred in Blackadder II as Lord Melchett, made a guest appearance in Blackadder the Third as the Duke of Wellington, then returned to a starring role in Blackadder Goes Forth, as General Melchett. In a 1988 television special, Blackadder's Christmas Carol, he played the roles of Lord Melchett and Lord Frondo. Between 1990 and 1993, Fry starred as Jeeves (alongside Hugh Laurie's Bertie Wooster) in Jeeves and Wooster, 23 hour-long adaptations of P. G. Wodehouse's novels and short stories.[43]\n",
            "p2": "Towards the end of 2003, Fry starred alongside John Bird in the television adaptation of Absolute Power, previously a radio series on BBC Radio 4. In 2010, Fry took part in a Christmas series of short films called Little Crackers. His short was based on a story from his childhood at school.[44] He appeared as the Christian God in 2011's Holy Flying Circus. In January 2016, it was announced that Fry would be appearing as the character \"Cuddly Dick\" in Series 3 of the Sky One family comedy Yonderland.[45] In 2016, Fry had a lead role in the American sitcom The Great Indoors. He portrayed an outdoor magazine publisher helping to ease his best worldly reporter (Joel McHale) into a desk job.[46] The show was cancelled after one season.[47]\n",
            "p3": "He reprised his role as (a descendant of) Lord Melchett for The Big Night In, a 20 April 2020 telethon held during the COVID-19 pandemic, for a skit in which he held a video call with Prince William, Duke of Cambridge, who made a surprise appearance.[48][49]\n"
        },
        {
            "header": "Drama",
            "p0": "Fry has appeared in a number of BBC adaptations of plays and books, including a 1992 adaptation of the Simon Gray play The Common Pursuit (he had previously appeared in the West End stage production); a 1998 Malcolm Bradbury adaptation of the Mark Tavener novel In the Red, taking the part of the Controller of BBC Radio 2; and in 2000 in the role of Professor Bellgrove in the BBC serial Gormenghast, which was adapted from the first two novels of Mervyn Peake's Gormenghast series. In 2011, Fry portrayed Professor Mildeye in the BBC adaptation of Mary Norton's 1952 novel The Borrowers.[50]\n",
            "p1": "Fry narrated the first two seasons of the English-language version of the Spanish children's animated series Pocoyo.[51][52] From 2007 to 2009, Fry played the lead role in (and was executive producer for) the legal drama Kingdom, which ran for three series on ITV1.[53] He has also taken up a recurring guest role as FBI psychiatrist Dr. (later chef) Gordon Wyatt in the popular American drama Bones. In 2010, having learned some Irish for the role,[54] he filmed a cameo role in Ros na R\u00fan, an Irish-language soap opera broadcast in Ireland, Scotland and the US.[55][56][57] In 2014, he began starring alongside Kiefer Sutherland and William Devane in 24: Live Another Day as British Prime Minister Alastair Davies.[58]\n",
            "p2": "In November 2019, it was announced that Fry would guest star in \"Spyfall\", the two-part opening episode of Doctor Who's twelfth series, which was broadcast on New Year's Day 2020.[59][60]\n"
        },
        {
            "header": "Documentaries",
            "p0": "Fry's first documentary was the Emmy Award-winning Stephen Fry: The Secret Life of the Manic Depressive in 2006.[61] The same year, he appeared on the BBC's genealogy series Who Do You Think You Are?, tracing his maternal family tree to investigate his Jewish ancestry.[62] Fry narrated The Story of Light Entertainment, which was shown from July\u2013September 2006.[63] In 2007, he presented a documentary on the subject of HIV and AIDS, HIV and Me.[64]\n",
            "p1": "On 7 May 2008, Fry gave a speech as part of a series of BBC lectures on the future of public service broadcasting in the United Kingdom,[65] which he later recorded for a podcast.[66] His six-part travel series Stephen Fry in America began on BBC One in October 2008, and saw him travel to each of the 50 US states.[67] In the same year, he narrated the nature documentaries Spectacled Bears: Shadow of the Forest for the BBC Natural World series. In the 2009 television series Last Chance to See, Fry and zoologist Mark Carwardine sought out endangered species, some of which had been featured in Douglas Adams' and Carwardine's 1990 book and radio series of the same name.[68]\n",
            "p2": "In August 2011, Stephen Fry's 100 Greatest Gadgets was shown on Channel 4 as one of the 100 Greatest strand.[69] His choice for the greatest gadget was the cigarette lighter, which he described as \"fire with a flick of the fingers\".[69] In the same month, the nature documentary series Ocean Giants, narrated by Fry, premiered. In September 2011, Fry's Planet Word, a five-part documentary about language, aired on BBC HD and BBC Two.[70][71] In November 2011, an episode of Living The Life featured Fry in an intimate conversation discussing his life and career with The Rolling Stones' bass player Bill Wyman.[72]\n",
            "p3": "At the 2012 Pride of Britain Awards shown on ITV on 30 October, Fry, along with Michael Caine, Elton John, Richard Branson and Simon Cowell, recited Rudyard Kipling's poem \"If\u2014\" in tribute to the 2012 British Olympic and Paralympic athletes.[73] In November 2012, Fry hosted a gadgets show called Gadget Man, exploring the usefulness of various gadgets in different daily situations to improve the livelihoods of everyone.[74] In October 2013, Fry presented Stephen Fry: Out There, a two-part documentary in which he explores attitudes to homosexuality and the lives of gay people in different parts of the globe.[75]\n",
            "p4": "On Christmas Day 2013, Fry featured with adventurer Bear Grylls in an episode of Channel 4's Bear's Wild Weekends. Over the course of two days, in the Italian Dolomites, Fry travelled on the skids of a helicopter, climbed down a raging 500-foot waterfall, slept in a First World War trench and abseiled down a towering cliff face.[32] In June 2015, Fry was the guest on BBC Radio 4's Desert Island Discs. His favourite piece was the String Quartet No. 14 by Beethoven. His book choice was Four Quartets by T. S. Eliot and his luxury item was \"canvasses, easels, brushes, an instruction manual\".[76]\n"
        },
        {
            "header": "QI",
            "p0": "In 2003, Fry began hosting QI (Quite Interesting), a comedy panel game television quiz show. QI was created and co-produced by John Lloyd, and features permanent panellist Alan Davies. QI has the highest viewing figures for any show on BBC Four and Dave (formerly UKTV G2).[77][78] In 2006, Fry won the Rose d'Or award for \"Best Game Show Host\" for his work on the series. In October 2015, it was announced that Fry would retire as the host of QI after the \"M\" series, and he was replaced by Sandi Toksvig.[79]\n"
        },
        {
            "header": "Film",
            "p0": "Having made his film d\u00e9but in the 1985 film The Good Father, Fry had a brief appearance in A Fish Called Wanda (in which he is knocked out by Kevin Kline, who is posing as an airport security man), and then appeared as the eponymous Peter in Kenneth Branagh's Peter's Friends in 1992. In the 1994 romantic comedy film I.Q., he played the role of James Moreland. Portraying his idol Oscar Wilde (of whom he had been an ardent admirer since the age of 13) in the 1997 film Wilde, he fulfilled the role to critical acclaim.[80] It earned him a Golden Globe nomination for Best Actor \u2013 Drama. In 1997, he also had a cameo in the Spice Girls film Spice World.[81] A year later, Fry starred in David Yates' small independent film The Tichborne Claimant, and in 2001, he played the detective in Robert Altman's period costume drama, Gosford Park. In the same year, he also appeared in the Dutch film The Discovery of Heaven, directed by Jeroen Krabb\u00e9 and based on the novel by Harry Mulisch.\n",
            "p1": "In 2003, Fry made his directorial d\u00e9but with Bright Young Things, adapted by him from Evelyn Waugh's Vile Bodies. In 2001, he began hosting the BAFTA Film Awards, a role from which he stepped down in 2006.[82] Later that same year, he wrote the English libretto and dialogue for Kenneth Branagh's film adaptation of The Magic Flute.[83]\n",
            "p2": "Fry continues to make regular film appearances, notably in treatments of literary cult classics. He portrayed Maurice Woodruff in The Life and Death of Peter Sellers, served as narrator in the 2005 film version of The Hitchhiker's Guide to the Galaxy, and in 2005 appeared in both A Cock and Bull Story, based on Tristram Shandy, and V for Vendetta, as a closeted TV presenter who challenges the fascist state. The Wachowskis pointed out that it was Fry's \"normalcy\" in the face of the insanity of the censorship of BTV that makes his character truly powerful and adds a \"wholly unexpected dimension to the film\".[84] In 2006, he played the role of gadget-master Smithers in Stormbreaker, and in 2007, he appeared as himself hosting a quiz in St Trinian's. In 2007, Fry wrote, for director Peter Jackson, a script for a remake of The Dam Busters.[85] That year he also appeared in Eichmann (2007).[86]\n",
            "p3": "Fry was offered a role in Valkyrie, but was unable to participate.[87] Fry starred in the Tim Burton version of Alice in Wonderland, as the voice of the Cheshire Cat.[88] He played Mycroft Holmes in the 2011 film Sherlock Holmes: A Game of Shadows, directed by Guy Ritchie.[89] He portrayed the Master of Lake-town in two of Peter Jackson's three film adaptation of J. R. R. Tolkien's The Hobbit: the second The Hobbit: The Desolation of Smaug,[90] and the third The Hobbit: The Battle of the Five Armies. Fry also starred in the 2018 heist comedy film The Con Is On, previously titled The Brits Are Coming.[91]\n"
        },
        {
            "header": "Radio",
            "p0": "Fry came to the attention of radio listeners with the 1986 creation of his alter-ego, Donald Trefusis, whose \"wireless essays\" were broadcast on the BBC Radio 4 programme Loose Ends. In the 1980s, he starred as David Lander in four series of the BBC Radio 4 show Delve Special, written by Tony Sarchet, which then became the six-part Channel 4 series This is David Lander in 1988. In 1988, Fry wrote and presented a six-part comedy series entitled Saturday Night Fry. Frequent radio appearances have ensued, notably on panel games Just a Minute and I'm Sorry I Haven't a Clue. In 2000, he began starring as Charles Prentiss in the Radio 4 comedy Absolute Power, reprising the role for three further series on radio, and two on television. In 2002, he played The Minister of Chance in the Doctor Who audio drama Death Comes to Time.[92] In 2002, Fry was one of the narrators of A.A. Milne's Winnie-the-Pooh and The House at Pooh Corner, in which he voiced Winnie-the-Pooh. He presented a 20-part, two-hour series, The Incomplete and Utter History of Classical Music, a \"witty guide\" to the genre over the past 1,000 years, on Classic FM. In 2004 he was the narrator for an adaptation of Vanity Fair on BBC Radio 4.[93]\n",
            "p1": "In 2007, he hosted Current Puns, an exploration of wordplay, and Radio 4: This Is Your Life, to celebrate the radio station's 40th anniversary. He also interviewed the Prime Minister Tony Blair as part of a series of podcasts released by 10 Downing Street.[94] In February 2008, Fry began presenting podcasts entitled Stephen Fry's Podgrams, in which he recounts his life and recent experiences.[95] In July 2008, he appeared as himself in I Love Stephen Fry, an Afternoon Play for Radio 4 written by former Fry and Laurie script editor Jon Canter.[96]\n",
            "p2": "Since August 2008, he has presented Fry's English Delight, a series on BBC Radio 4 about the English language.[97] As of 2021, it has been running for ten series and 37 episodes. In the summer 2009 series of I'm Sorry I Haven't a Clue, Fry was one of a trio of hosts replacing Humphrey Lyttelton (the others being Jack Dee and Rob Brydon).[98] In 2012, he appeared as a guest panellist in the BBC Radio 4 comedy panel show Wordaholics.[99] In September 2012, he guest-starred as himself in the audio comedy drama We Are The BBC, produced by the Wireless Theatre Company, written by Susan Casanove.[100]\n"
        },
        {
            "header": "Theatre",
            "p0": "Fry wrote the play Latin! or Tobacco and Boys for the 1980 Edinburgh Festival, where it won the Fringe First prize.[101] It had a revival in 2009 at London's Cock Tavern Theatre, directed by Adam Spreadbury-Maher.[102] The Cellar Tapes, the Footlights Revue of 1981, won the Perrier Comedy Award. In 1984, Fry adapted the hugely successful 1930s musical Me and My Girl for the West End, where it ran for eight years and received two Laurence Olivier Awards. The show transferred to Broadway and Fry was nominated for a Tony Award for his adaptation.[103]\n",
            "p1": "Fry was cast in Simon Gray's The Common Pursuit for its first staging in the West End on 7 April 1988, with Rik Mayall, John Sessions, Sarah Berger, Paul Mooney and John Gordon Sinclair, directed by Simon Gray.[104] He was also cast in a lead role in Simon Gray's 1995 play Cell Mates, which he left three days into the West End run, pleading stage fright. He later recalled the incident as a hypomanic episode in his documentary about bipolar disorder, The Secret Life of the Manic Depressive. In 2007, Fry wrote a Christmas pantomime, Cinderella, which ran at London's Old Vic Theatre.[105]\n",
            "p2": "Fry is a long-standing fan of the anarchic British musical comedy group the Bonzo Dog Doo-Dah Band, and particularly of its eccentric front man, the late Vivian Stanshall. Fry helped to fund a 1988 London re-staging of Stanshall's Stinkfoot, a Comic Opera, written by Vivian and Ki Longfellow-Stanshall for the Bristol-based Old Profanity Showboat. Fry performed several of Stanshall's numbers as part of the Bonzos' 2006 reunion concert at the London Astoria. He also appeared as a shiny New Millennium Bonzo on their post-reunion album, Pour l'Amour des Chiens, on which he recited a recipe for \"Salmon Proust\", played a butler in \"Hawkeye the Gnu\", and voiced ads for the fictitious \"Fiasco\" stores. Following three one-man shows in Australia, Fry announced a 'sort of stand-up' performance at the Royal Albert Hall in London for September 2010.[106]\n",
            "p3": "In 2009, Fry provided the voice of St Peter for Liberace, Live From Heaven by Julian Woolford at London's Leicester Square Theatre. In September 2012, Fry made a return to the stage at Shakespeare's Globe, appearing as Malvolio in a production of William Shakespeare's Twelfth Night, which transferred to the West End in November 2012.[107][108] He received excellent reviews.[107][108] The production transferred to Broadway, with Opening Night on 10 November 2013. Fry was nominated for a Tony in the category Best Performance by an Actor in a Featured Role in a Play for the Broadway revival.[109][110] In August 2013, he lent his voice to the title role in Benjamin Britten's operetta Paul Bunyan at the Wales Millennium Centre with the Welsh National Youth Opera.[111]\n",
            "p4": "In July 2014, Fry appeared on stage with Monty Python on the opening night of their live show Monty Python Live (Mostly). Fry was the special guest in their \"Blackmail\" sketch.[112] On 17 September 2015, Fry shared the role of the Narrator in The Rocky Horror Show which was staged at London's Playhouse Theatre and broadcast as the Rocky Horror Show Live.[113] From May to July 2018, Fry appeared in Mythos: A Trilogy, a stage version of his book Mythos, in the Shaw Festival Theatre in Niagara-on-the-Lake, Ontario. This comprised a set of three one-man shows (titled Gods, Heroes and Men), each two hours in length, which were performed consecutively, multiple times during the show's run.[114] The production received its European premiere in August 2019 at the Edinburgh International Festival.[115] In September 2020, Fry was among the stars to mark the 100th anniversary of Sir No\u00ebl Coward\u2019s West End debut with a stage celebration titled \"A Marvellous Party\".[116]\n"
        },
        {
            "header": "Audiobooks",
            "p0": "Fry has been the reader for the British versions of all of J. K. Rowling's Harry Potter series of audiobooks. He discussed this project in an interview with Rowling in 2005.[117] He has also read for Douglas Adams' The Hitchhiker's Guide to the Galaxy film tie-in edition and has made recordings of his own books, such as The Stars' Tennis Balls and Moab Is My Washpot, and of works by Roald Dahl, Michael Bond, A. A. Milne, Anthony Buckeridge, Eleanor Updale, George Orwell, and Alexander Pushkin. In 2008, Fry's narration for Bond's Paddington Bear story More About Paddington (1959) saw him receive the Audie Award for Young Listeners' Title from the Audio Publishers Association in the U.S.[6] In June 2015, Fry backed children's fairy tale app GivingTales in aid of UNICEF together with other British celebrities Sir Roger Moore, Ewan McGregor,  Joanna Lumley, Michael Caine, David Walliams, Dame Joan Collins, Charlotte Rampling, Paul McKenna and Michael Ball.[118]\n",
            "p1": "In 2015, Fry made a live audio recording of the winning short story of the annual RA & Pin Drop Short Story Award, Ms. Featherstone and the Beast by Bethan Roberts, at a ceremony held at the Royal Academy of Arts in London.[119] In February 2017, Audible released Sherlock Holmes: The Definitive Collection, a complete collection of Sherlock Holmes stories, all read by Fry, who also narrated an introduction for each novel or collection of stories. In 2017, Fry also released his own audio book on Audible, titled Mythos,[120] which he both wrote and narrated. In 2018, Fry released a follow-up to Mythos, titled Heroes.[121] In June 2020, it was announced that Fry would read J. K. Rowling's children's book, The Ickabog.[122]\n",
            "p2": "Fry is the patron of the audiobook charity Listening Books.[123] Fry said of his patronage, \"I\u2019m proud and delighted to be patron of the first audiobook charity to offer downloads to its members and excited about what this will mean for all print impaired people who can now listen on-the-go.\"[123]\n"
        },
        {
            "header": "Video games",
            "p0": "Fry's voice has been featured in a number of video games, including an appearance as Reaver, an amoral supporting character in Lionhead Studios games Fable II and Fable III, and as the narrator of the LittleBigPlanet series.[124][125] He also narrated the first four Harry Potter games: Philosopher's Stone, Chamber of Secrets, Prisoner of Azkaban, and Goblet of Fire. He also narrates a section of Bungie's Destiny 2 expansion Warmind as the \"Concierge\"; an AI that, when interacted with at certain points, will give the player background information on Bray Exoscience.[126]\n"
        },
        {
            "header": "Websites and applications",
            "p0": "In 2010, Fry became an investor in Pushnote,[127] a UK tech startup. Similar to Google Sidewiki, Pushnote was a browser add-on that enabled users to leave comments on any site they visit. The following year, Fry announced the Pushnote launch to his then 2 million Twitter followers. Both Pushnote and Sidewiki were discontinued the following year.[128]\n"
        },
        {
            "header": "Advertising",
            "p0": "Fry has appeared in numerous advertisements, predominantly on UK television \u2013 either on-screen or in voice-over \u2013 starting with an appearance as \"Count Ivan Skavinsky Skavar\" in a 1982 advert for Whitbread Best Bitter. Fry has said, in his memoirs, that after receiving his payment for this work \u2013 \u00a325,000 \u2013 he has never subsequently experienced \"what one could call serious money troubles\".[129] He has since appeared in adverts for products and companies such as Marks & Spencer, Twinings, Kenco, Vauxhall Motors, Honda, Calpol, Heineken, Alliance & Leicester (a series of adverts which also featured Hugh Laurie),[130] After Eight mints, Direct Line insurance (with Paul Merton), Trebor mints, Virgin Media, Walkers potato crisps (fronting a new flavour),[131] and Sainsbury's supermarket.[132] He filmed a 2016 advertisement where he explains the essence of British culture to foreigners arriving at London's Heathrow Airport.[133]\n"
        },
        {
            "header": "Writing",
            "p0": "Since the publication of his first novel, The Liar (1991), Fry has written three further novels, several non-fiction works and three volumes of autobiography. Making History (1996) is partly set in an alternative universe in which Adolf Hitler's father is made infertile and his replacement proves a more effective F\u00fchrer. The book won the Sidewise Award for Alternate History. The Hippopotamus (1994) is about Edward (Ted/Tedward) Wallace and his stay at his old friend Lord Logan's country manor in Norfolk. The Hippopotamus was later adapted into a 2017 film.[134] The Stars' Tennis Balls (2000) is a modern retelling of The Count of Monte Cristo. Fry's book The Ode Less Travelled: Unlocking the Poet Within is a guide to writing poetry.\n",
            "p1": "When writing a book review for Tatler, Fry wrote under a pen name, Williver Hendry, editor of A Most Peculiar Friendship: The Correspondence of Lord Alfred Douglas and Jack Dempsey, a field close to his heart as an Oscar Wilde enthusiast. Once a columnist in The Listener and The Daily Telegraph, he now writes a weekly technology column in the Saturday edition of The Guardian. His blog attracted more than 300,000 visitors in its first two weeks.[67]\n",
            "p2": "In May 2009, Fry unveiled The Dongle of Donald Trefusis, an audiobook series following Donald Trefusis (a fictional character from Fry's novel The Liar and from the BBC Radio 4 series Loose Ends), set over 12 episodes.[135] After its release, it reached No. 1 on the UK Album Chart list. Ultimately however only three episodes were released, the rest with the note 'exact release date pending'. Fry's use of the word \"luvvie\" (spelled \"lovie\" by Fry), in The Guardian on 2 April 1988, is given by the Oxford English Dictionary as the earliest recorded use of the word as a humorous synonym for \"actor\".[136]\n",
            "p3": "Fry was, at one time, slated to adapt A Confederacy of Dunces by John Kennedy Toole for the big screen.[137]\n"
        },
        {
            "header": "Other work",
            "p0": "In 2011, Fry appeared on Kate Bush's album 50 Words for Snow, featuring on the title track where he recites a list of surreal words to describe snow.[138]\n"
        },
        {
            "header": "Twitter",
            "p0": "Fry wields a considerable amount of influence through his use of Twitter.[139][140] He is frequently asked to promote various charities and causes, often inadvertently causing their websites to crash because of the volume of traffic generated by his large number of followers; as Fry notes on his website: \"Four thousand hits a second all diving down the pipeline at the same time for minutes on end.\"[141] He uses his influence to recommend underexposed musicians and authors (who often see large increases in web hits and sales)[142][143] and to raise awareness of contemporary issues in the world of media and politics, notably the dropping of an injunction against The Guardian[144][145] and public anger over Daily Mail columnist Jan Moir's article on the death of Boyzone member Stephen Gately.[146][147]\n",
            "p1": "In November 2009, Fry's Twitter account reached one million followers. He commemorated the million-followers milestone with a humorous video blog in which a 'Step Hen Fry' clone speaks from the year 2034, where MySpace, Facebook and Twitter have combined to form 'Twit on MyFace'.[148] In November 2010, he welcomed his two-millionth follower with a blog entry detailing his opinions and experiences of Twitter.[149] On 11 March 2012, Fry noted his passing of the four-million-followers mark with a tweet: \"Lordy I've breasted the 4 million followers tape. Love you all. Yes even YOU. But let's dedicate today to Douglas Adams's diamond jubilee\".[150] As of June\u00a02021[update] he had 12.4\u00a0million followers.[151]\n",
            "p2": "Fry has a history of temporarily distancing himself from the social networking site which began when he received criticism in October 2009. However, he retracted the announcement that he would be leaving the following day.[152] In October 2010, Fry left Twitter for a few days, with a farewell message of \"Bye bye\", following press criticism of a quote taken from an interview he had given. After returning, he explained that he had left Twitter to \"avoid being sympathised with or told about an article\" he \"would otherwise never have got wind of\".[153] In some quarters, the general methods Fry uses on Twitter have been criticised.[154] On 15 February 2016, Fry deleted his Twitter account, after receiving criticism for a tweet about Jenny Beavan and her dress.[155] Fry alluded to this on an April 2016 episode of The Rubin Report in which he criticised groupthink mentality and stated that his return to Twitter was a \"maybe\".[156][157] He returned to Twitter in August 2016.[158] He left Twitter again in November 2022,[159] joining Mastodon that same month.[160]\n"
        }
    ]
}