{
    "id": "nm0005583",
    "name": "Serena Scott Thomas",
    "career": [
        {
            "header": "empty",
            "p38": "Scott Thomas is known for her portrayal of Diana, Princess of Wales, in the television mini-series Diana: Her True Story (1993), and for playing the lead in the TV film Harnessing Peacocks (1993) and Dr. Molly Warmflash in the James Bond film The World Is Not Enough (1999). She played a villainous \"watcher\" in the Buffy the Vampire Slayer episode \"Revelations\" (1998) and also starred in the short-lived series All Souls (2001), as well as playing Bruce Willis's wife in the film Hostage (2005). She appeared on the television shows Nip/Tuck and N.C.I.S.[citation needed] and starred in the film Brothel (2008). She played the role of Carole Middleton, mother of Kate Middleton, in William & Kate: The Movie, a biopic of Kate's romance with Prince William.\n"
        }
    ]
}