{
    "id": "nm0000892",
    "name": "Jason Beghe",
    "career": [
        {
            "header": "empty",
            "p4": "Prior to his acting career, Beghe worked as a model in Europe.[10] He had his feature film debut in the 1985 film Compromising Positions, starring Susan Sarandon, and in 1986 had his first recurring role on television on the HBO situation comedy series 1st & Ten.[1] He starred alongside O. J. Simpson and Sam J. Jones in HBO's sequel to 1st & Ten titled Training Camp: The Bulls Are Back, and John Voorhees of The Seattle Times wrote: \"The cast, which includes O.J. Simpson, Sam Jones and newcomer Jason Beghe, is first-rate.\"[11]\n",
            "p5": "In 1988, he starred in the film Monkey Shines: An Experiment In Fear, directed by George A. Romero.[12] He portrayed Allan Mann, a law student made quadriplegic when hit by a truck in the opening credits of the film.[13] The Philadelphia Inquirer gave a positive review of Beghe's performance in Monkey Shines: \"Acting only with his face and voice, Jason Beghe is terrific at conveying the mounting anger and rage of an active man made passive\".[14] David Foil of The Advocate described Beghe's performance as \"remarkable simply for meeting the demands of the character\".[15]\n",
            "p6": "Beghe played an ice hockey star in the Perry Mason TV film The Case of the All-Star Assassin, an NBC-TV telefeature broadcast November 19, 1989.[16] In 1991, he played a State Trooper in the film Thelma & Louise (reuniting him with Sarandon, with whom he'd appeared in Compromising Positions),[17] and was Demi Moore's love interest in the 1997 film G.I. Jane.[18] He had recurring roles on Picket Fences and Melrose Place, and became a cast member of Chicago Hope in 1997, portraying electrician Danny Blaines opposite romantic interest Dr. Austin played by Christine Lahti.[19] In a 1997 interview in The Boston Herald, Beghe spoke about his respect for his fellow cast members in Chicago Hope: \"I think it's the best cast assembled that I've ever seen. One for one, they're incredible. And to work with Christine Lahti? I'd drop a lot of things for that. She's so good and smart and dedicated. I've become a better actor just for working with her.\"[19] He commented on his character on Melrose Place, a closeted military officer who had feelings for Matt, played by Doug Savant: \"I thought we should kiss, but it was too much. TV is a very specific medium, and you're naive if you think that everything is just based on artistic decisions. If it prevents them from selling some products, that's a major consideration. But I'm an actor. I'll do whatever it takes.\"[19] In 1993, Beghe played Lt. Pat Rudledge in the television drama series Matlock.\n",
            "p7": "Beghe co-starred with Moira Kelly in the 1998 CBS television drama series To Have & to Hold, where he played police officer Sean McGrail.[20] Mike Duffy of the Detroit Free Press wrote: \"There is an affectionate romantic sizzle between the ruggedly handsome Beghe (\"G.I. Jane\") and the dark-haired, unconventionally attractive Kelly (\"Little Odessa\").\"[21] Kinney Littlefield of the Orange County Register said that \"Beghe and Kelly have charm.\"[22]\n",
            "p8": "Beghe appeared in acting roles on Numb3rs, CSI: NY, Everwood, Criminal Minds, Veronica Mars, \"Jag\" and Cane.[23][24][25][26] Beghe portrayed exorcist Ray Purvis in the 2008 horror film One Missed Call.[27][28] In 2009, Beghe had a guest-starring role on the television show Californication.[29] He played the character novelist Richard Bates, a friend of character Hank Moody (played by David Duchovny).[29] \"Bates, played by Jason Beghe, made for an interesting character and the fact that he didn't get as much screen time as some of the other characters is a shame,\" wrote Danny Gallagher of TV Squad.[30] In October 2009, Beghe was in Pittsburgh, Pennsylvania for the filming of the movie The Next Three Days, directed by Paul Haggis.[29] The film was released in 2010 and starred Elizabeth Banks, Russell Crowe, Brian Dennehy, and Olivia Wilde.[29]\n",
            "p9": "Since 2014, Beghe has starred on Chicago P.D.; the show is a spin-off of Chicago Fire, on which Beghe played a recurring role. Chicago P.D. follows the detectives of the Chicago Police Department's Intelligence Unit that combats the city's major offenses, including organized crime, drug trafficking, and high-profile murders.[31] Beghe plays the role of Sgt. Hank Voight, a \"tough cop\" who heads the Intelligence Unit.[32] On November 21, 2017, Deadline Hollywood reported that Beghe was investigated for behavior that was considered overly aggressive and possibly sexual harassment while filming Chicago P.D. in 2016. Claims of inappropriate behavior were reportedly made by his former co-star, Sophia Bush. Beghe released a statement in which he acknowledged having anger problems, stated that he was working on them,[33] admitted to engaging in aggressive behavior on set, and apologized.[34]\n"
        }
    ]
}