{
    "id": "nm0005351",
    "name": "Ryan Reynolds",
    "career": [
        {
            "header": "1991\u20132003: Early work",
            "p0": "Reynolds's career began in 1991 when he starred as Billy Simpson in the Canadian-produced teen soap opera Hillside, distributed in the United States by Nickelodeon as Fifteen. In 1993, Reynolds played a child who moves from India to Canada after the death of his father in the film Ordinary Magic.[14] Between 1993 and 1994, he had a recurring role in The Odyssey as Macro.[15] In 1996, he had a supporting role as Jay \"Boom\" DeBoom in \"Syzygy\", the thirteenth episode of the third season of The X-Files, and co-starred with Melissa Joan Hart in the TV movie Sabrina the Teenage Witch.[16] In 1996, Reynolds played Bobby Rupp, boyfriend of murdered teen Nancy Clutter, in a two-part miniseries In Cold Blood, an adaptation of Truman Capote's non-fiction novel of the same name. He also appeared in the anthology The Outer Limits episode \"Origin of the Species\", which originally aired on November 14, 1998. Beginning in 1998, Reynolds starred in Two Guys, A Girl and a Pizza Place, playing medical student Michael \"Berg\" Bergen, throughout the show's four-season run. He starred in the National Lampoon movie Van Wilder in 2002, appeared in The In-Laws with Michael Douglas and Albert Brooks, and also in the Canadian production Foolproof in 2003.[17]\n"
        },
        {
            "header": "2004\u20132015: Romantic comedies and widespread recognition",
            "p0": "Although he had performed primarily in comedies, Reynolds underwent intense physical training to play an action role as the character of Hannibal King in the 2004 film Blade: Trinity.[18] The same year, he made a cameo appearance in Harold & Kumar Go to White Castle as a nurse. Reynolds played George Lutz in the 2005 remake of the 1979 horror film The Amityville Horror.[19] Also in 2005, he played a waiter named Monty in Waiting... and appeared as music executive Chris Brander in the romantic comedy Just Friends alongside Amy Smart and Anna Faris. In Just Friends, Reynolds lip-synced \"I Swear\" over the end credits.  Additionally, he played an FBI agent alongside Ray Liotta in the 2006 crime action film Smokin' Aces.[20] Reynolds played the protagonist in the 2008 film Definitely, Maybe.[21] He also appeared in the second-season finale of the television series Scrubs. In 2007, Reynolds guest-starred as Brendan's friend Hams in the episode \"Douchebag in the City\" of the TBS sitcom My Boys.\n",
            "p1": "Reynolds portrayed Wade Wilson / Weapon XI in a supporting role in the prequel 20th Century Fox X-Men film, X-Men Origins: Wolverine, which was released in 2009.[22] He had previously spoken of his interest and involvement in a possible film adaptation of Deadpool with screenwriter David S. Goyer as far back as 2005.[23] 2009 also saw Reynolds portray Andrew Paxton, opposite Sandra Bullock, in The Proposal,[24] and Mike Connell in Adventureland.[25]\n",
            "p2": "In 2010, Reynolds starred in the Spanish and American thriller Buried, which screened at the Sundance Film Festival.[26] In June 2010, Reynolds was invited to join the Academy of Motion Picture Arts and Sciences.[27] Reynolds portrayed the Hal Jordan version of superhero Green Lantern in Warner Bros.' film Green Lantern, which was released on June 17, 2011. The film did not fare well either financially or critically, but his role made him one of the few actors to headline films based on both Marvel and DC characters.[28] In 2011, he co-starred in the comedy The Change-Up, as well as narrating the documentary film The Whale. In 2012, he portrayed an agent in Safe House, alongside Denzel Washington.[29] He then had starring roles in two DreamWorks Animation feature films, The Croods and Turbo, both released in 2013. His next role was portraying Nick Walker in the Universal Pictures film adaptation of Dark Horse Comics' R.I.P.D. (Rest in Peace Department), which was released in 2013.[30] Reynolds went on to star in low-budget films, The Voices and The Captive in 2014, as well as Mississippi Grind the following year. This was followed by a supporting role in the financially successful biographical film, Woman in Gold, before he returned to the thriller genre with Self/Less, also in 2015.\n"
        },
        {
            "header": "2015\u2013present: Established actor and Marvel work",
            "p0": "In 2016, Reynolds found critical and commercial success with Deadpool, a film that had been in development as early as 2000. After portraying Wade Wilson / Weapon XI, without the name Deadpool, in X-Men Origins: Wolverine, he became heavily involved in the development of a Deadpool film. Deadpool featured a reboot of the character, ignoring the events of X-Men Origins: Wolverine, and establishing a new backstory for the character that was closer to the Marvel Comics source material. The film takes place within the larger 20th Century Fox X-Men film universe, being made possible by the reset timeline in X-Men: Days of Future Past. Deadpool made several box-office records, including: a worldwide opening of $264.9 million from 62 markets, which is the biggest of 2016, the biggest for an R-rated film, and the second biggest for Fox, only behind Star Wars: Episode III \u2013 Revenge of the Sith ($303.9 million).[31][32] It also recorded the biggest IMAX 2D worldwide opening of all time with $27.4 million from 606 IMAX theatres, eclipsing The Dark Knight Rises ($23.8 million).[33][34] The film's financial and critical success led the studio to move forward with a sequel.\n",
            "p1": "Also in 2016, Reynolds had a supporting role in the Ariel Vromen-directed thriller Criminal. On December 15, 2016, Reynolds received a star on the Hollywood Walk of Fame at 6801 Hollywood Boulevard.[35][36] Reynolds co-starred with Jake Gyllenhaal and Rebecca Ferguson in the science fiction thriller Life in 2017, which reunited him with Safe House director Daniel Espinosa.[37] Reynolds began filming Deadpool 2 in June 2017. The film opened on May 18, 2018.[38][39] In May 2019, he starred as the titular character in Pok\u00e9mon Detective Pikachu, a live action film adaptation of the Detective Pikachu video game. Reynolds voiced, and was the facial motion capture actor for the CGI detective Pikachu.[40]\n",
            "p2": "In January 2019, Reynolds was named the face of Armani Code leading with a campaign for their Absolu scent.[41] Also that year, he starred in the Netflix action thriller film 6 Underground, directed by Michael Bay.[42] The film was released on December 13.[43]\n",
            "p3": "Reynolds is an executive producer of ABC's game show, Don't, which premiered on June 11, 2020.[44][45]  In January 2019, it was announced that he would return as the voice of Guy in the sequel to The Croods. The film, The Croods: A New Age, was also released in 2020.[46]\n",
            "p4": "In 2021, Reynolds starred in three films. The first, Hitman's Wife's Bodyguard, is an action comedy film directed by Patrick Hughes and written by Tom O'Connor and Brandon and Phillip Murphy. The film is a sequel to the 2017 film The Hitman's Bodyguard which also featured Reynolds, Samuel L. Jackson, Salma Hayek, and Richard E. Grant, who reprised their roles. Beginning April 2019, Reynolds shot his second 2021 film, science fiction action comedy Free Guy, directed by Shawn Levy, from a screenplay by Matt Lieberman and Zak Penn, and a story by Lieberman. Reynolds stars as \"a background character who realizes he's living in a video game. With the help of an avatar, he tries to prevent the makers of the game from shutting down his world.\" Also featuring Jodie Comer, Lil Rel Howery, Utkarsh Ambudkar, Joe Keery and Taika Waititi, the film was theatrically released in the United States on August 13 by 20th Century Studios.[47][48] In his last film of the year, Reynolds starred alongside Dwayne Johnson and Gal Gadot in Netflix's thriller Red Notice, written and directed by Rawson Marshall Thurber.[49]\n",
            "p5": "In October 2021, Reynolds announced he was taking \"a little sabbatical\" from his work after the production of Spirited.[50] In March 2022, Reynolds starred in Netflix's science-fiction adventure film The Adam Project, directed by Shawn Levy.[51][52]\n"
        }
    ]
}