{
    "id": "nm0000124",
    "name": "Jennifer Connelly",
    "career": [
        {
            "header": "1980\u20131985: Modeling and early roles",
            "p0": "When Connelly was 10 years old, an advertising executive friend of her father suggested she audition as a model.[15] Her parents sent a picture of her to the Ford Modeling Agency, which shortly after added her to its roster. Connelly began modeling for print advertisements before moving on to television commercials.[4][16]  In an interview with The Guardian, she revealed that, after having done some modeling, she had no aspirations to become an actress.[17] She appeared on the covers of several issues of the American teenage magazine Seventeen in 1986 and 1988.[18][19][20][21] In December 1986, she recorded two pop songs for the Japanese market: \"Monologue of Love\" and \"Message of Love\".[22] She sang in phonetic Japanese as she did not speak the language.[16]\n",
            "p1": "When her mother began taking her to acting auditions, a then 12-year-old Connelly was quickly selected for a supporting role as the aspiring dancer and actress Deborah Gelly in Sergio Leone's Jewish gangster epic Once Upon a Time in America (filmed 1982\u201383, released 1984).[11][16] The role required her to perform a ballet routine. During the audition, Connelly, who had no ballet training, tried to imitate a ballerina. Her performance, and the similarity of her nose to Elizabeth McGovern's, who played the character as an adult, convinced the director to cast her.[23][24] Connelly described the movie as \"an incredibly idyllic introduction to movie-making\".[25]\n",
            "p2": "Connelly's first leading role was in Italian giallo-director Dario Argento's 1985 film Phenomena. In the film, she plays a girl who psychically communicates with insects to pursue the killer of students of the Swiss school where she has enrolled.[26] Connelly next had the lead in the coming-of-age movie Seven Minutes in Heaven, released the same year.[27] In a retrospective interview, Connelly said, \"Before I knew it, [acting] became what I did. It was a very peculiar way to grow up, combined with my personality.\"[17] She described feeling like \"a kind of walking puppet\" through her adolescence, without having time alone to deal with the attention her career was generating.[17]\n"
        },
        {
            "header": "1986\u20131999: Mainstream films",
            "p0": "Connelly gained public recognition with Jim Henson's 1986 fantasy Labyrinth with David Bowie, in which she played Sarah Williams, a teenager on a quest to rescue her brother Toby from the world of goblins. Although a disappointment at the box office,[28] the film later became a cult classic.[29] The New York Times, while noting the importance of her part, panned her portrayal: \"Jennifer Connelly as Sarah is unfortunately disappointing. ... She looks right, but she lacks conviction and seems to be reading rehearsed lines that are recited without belief in her goal or real need to accomplish it.\"[30] In 1988, she began work as a ballet student in the Italian film Etoile which was released in 1989,[31] and portrayed college student Gabby in Michael Hoffman's Some Girls.[32]\n",
            "p1": "In 1990, Dennis Hopper directed The Hot Spot, in which Connelly played Gloria Harper, a woman being blackmailed.[33] The film was a box office failure but Connelly was praised.[15] Stephen Schaefer wrote for USA Today, \"Anyone looking for proof that little girls do grow up fast in the movies should take a gander at curvaceous Jennifer Connelly [...] in The Hot Spot. Not yet 20, Connelly has neatly managed the transition from child actress to ingenue\". During an interview with Shaeffer, Connelly commented on her first nude scene: \"The nudity was hard for me and something I thought about...but it's not in a sleazy context\".[15] In the same year, director Garry Marshall considered her for the role of Vivian Ward in Pretty Woman, but ultimately felt that she was too young for the part.[34]\n",
            "p2": "Connelly's next film was the 1991 romantic comedy Career Opportunities, starring alongside Frank Whaley.[35] People magazine criticized the film for exploiting Connelly's body; the marketing included a life-size cardboard cutout showing Whaley watching Connelly ride a mechanical horse, with the caption \"He's about to have the ride of his life\".[16] In an interview with Rolling Stone magazine, Connelly said that a Yale professor brought it to her attention and \"... that wasn't something I felt all that comfortable about\".[25] The big-budget Disney film The Rocketeer (1991) followed later that year, but failed to ignite her career.[36] She played Jenny Blake, a Disney dilution of what was in the original work a Betty Page persona, here the aspiring actress girlfriend of stunt pilot Cliff, \"the Rocketeer\".[37] New York magazine characterized the movie as \"pallid\" and said of her performance, \"Connelly is properly cast; she has the moist, full-to-the-cheek bones sensuality of the Hollywood starlets of that period, but she's a little straight\".[38] She appeared alongside Jason Priestley in the Roy Orbison music video for \"I Drove All Night\" the following year, directed by Peter Care.[39][40]\n",
            "p3": "Connelly next appeared in Of Love and Shadows, a 1994 Argentine-American drama film written and directed by Betty Kaplan starring Antonio Banderas. In 1995, director John Singleton cast Connelly as a lesbian college student in Higher Learning.[41] She then appeared in the 1996 independent film Far Harbor as Elie, a prominent person in a Hollywood studio who writes a screenplay based on her traumas.[42]\n",
            "p4": "In 1996, Connelly followed up with the neo-noir crime thriller Mulholland Falls, which featured the murder of Allison Pond (Connelly), mistress of General Timms (John Malkovich), and the investigation by a group of detectives led by Maxwell Hoover (Nick Nolte).[43] New York magazine wrote about a scene that reveals the link between Timms and Pond: \"This footage is actually dirty. That is, it makes us feel like voyeurs when looking at it, but it's so juicily erotic that we can hardly look away\".[44] Regarding the nude scenes in the film, Connelly said: \"It kind of shocked everyone who knows me that I wound up doing this movie, because I had always been so careful about nudity, it was very much a part of this character and I couldn't be coy or guarded or self-conscious\u2014otherwise it wouldn't work. It was sort of a challenge I wanted to take on, I guess\".[15] Mulholland Falls was a box office failure.[45]\n",
            "p5": "She began to appear in small-budget films which garnered praise from critics, such as 1997's drama Inventing the Abbotts, set in the late 1950s, in which she played the part of Eleanor, one of three daughters of the town millionaire, Lloyd Abbott.[46] The critic from Entertainment Weekly thought Connelly gave a strong performance; writing she \"raises the stakes any time she\u2019s on screen\".[47] Co-producer Ron Howard, who would later direct Connelly in A Beautiful Mind, said, \"She not only was beautiful and seductive but gave some difficult psychological moments in the film a lot of depth and complexity. She had an extraordinary combination of talent and beauty, and I guess I stored that information in the back of my brain\".[15]\n",
            "p6": "Her next appearance was in the critically acclaimed 1998 science fiction film Dark City, in which she played alongside Rufus Sewell, William Hurt, Ian Richardson and Kiefer Sutherland.[48] Connelly portrayed femme fatale Emma, a torch singer whose husband, John Murdoch (Rufus Sewell), suffers from amnesia. As Murdoch is regaining his memories, Emma is kidnapped by Mr. Hand (Richard O'Brien) and The Strangers, who alter her memories and assign her a new identity.[49][50] Author Sean McMullen wrote, \"Jennifer Connelly is visually splendid as the 1940s femme fatale (Emma).\"[51]\n"
        },
        {
            "header": "2000\u20132003: Worldwide recognition",
            "p0": "In 2000, Ed Harris directed Connelly in the biopic Pollock in which she played Ruth Kligman, Jackson Pollock's mistress.[52] Pollock received mostly positive reception, according to review aggregator Rotten Tomatoes.[53] In the same year, she appeared as Catherine Miller in the Fox drama series The Street, about a brokerage house in New York.[54]\n",
            "p1": "She appeared in Darren Aronofsky's Requiem for a Dream, based on the novel of the same name by Hubert Selby Jr.[55] Connelly was drawn to the script for its depiction of addiction and its effects on relatives;[56] she played Marion Silver, the girlfriend of Harry (Jared Leto). The film also starred Marlon Wayans and Ellen Burstyn.[57][58] Marion is a middle-class girl from Manhattan Beach who pursues the dream of establishing a dress shop, but becomes addicted to heroin and descends into a life of prostitution.[59] Connelly prepared for the role by renting an apartment in the building where the character lived; Connelly isolated herself, painted, listened to music that she considered that her character would, designed clothes, and used the time to reflect about addictions and their origin. Connelly also talked to addicts and attended Narcotics Anonymous meetings with a friend who was in recovery.[15] The cast garnered critical acclaim for their portrayal of physical and mental degradation.[60]\n",
            "p2": "The critic Elvis Mitchell wrote in The New York Times:\n",
            "p3": "Also in 2000, Connelly appeared in Waking the Dead, based on the 1986 novel of the same name, playing Sarah Williams, an activist killed by a car bomb in Minneapolis while she was driving Chilean refugees (Sarah Williams was also the name of Connelly's character in Labyrinth).[61] Initially, director Keith Gordon was reluctant to cast Connelly in this role as he did not consider her a serious actress. Her agent Risa Shapiro persuaded him to watch Connelly's performance in Far Harbor. Gordon later said: \"There was a subtlety and depth even to her gaze that captured more of the relationship than I ever could have hoped for.\"[24] About her role, Connelly said, \"Waking the Dead was the first film I worked on where whatever I did felt like my own thing. I was really trying to make something of the part and threw myself into it, so that meant a lot to me\".[62] The New York Times described her performance, \"As Sarah, Ms. Connelly captures a burning ethereality and willfulness that are very much of the period. And she and Mr. Crudup connect powerfully in love scenes that convey the fierce tenderness of a relationship whose passion carries a tinge of religious fervor.\"[63]\n",
            "p4": "The script of Ron Howard's 2001 biopic A Beautiful Mind, loosely based on Sylvia Nasar's 1998 biography of the mathematician John Nash, sparked her interest in the project.[64] Connelly was invited to an audition after Shapiro sent the producers a tape with a clip of the then-unreleased Requiem for a Dream. She was cast by producer Brian Grazer, as Alicia Nash, the caring and enduring wife of schizophrenic man John Nash, played by Russell Crowe.[65] Howard and the producers eventually chose Connelly and Crowe due to their onscreen chemistry.[66] Connelly met the real Alicia Nash before filming commenced to learn about her life.[17] Upon release, A Beautiful Mind was a critical and commercial success, grossing more than US$313\u00a0million worldwide.[67] For her performance, Connelly earned a Golden Globe,[68] an Academy Award for Best Supporting Actress,[69] and a BAFTA for Best Actress in a Supporting Role.[70] Time magazine critic Richard Schickel called her performance \"luminous\" and the actress intelligent and passionate.[71] Roger Ebert wrote, \"Jennifer Connelly is luminous as Alicia. Although the showier performance belongs to Crowe, it is Connelly's complex work, depicting a woman torn by love for and fear of the same man, that elevates the film to a higher level\".[72] A.O. Scott of The New York Times said, \"There is, for one thing, Ms. Connelly, keen and spirited in the underwritten role of a woman who starts out as a math groupie and soon finds herself the helpmeet of a disturbed, difficult man.\"[73]\n",
            "p5": "Connelly said afterwards, \"[A Beautiful Mind] is the film I'm really proud of and really love.\"[41] In relation to previous roles, Connelly said:\n",
            "p6": "Connelly starred in Ang Lee's Hulk (2003), because she was interested on his philosophical perspective on the Marvel Comics superhero.[74] She played Betty Ross, a scientist and the former girlfriend of the main character, Bruce Banner. The film was a moderate success.[75]\n",
            "p7": "Next in 2003, she appeared in House of Sand and Fog, a drama based on the novel by Andre Dubus III. She portrayed Kathy Nicolo, an abandoned wife whose inherited house is sold at auction to the Iranian emigre and former colonel Massoud Amir Behrani (Ben Kingsley).[76] After reading the script, Connelly said: \"(the story is) moving and beautifully written. I liked the fact that there is no good guy and bad guy. I found it really compelling that both sides do things that are morally questionable, because life is often like that.\" Producer Michael London said about Connelly's portrayal: \"I think she understood Kathy and knew in her bones that she could take this character and give her the kind of dimension that she had. I don't think there is another actress who could have played Kathy with such power and grace.\"[77] The film was critically acclaimed, with a BBC critic commenting, \"[Connelly] convinces totally as a selfish, desperate and lonely woman who confesses to her brother, 'I just feel lost'\".[78]\n"
        },
        {
            "header": "2004\u20132009: Hiatus and return to film",
            "p0": "After a two-year absence from the film scene, Connelly returned in the 2005 horror-psychological thriller Dark Water, which was based on a 2002 Japanese film of the same name.[16] She played Dahlia, a frightened young woman traumatized by her past, who moves with her daughter to an apartment in New York City where paranormal happenings take place.[79] In his review, critic Roger Ebert wrote, \"I cared about the Jennifer Connelly character; she is not a horror heroine but an actress playing a mother faced with horror. There is a difference, and because of that difference, Dark Water works\".[80]\n",
            "p1": "She played Kathy Adamson in an adaptation of the novel Little Children alongside Kate Winslet, a film which focuses on the relationship between Sarah Pierce (played by Winslet) and Brad Adamson (Patrick Wilson).[81] Connelly co-starred in Blood Diamond opposite Leonardo DiCaprio where she portrayed journalist Maddy Bowen, who is working on exposing the real story behind blood diamonds.[82] New York magazine praised her performance: \"Connelly is such a smart, sane, unhistrionic actress that she almost disguises the fact that her character is a wheeze.\"[83] Both Little Children and Blood Diamond were nominated for multiple Academy Awards.[84]\n",
            "p2": "Her next appearance was as Grace in the drama Reservation Road with Joaquin Phoenix and Mark Ruffalo, released in 2007.[85] After her son dies in a hit-and-run, Grace gradually tries to overcome her grief, while her husband Ethan (Phoenix) becomes obsessed with discovering who killed him.[86] By her own account, the character she played in the film proved tougher than any of her previous roles.[87] USA Today's Susan Wloszczyna commented, \"The strong performances of Jennifer Connelly and Mark Ruffalo\u00a0... raise the film above overheated melodrama\".[88]\n",
            "p3": "Connelly portrayed astrobiologist Helen Benson alongside Keanu Reeves in the 2008 remake of the 1951 science fiction film The Day The Earth Stood Still. Unlike the original, in which Benson was a secretary and her relationship with Klaatu was the focus, the remake featured Benson in a troubled relationship with her stepson, portrayed by Jaden Smith.[89] This was followed by a role in the 2009 romantic comedy He's Just Not That Into You, which also featured Jennifer Aniston and Ginnifer Goodwin.[90] The film was based on the self-help book of the same name.[91] Variety magazine praised her portrayal: \"Connelly gives a really rich performance as a woman whose principles back her into a corner.\u201d[92]\n",
            "p4": "In 2009, she appeared in the costume drama biopic Creation, in which she played Emma Darwin, wife of Charles Darwin, opposite her real-life husband Paul Bettany.[93] Set during the writing of On the Origin of Species, the movie depicts Darwin's struggle with the subject of the book as well as with his wife, who opposed his theories, and their mourning for their daughter Annie.[94] The San Francisco Chronicle wrote, \"Darwin's wife, a religious woman who disapproved of her husband's theories, is played by Jennifer Connelly, Bettany's real-life wife, in the kind of casting that doesn't always work, but it does here. We believe in the Darwins' history together, their familiarity and affection. Connelly's English accent is also as good as Ren\u00e9e Zellweger's and Gwyneth Paltrow's. She doesn't get just the sounds right, but also the music and the attitude\".[95] Connelly then voiced the character named \"7\", an adventurous warrior in the animated film 9.[96]\n"
        },
        {
            "header": "2010\u2013present",
            "p0": "Dustin Lance Black's Virginia premiered on September 15, 2010, at the Toronto International Film Festival. Two years later, it was announced that it would receive a limited release in May 2012.[97][98] Connelly portrayed the title role of Virginia, a mentally unstable woman who has a 20-year affair with the local sheriff, whose daughter then starts a relationship with Virginia's son.[99] Connelly prepared for the role by watching documentaries on schizophrenia; she also spent time at the New York State Psychiatric Institute and the New York University Cancer Center to understand the affections and obstacles of her character. During preparation, Black requested Connelly's advice to design the set of Virginia's house, as well as the selection of the apparel to create the character's style.[100] Connelly said of the film, \u201cIt's very original, I think, and a very different independent film - it's very personal.\u201d[101] According to the critic from Cinema Blend, \"Virginia is propped up by a strong central performance, with Connelly doing some of her best work in years\".[102]\n",
            "p1": "In 2011, Connelly starred in Ron Howard's comedy The Dilemma with Vince Vaughn. Although the Austin Chronicle's review wrote \"Vaughn nails it, and his nicely nuanced everyguy performance is aided by the always-excellent Connelly,\"[103] the film opened to generally negative reviews.[104] Variety magazine remarked, \"Connelly, though a shade looser and more spontaneous than usual, seems stuck at an emotional remove from the action\".[105] Her next project, George Ratliff's Salvation Boulevard, premiered during the 2011 Sundance Film Festival.[106] In the film, Connelly played Gwen, the wife of Carl Vanderveer (Greg Kinnear); the couple are members of the Church of the Third Millennium, led by pastor Dan (Pierce Brosnan).[107] During the same year, Connelly recorded an audiobook version of Paul Bowles' The Sheltering Sky that was released in March 2012 as part of Audible.com\u2019s The A-List Collection.[108][109]\n",
            "p2": "Her next project, starring alongside Greg Kinnear, was the family drama Stuck in Love, the directorial debut of Josh Boone. Connelly played the ex-wife of Kinnear's character, with whom he is obsessed.[110][111] The film was premiered during the 2012 Toronto International Film Festival.[112] In August 2013, it was announced that Connelly was cast by her husband, Paul Bettany, in his directorial debut Shelter.[113] Connelly had a role in the 2014 film adaptation of the 1983 Mark Helprin novel, Winter's Tale, the directorial debut of Akiva Goldsman, alongside Colin Farrell, William Hurt and Russell Crowe; as well as starring in the English-speaking directorial debut of Claudia Llosa, Aloft.[114]\n",
            "p3": "Working again in collaboration with A Beautiful Mind co-star Russell Crowe, she portrayed Naameh in Darren Aronofsky's 2014 biblical epic Noah.[115] The film opened to favorable reviews.[116] The Washington Post declared Connelly and Crowe's performances \"impressively grounded, powerful\";[117] The Denver Post felt that Connelly portrayed the role with \"fine intelligence\".[118] Variety deemed her appearance \"solid but underused\",[119] while Detroit News stated \"Connelly has too little to do, but when she lets go, she hits hard.\"[120] Indiewire wrote that Connelly conveyed the role with a \"steady hand\",[121] while St. Paul Pioneer Press defined her interpretation as \"compelling\".[122]\n",
            "p4": "Connelly has starred in the television series Snowpiercer since 2020,[123] her first role in television since the cancellation of The Street in 2000.\n",
            "p5": "Working again with Director Joseph Kosinski, Connelly portrayed Penelope \"Penny\" Benjamin in the action blockbuster film Top Gun: Maverick released in 2022 after a series of delays due to the COVID-19 pandemic.[124][125]\n"
        }
    ]
}