{
    "id": "nm0023832",
    "name": "Mathieu Amalric",
    "career": [
        {
            "header": "empty",
            "p5": "Amalric first gained fame in the film Ma Vie Sexuelle (My Sex Life...or How I Got Into an Argument), for which he won a C\u00e9sar Award.\n",
            "p6": "In 2007, he starred in the critically acclaimed movie The Diving Bell and the Butterfly, portraying  Jean-Dominique Bauby, a journalist who created his own system of communication after a stroke left him suffering from locked-in syndrome. Amalric's performance was universally acclaimed, and he won the Cesar Award for Best Actor.[4]\n",
            "p7": "He was selected to play the James Bond villain Dominic Greene alongside Daniel Craig (with whom he had previously starred in Munich) in the 2008 film Quantum of Solace.[5]\n",
            "p8": "His 2010 film, On Tour, premiered at the 2010 Cannes Film Festival and won Amalric the Best Director Award.[6]\n",
            "p9": "The 2014 film The Blue Room, which he directed and starred in, was selected to compete in the Un Certain Regard section at the 2014 Cannes Film Festival.[7]\n"
        }
    ]
}