{
    "id": "nm0085420",
    "name": "Mary Black",
    "career": [
        {
            "header": "1980s",
            "p0": "Black joined a small folk band in 1975 called General Humbert, with whom she toured Europe and released two albums, in 1975 and 1978. In 1982 she developed a professional relationship with musician/producer Declan Sinnott[4]  and recorded her first solo album, Mary Black. The album performed well in the Irish charts and it went gold. In 1983 it was honoured by the Irish Independent and it is still referred to as one of the best Irish albums of the 1980s. Black ventured into traditional Irish music with the band De Dannan and toured with them around Europe and in the US. The album she recorded with them, Anthem, won the Irish Album of the Year award. During her time with De Dannan, Black also continued with her solo career with albums such as Collected (1984) and Without the Fanfare (1985). These recordings took Black into a more modern musical direction. Along with the success of these releases, IRMA named her Entertainer of the Year in 1986 and Best Female Artist in 1987 and 1988.\n",
            "p1": "For much of her early solo career, Sinnott acted as her producer, guitarist and musical director. This partnership lasted until 1995 when they parted amicably.[5]\n",
            "p2": "Black departed from De Dannan in 1986, and 1987 saw the release of her first multi-platinum Irish album, By the Time it Gets Dark. However, her popularity reached new heights with the release of the ground-breaking album, No Frontiers, in August 1989.  It rocketed to the top of the Irish album charts (it stayed in the Top 30 for over a year), and achieved triple-platinum status. Mary's popularity grew in the United States, due to several tours and widespread radio exposure.[6]\n"
        },
        {
            "header": "1990s",
            "p0": "Following the success of No Frontiers in the United States, and the extensive airplay received by the lead track \"Columbus\", Black became a hit NAC recording artist. In spring 1991, she embarked on an American tour. Her 1991 release, Babes in the Wood, entered the Irish charts at No.1 once again and remained there for six weeks. Her single \"The Thorn Upon the Rose\" reached No.8 on the Japanese singles chart after it was used in a national railroad television advert. Babes in the Wood performed well in the US and it was voted one of the top 10 albums of the year in the United Kingdom by Today newspaper. The album release brought about a sell-out tour and her first concert at the Royal Albert Hall in January, 1992, which was broadcast on Channel 4 a year later. She was once again named Best Female Artist by the IRMA.\n",
            "p1": "Mary was featured on the cover of Billboard magazine in a story hailing her as \"a firm favorite to join the heavy-hitting ranks of such Irish artists as Enya, Sin\u00e9ad O'Connor and Clannad's M\u00e1ire Brennan in the international marketplace\". Her next album The Holy Ground once again reached the top of the Irish album chart. She also toured the US during October/November 1993, in support of the album. The next project saw Mary join forces with six Irish female artists to record the compilation album, A Woman's Heart. Other artists here included her sister Frances Black, Eleanor McEvoy, Dolores Keane, Sharon Shannon and Maura O'Connell. Its good sales success spawned another album, A Woman's Heart 2.\n",
            "p2": "Black recorded two duets with American folk singer Joan Baez in the spring of 1995, for Baez's album Ring Them Bells. A greatest hits album of Mary's work, Looking Back, was released and she went touring mainly in the US, Germany and Scandinavia, to support the release. Black released three more albums in the 1990s, Circus, Shine, and Speaking with the Angel. She was named \"Best Female Artist\" in 1994 and 1996 for the fourth and fifth time.\n"
        },
        {
            "header": "2000\u2013present",
            "p0": "Black released her first live album in 2003, Mary Black Live. She also released her only studio album of the 2000s decade, Full Tide. Although it was successful, she has kept a low musical profile in the last few years. In 2008, Black released a compilation album called \"Twenty Five Years - Twenty Five Songs\" celebrating her career in the music business. It contains 4 remixed tracks, fully remastered songs and 2 brand new recordings. In 2008, Black was invited to sing a duet on Christie Hennessy's posthumous album \"The Two Of Us\" called \"If You Were To Fall\". She also made a guest appearance on Liam Clancy's album \"The Wheels Of Life\" on the track \"Talk To Me Of Mendocino\". In 2009 she is featured on one track of Steve Martin's album The Crow: New Songs for the 5-String Banjo.   In 2011, she released a new album titled Stories from the Steeples. She has sung a duet live with Irish pop band Westlife entitled \"Walking in the Air\".\n",
            "p1": "A 2014-15 \"Last Call\" tour with her daughter R\u00f3is\u00edn O was billed as Black's final international tour although she intended to continue singing after this.[7] Her autobiography Down the Crooked Road (ISBN\u00a09781848271876) was published in October 2014.[8]\n",
            "p2": "In 2017, Black released a remastered version of her 1987 album, \"By The Time It Gets Dark\", to celebrate its 30th anniversary. The remastered album contains fully remixed and digitally remastered versions of the album's tracks, a brand new song recorded especially for the re-issue called \"Wounded Heart\" and a rare b-side called \"Copper Kettle\". Later in the year, Black released a brand new compilation album called \"Mary Black Sings Jimmy MacCarthy\" containing 6 previously recorded songs, 4 new tracks and one live duet with MacCarthy. Black toured in 2018 promoting the new album.\n"
        }
    ]
}