{
    "id": "nm0001693",
    "name": "Eva Marie Saint",
    "career": [
        {
            "header": "empty",
            "p8": "Saint returned to the big screen for the first time in over a decade in Nothing in Common (1986), in which she played the mother of Tom Hanks's character; it was directed by Garry Marshall. Critics applauded her return to features.\n",
            "p9": "Saint was soon back on the small screen in numerous projects. After receiving five nominations, she won her first Emmy Award for the 1990 miniseries People Like Us. She appeared in a number of television productions in the 1990s and was cast as the mother of radio producer, Roz Doyle, in a 1999 episode of the comedy series Frasier.\n",
            "p10": "In 2000, Saint returned to feature films in I Dreamed of Africa with Kim Basinger. In 2005, she co-starred with Jessica Lange and Sam Shepard in Don't Come Knocking. Also in 2005, she appeared in the family film Because of Winn-Dixie, co-starring AnnaSophia Robb, Jeff Daniels, and Cicely Tyson.\n",
            "p11": "In 2006, Saint appeared in Superman Returns as Martha Kent, the adoptive mother of Superman, alongside Brandon Routh and a computer-generated performance from her On the Waterfront co-star Marlon Brando.\n",
            "p12": "She was presented one of the Golden Boot Awards in 2007 for her contributions to western cinema.\n",
            "p13": "Saint has lent her voice to the 2012 Nickelodeon animated series The Legend of Korra, a sequel to the hit TV show Avatar: The Last Airbender, playing the now-elderly Katara, a main character from the original series.\n",
            "p14": "In September 2012, she was cast as the adult version of Willa in the film adaptation of the novel Winter's Tale by Mark Helprin.[15] The film was released on Valentine's Day 2014.\n",
            "p15": "At the age of 93, Saint appeared at the 2018 Academy Award ceremonies to present the award for Costume Design. She received a standing ovation upon entering the stage.\n",
            "p16": "In 2021, Saint appeared alongside Marisa Tomei in the podcast play series \"The Pack Podcast\" as part of the segment \"The Bus Ride\".[16]\n",
            "p17": "She has two stars on the Hollywood Walk of Fame, one for motion pictures at 6624 Hollywood Boulevard, and one for television at 6730 Hollywood Boulevard.\n"
        }
    ]
}