{
    "id": "nm0022306",
    "name": "Laz Alonso",
    "career": [
        {
            "header": "empty",
            "p13": "Alonso began his career hosting shows on the BET network.[2] Alonso appeared in music videos by Toni Braxton and Aaliyah.[3]\n",
            "p14": "Also has had supporting roles in films such as Stomp the Yard, Down for Life, Jarhead, G, Leprechaun: Back 2 tha Hood, This Christmas and Miracle at St. Anna.[4][5]\n",
            "p15": "In 2009, he played Fenix Calderon, the main antagonist in the film Fast & Furious, the fourth installment in the Fast & Furious film series. Alonso had a major role as the Na'vi warrior Tsu'tey in James Cameron's science fiction adventure film Avatar.[6]\n",
            "p16": "Alonso also played one of the lead characters on the 2011, TV series Breakout Kings during its first season and the first episode of season two.[7]\n",
            "p17": "He has made television guest starring appearances on The Unit, Bones, CSI: Miami, NCIS, The Practice and Eyes.[8][9]\n",
            "p18": "He was the lead in the 2013, NBC drama Deception.[10]\n",
            "p19": "Alonso also played one of the main characters, Detective Billy Soto, on the NBC series The Mysteries of Laura.[11]\n"
        }
    ]
}