{
    "id": "nm0026610",
    "name": "Deke Anderson",
    "career": [
        {
            "header": "1990s",
            "p0": "He had a supporting role in A Cry in the Wild, which starred Jared Rushton, Ned Beatty and Pamela Sue Martin. The film was a made for television adaptation of Gary Paulsen's novel Hatchet, a story about a 13-year-old boy learning to survive in the wilderness.[16][17]\nAnderson had a supporting role in the \"Deep in the Heart of Dixie\" episode of The Adventures of Brisco County Jr. which aired on November 5, 1993.[18]\n",
            "p1": "In 1990, Anderson had the main starring role in as bank robber Tyler Bennet in  the David A. Prior directed actioner White Fury, a story about two criminals who are on the run and terrorize four young adults who they find in a cabin in snowy Colorado wilderness.[19][20] He played the part of Jason in the interactive movie video game Night Trap which was released in 1992. He appeared as Jason, a law enforcement colleague of Kelli who meets a tragic end in the game.[21][22]\n",
            "p2": "In 1994, he appeared in another David A. Prior directed film Felony, in a supporting role playing the part of Dennis. Jeffrey Combs, Ashley Laurence, Charles Napier, Lance Henriksen and Joe Don Baker also starred in the film.[23]\n",
            "p3": "He co-starred alongside Joe Estevez in the William Burke directed Psychic Detectives which was released in 1996.[24]\n"
        },
        {
            "header": "2000s",
            "p0": "Anderson had a voice acting role in the 2016 film, Legends of the Dark King: A Fist of the North Star Story as Igor.[citation needed]\n",
            "p1": "He played the part of 4 Star General Caven in The Green Lantern which was released in 2011.[25][26]\n",
            "p2": "By 2008, Anderson and his wife had opened their second studio, which was Woodlands branch of Next Level Acting Studios.[27] One of the students to come out of the studio was an Australian called Jake Staines. Stains, a local businessman competed for and was chosen over 200 other actors to land a featured role in a Ford-150 truck commercial which played during the Super Bowl.[28]\n",
            "p3": "In the 2010 anime anthology film, Halo Legends, he voices as Spartan 1337 in the segment, \"Odd One Out\".\n",
            "p4": "He appeared as Paul Robinson in \"Identity Crisis\", an episode of The Resident that aired in February 2018.[29][30]\n",
            "p5": "In the 2017 series Dreamsville, Anderson played Chief Brian Johnson, an honest Houston cop who is involved in the \"war on drugs\".[31][32]\n"
        }
    ]
}