{
    "id": "nm0003482",
    "name": "Nash Edgerton",
    "career": [
        {
            "header": "Stuntman",
            "p0": "As a stuntman, he has worked on such films as The Matrix trilogy, The Thin Red Line, Superman Returns, and, most notably, Star Wars: Episode II \u2013 Attack of the Clones and Star Wars: Episode III \u2013 Revenge of the Sith, as the stunt double for Ewan McGregor, who played Obi-Wan Kenobi.[6] His brother Joel appeared in those same films as young Owen Lars.\n"
        },
        {
            "header": "Director",
            "p0": "Throughout Edgerton's career, he has made critically well-received short films often starring himself, such as Spider and Bear. He has also directed a total of four music videos for artist Bob Dylan (\"Beyond Here Lies Nothin'\", \"Must Be Santa\", \"Duquesne Whistle\", and \"The Night We Called It a Day\"). His feature-length directorial debut was The Square (2008), an Australian neo-noir thriller. His most recent film as director was Gringo, released in 2018.\n",
            "p1": "From 2018 to 2021, Edgerton directed every episode of Mr Inbetween, an Australian television black comedy-drama series starring and written by Scott Ryan. The series is adapted from Ryan's 2005 film The Magician, which Edgerton helped Ryan expand from a short film. Edgerton's stepdaughter Chika Yasumura appears in the series as the daughter of Ryan's character.\n"
        }
    ]
}