{
    "id": "nm0000191",
    "name": "Ewan McGregor",
    "career": [
        {
            "header": "Film and television",
            "p0": "Six months prior to his graduation from Guildhall, McGregor began a leading role in Dennis Potter's six-part Channel 4 series Lipstick on Your Collar (1993).[3] Not long afterwards, he starred in the BBC adaptation of Scarlet and Black (also 1993) with a young Rachel Weisz and made his film debut in Bill Forsyth's Being Human (1994).[23] For his role in the thriller Shallow Grave (also 1994), he won an Empire Award.[24] The film was his first collaboration with director Danny Boyle.[3] He had a major role in the 1996 Channel 4 comedy-drama film Brassed Off, written and directed by Mark Herman. His international breakthrough followed with the role of heroin addict Mark Renton in Boyle's Trainspotting (1996), an adaptation of Irvine Welsh's novel of the same name.[3][23]\n",
            "p1": "McGregor played the male romantic lead role in the British film Little Voice (1998). He was cast as the young Obi-Wan Kenobi in the Star Wars prequel trilogy, released between 1999 and 2005.[25] Kenobi was originally played by Sir Alec Guinness in the first Star Wars trilogy.[3] McGregor's uncle, Denis Lawson, had played Wedge Antilles in the original trilogy.[26] While the prequels received mixed reviews, McGregor's performance was well received.[27] McGregor said making the prequels was difficult, as he had to act mostly against green screens and the dialogue was \"not exactly Shakespeare\". He also stated that the negative reaction to the films had been difficult.[25]\n",
            "p2": "McGregor starred in Moulin Rouge! (2001) as the young poet Christian, who falls in love with the terminally-ill courtesan Satine (Nicole Kidman), for which his performance was widely praised and nabbed McGregor his first Golden Globe Award for Best Actor \u2013 Motion Picture Musical or Comedy nomination. He also appeared in Ridley Scott's war film Black Hawk Down (2001) as John Grimes. He starred alongside Ren\u00e9e Zellweger in Down with Love (2003).[3][28] He also portrayed the younger Edward Bloom in Tim Burton's critically acclaimed film Big Fish (2003) alongside Albert Finney, Jessica Lange, Alison Lohman and Billy Crudup. In the same period, he also received critical acclaim for his portrayal of an amoral drifter mixed up with murder in the drama Young Adam (also 2003), which co-starred Tilda Swinton.[29][30]\n",
            "p3": "McGregor voiced two successful animated features; he played the robot Rodney Copperbottom in Robots, which also featured the voices of Halle Berry and Robin Williams,[31] and he voiced the lead character in Gary Chapman's Valiant (both 2005), alongside Jim Broadbent, John Cleese and Ricky Gervais.[32] Also around this time, McGregor played two roles \u2013 one a clone of the other \u2013 opposite Scarlett Johansson in Michael Bay's science fiction action thriller film The Island (2005). He also headlined Marc Forster's 2005 film Stay, a psychological thriller co-starring Naomi Watts and Ryan Gosling.[33][34]\n",
            "p4": "He narrated the Fulldome production Astronaut (2006), created for the National Space Centre.[35] Around the same time, he also narrated the STV show JetSet (also 2006), a six-part series following the lives of trainee pilots and navigators at RAF Lossiemouth as they undergo a gruelling six-month course learning to fly the Tornado GR4, the RAF's primary attack aircraft.[36] McGregor starred opposite Colin Farrell in the Woody Allen film Cassandra's Dream (2007),[23][37] and he co-starred with Jim Carrey in I Love You Phillip Morris and appeared in Amelia (both 2009) alongside Hilary Swank. He played \"the ghost\" \u2013 the unnamed main character \u2013 in Roman Polanski's political thriller The Ghost Writer (2010). He portrayed Camerlengo Patrick McKenna in Ron Howard's mystery thriller Angels & Demons (also 2009), the film adaptation of Dan Brown's novel of the same name and a sequel to Howard's The Da Vinci Code, co-starring Tom Hanks as Robert Landon. In 2011, McGregor starred in the British comedy Salmon Fishing in the Yemen directed by Lasse Hallstr\u00f6m and co-starring Emily Blunt and Kristin Scott Thomas, for which he received his second Golden Globe Award for Best Actor \u2013 Motion Picture Musical or Comedy nomination. At the same year, he was awarded with the SIFF Golden Space Needle Award for Outstanding Achievement in Acting at the 2011 Seattle International Film Festival.[38]\n",
            "p5": "In 2012, he was a member of the Jury for the Main Competition at the 2012 Cannes Film Festival.[39] At the San Sebasti\u00e1n International Film Festival, he was awarded the Donostia Lifetime Achievement Award and became the youngest recipient of the award.[40] The same year, he also starred in the disaster drama film The Impossible opposite Naomi Watts and Tom Holland. In 2013, McGregor starred alongside Meryl Streep and Julia Roberts in August: Osage County, which was based on Tracy Letts's Pulitzer Prize-winning play of the same name.[41]\n",
            "p6": "McGregor starred in the action comedy film Mortdecai (2015), alongside Johnny Depp and Paul Bettany. Robbie Collin of The Daily Telegraph felt the film was \"psychotically unfunny\".[42] He made his directorial debut with American Pastoral (2016), in which he also starred.[43]\n",
            "p7": "In 2017, he reprised his role as Mark Renton in T2 Trainspotting.[44] McGregor played Lumi\u00e8re (originally voiced by Jerry Orbach in the 1991 animated film) in the live-action adaptation of Disney's Beauty and the Beast, directed by Bill Condon, with an ensemble cast featuring Emma Watson and Dan Stevens in leading roles, alongside Luke Evans, Kevin Kline, Josh Gad, Stanley Tucci, Ian McKellen, and Emma Thompson. Filming began in May 2015 at Shepperton Studios in London, and the movie was released in March 2017.[45] He then starred in FX anthology series in the third season of Fargo (both 2017), which garnered him a Golden Globe Award for Best Actor \u2013 Miniseries or Television Film for his dual performance of Emmit Stussy and Ray Stussy at the 75th Golden Globe Awards.[46] In 2018, McGregor starred as the adult version of the titular character in Christopher Robin, a live-action adaptation of Disney's Winnie the Pooh franchise directed by Marc Forster and starred alongside Hayley Atwell.[47]\n",
            "p8": "In 2019, McGregor starred as the older Danny Torrance in Doctor Sleep, the film adaptation of Stephen King's novel of the same name.[48] In 2020, he appeared opposite Margot Robbie in Warner Bros.' DC Comics film Birds of Prey (and the Fantabulous Emancipation of One Harley Quinn), directed by Cathy Yan, as the main villain Roman Sionis / Black Mask.[49]\n",
            "p9": "On 23 August 2019, Lucasfilm announced that McGregor would reprise his role as Obi-Wan Kenobi in a new Star Wars television series, due for release on Disney+ in 2022.[50]\n",
            "p10": "In 2021, McGregor created a charismatic portrait of the American fashion designer Halston in the eponymously titled miniseries for Netflix, based on the candid biography Simply Halston by journalist Steven Gaines. McGregor was also billed as executive producer, jointly with Ryan Murphy.[51]\n"
        },
        {
            "header": "Theatre",
            "p0": "From November 1998 to March 1999, McGregor starred as Malcolm Scrawdyke in a revival of David Halliwell's Little Malcolm and His Struggles Against the Eunuchs, directed by his uncle, Denis Lawson. The production was first staged at the Hampstead Theatre before transferring to the Comedy Theatre in London's West End.[52] In November 2001, McGregor made a cameo appearance in The Play What I Wrote.[53]\n",
            "p1": "From June 2005 to April 2007, McGregor starred alongside Jane Krakowski, Douglas Hodge and Jenna Russell in the Donmar Warehouse revival of Guys and Dolls after it transferred to the Piccadilly Theatre in London.[54] He played the leading role of Sky Masterson. McGregor received the LastMinute.com award for Best Actor for his performance in 2005,[55] and he was nominated for a Laurence Olivier Award for Best Actor in a Musical in 2007.[56]\n",
            "p2": "From December 2007 to February 2008, McGregor starred as Iago in Othello at the Donmar Warehouse alongside Chiwetel Ejiofor as Othello and Kelly Reilly as Desdemona.[57][58] He reprised the role on BBC Radio 3 in May 2008.[57]\n"
        }
    ]
}