{
    "id": "nm0000168",
    "name": "Samuel L. Jackson",
    "career": [
        {
            "header": "1970s",
            "p0": "Jackson initially majored in marine biology at Morehouse College before switching to architecture. He later settled on drama after taking a public speaking class and appearing in a version of The Threepenny Opera.[18] Jackson began acting on the stage, including Home and A Soldier's Play.[13] He appeared in several television films, and made his feature film debut in the blaxploitation independent film Together for Days (1972).[9][30] After these initial roles, Jackson moved from Atlanta to New York City in 1976 and spent the next decade appearing in stage plays, including the premiers of The Piano Lesson and Two Trains Running at the Yale Repertory Theater.[28][31] Jackson developed addictions to alcohol and cocaine, which prevented him from proceeding with the two plays to Broadway (actors Charles S. Dutton and Anthony Chisholm took his place).[27]\n"
        },
        {
            "header": "1980s",
            "p0": "After a 1981 performance in the play A Soldier's Play, Jackson was introduced to director Spike Lee, who cast him for small roles in School Daze (1988) and Do the Right Thing (1989).[13][32] He also worked for three years as a stand-in for Bill Cosby on The Cosby Show.[25][33] Throughout his early film career, mainly in minimal roles in films such as Coming to America (1988) and various television films, Jackson was mentored by Morgan Freeman.[18]\n"
        },
        {
            "header": "1990s",
            "p0": "Jackson played a minor role in the 1990 Martin Scorsese film Goodfellas, as real-life Mafia associate Stacks Edwards. Having overdosed on heroin several times, he switched to cocaine.[34] His family entered him into a New York rehabilitation clinic.[18][35] After he completed rehabilitation, he appeared in Jungle Fever as a crack cocaine addict. Jackson said that the role was cathartic,[13] commenting, \"It was a funny kind of thing. By the time I was out of rehab, about a week or so later I was on set and we were ready to start shooting.\"[36] His performance was so acclaimed that the jury of 1991 Cannes Film Festival added a special \"Supporting Actor\" award just for him.[14][37] Following this role, Jackson became involved with the comedy Strictly Business and dramas Juice and Patriot Games. He then moved on to two other comedies: National Lampoon's Loaded Weapon 1 (his first starring role) and Amos & Andrew.[38][39] Jackson worked with the director Steven Spielberg in 1993's Jurassic Park.[40]\n",
            "p1": "After a turn as the criminal Big Don in 1993's True Romance\u2014written by Quentin Tarantino and directed by Tony Scott\u2014Tarantino asked Jackson to play Jules Winnfield in Pulp Fiction (1994). Jackson was surprised to learn that the part had been specifically written for him: \"To know that somebody had written something like Jules for me. I was overwhelmed, thankful, arrogant\u2014this whole combination of things that you could be, knowing that somebody's going to give you an opportunity like that.\"[41] Pulp Fiction, Jackson's thirtieth film, made him internationally recognized and he received praise from critics. Entertainment Weekly wrote: \"As superb as Travolta, Willis, and Keitel are, the actor who reigns over Pulp Fiction is Samuel L. Jackson. He just about lights fires with his gremlin eyes and he transforms his speeches into hypnotic bebop soliloquies.\"[42] For the Academy Awards, Miramax Films pushed for, and received, the Best Supporting Actor nomination for Jackson.[43] He also received a Golden Globe nomination and won the BAFTA Award for Best Supporting Role.[44][45][46]\n",
            "p2": "After Pulp Fiction, Jackson received multiple scripts to review: \"I could easily have made a career out of playing Jules over the years. Everybody's always sending me the script they think is the new Pulp Fiction.\"[47] With a succession of poor-performing films such as Kiss of Death, The Great White Hype, and Losing Isaiah, Jackson began to receive poor reviews from critics who had praised his performance in Pulp Fiction. This ended with his involvement in the two box-office successes, Die Hard with a Vengeance, starring alongside Bruce Willis in the third installment of the Die Hard series; and A Time to Kill, where he played a father put on trial for killing two men who raped his daughter.[48][49] For A Time to Kill, Jackson earned an NAACP Image for Best Supporting Actor in a Motion Picture and a Golden Globe nomination for a Best Supporting Actor.[50]\n",
            "p3": "Quickly becoming a box office star, Jackson continued with three starring roles in 1997. In 187 he played a dedicated teacher striving to leave an impact on his students.[51] He received an Independent Spirit award for Best First Feature alongside first-time writer/director Kasi Lemmons in the drama Eve's Bayou, for which he also served as executive producer.[52] He worked again with Tarantino on Jackie Brown and received the Silver Bear for Best Actor at the Berlin Film Festival[53] and a fourth Golden Globe nomination for his portrayal of the arms merchant Ordell Robbie.[54] In 1998, he worked with established actors: Sharon Stone and Dustin Hoffman in Sphere; and Kevin Spacey in The Negotiator, playing a hostage negotiator who resorts to taking hostages himself when he is falsely accused of murder and embezzlement.[55][56] In 1999, Jackson starred in the horror film Deep Blue Sea, and as Jedi Master Mace Windu in George Lucas' Star Wars: Episode I \u2013 The Phantom Menace.[57][58] In an interview, Jackson claimed that he did not have a chance to read the script for the film and did not learn he was playing the character Mace Windu until he was fitted for his costume (though he later said that he was eager to accept any role, just for the chance to be a part of the Star Wars saga).[59]\n"
        },
        {
            "header": "2000s",
            "p0": "On June 13, 2000, Jackson was honored with a star on the Hollywood Walk of Fame at 7018 Hollywood Blvd.[60] He began the next decade of his film career playing a Marine colonel put on trial in Rules of Engagement, co-starred with Bruce Willis for a third time in the supernatural thriller Unbreakable, and starred in the 2000 remake of the 1971 film Shaft. He reprised both of the latter roles in 2019, his Unbreakable character Mr. Glass in Glass and Shaft in another film titled Shaft.[61][62][63] Jackson's sole film in 2001 was The Caveman's Valentine, a murder thriller directed by Lemmons in which he played a homeless musician.[64] In 2002, he played a recovering alcoholic, attempting to keep custody of his kids while fighting a battle of wits (in Changing Lanes) with Ben Affleck's character.[13] He returned for Star Wars: Episode II \u2013 Attack of the Clones, seeing his minor supporting role develop into a major character. Mace Windu's purple lightsaber in the film was the result of Jackson's suggestion;[13] he wanted to be sure that his character would stand out in a crowded battle scene.[65][66] Jackson then acted as an NSA agent, alongside Vin Diesel in XXX, and as a kilt-wearing drug dealer in The 51st State.[67][68] In 2003, Jackson again worked with John Travolta in Basic and then as a police sergeant alongside Colin Farrell in the television show remake SWAT[69][70] A song within the soundtrack was named after him, entitled Sammy L. Jackson by Hot Action Cop.[71] Jackson also appeared in HBO's documentary Unchained Memories, as a narrator along many other stars like Angela Bassett and Whoopi Goldberg.\nBased on reviews gathered by Rotten Tomatoes, in 2004 Jackson starred in both his lowest and highest ranked films in his career.[72] In the thriller Twisted, Jackson played a mentor to Ashley Judd.[73] The film garnered a 2% approval rating on the website, with reviewers calling his performance \"lackluster\" and \"wasted\".[74][75][76] He then lent his voice to the computer-animated film The Incredibles as the superhero Frozone.[77] The film received a 97% approval rating, and Jackson's performance earned him an Annie Award nomination for Best Voice Acting.[78][79] He made a cameo in another Quentin Tarantino film, Kill Bill: Volume 2.[80]\n",
            "p1": "In 2005, he starred in the sports drama Coach Carter, where he played a coach (based on the actual coach Ken Carter) dedicated to teaching his players that education is more important than basketball.[81] Although the film received mixed reviews, Jackson's performance was praised despite the film's storyline.[82][83] Bob Townsend of the Atlanta Journal-Constitution commended Jackson's performance, \"He takes what could have been a cardboard clich\u00e9 role and puts flesh on it with his flamboyant intelligence.\"[84] Jackson also returned for two sequels: XXX: State of the Union, this time commanding Ice Cube, and the final Star Wars prequel film, Star Wars: Episode III \u2013 Revenge of the Sith.[85] His last film for 2005 was The Man alongside comedian Eugene Levy.[86] On November 4, 2005, he was presented with the Hawaii International Film Festival Achievement in Acting Award.[87]\n",
            "p2": "On January 30, 2006, Jackson was honored with a hand and footprint ceremony at Grauman's Chinese Theatre; he is the seventh African American and 191st actor to be recognized in this manner.[88] In an interview that year, he said that he chooses roles that are \"exciting to watch\" and have an \"interesting character inside of a story\", and that in his roles he wanted to \"do things [he hasn't] done, things [he] saw as a kid and wanted to do and now [has] an opportunity to do\".[89] He next starred opposite actress Julianne Moore in the box office bomb Freedomland, where he depicted a police detective attempting to help a mother find her abducted child while quelling a citywide race riot.[90][91] Jackson's second film of the year, Snakes on a Plane, gained cult film status months before it was released based on its title and cast.[92] Jackson's decision to star in the film was solely based on the title.[93] To build anticipation for the film, he also cameoed in the 2006 music video \"Snakes on a Plane (Bring It)\" by Cobra Starship. On December 2, 2006, Jackson won the German Bambi Award for International Film, based on his many film contributions.[94] In December 2006, Jackson starred in Home of the Brave, as a doctor returning home from the Iraq War.[95]\n",
            "p3": "On January 30, 2007, Jackson was featured as narrator in Bob Saget's direct-to-DVD Farce of the Penguins.[96] The film was a spoof of the box office success March of the Penguins (which was narrated by Morgan Freeman).[97] Also in 2007, he portrayed a blues player who imprisons a young woman (Christina Ricci) addicted to sex in Black Snake Moan, and the horror film 1408, an adaptation of the Stephen King short story.[98][99] Later the same year, Jackson portrayed an athlete who impersonates former boxing heavyweight Bob Satterfield in director Rod Lurie's drama, Resurrecting the Champ. In 2008, Jackson reprised his role of Mace Windu in the CGI film, Star Wars: The Clone Wars, followed by Lakeview Terrace where he played a racist cop who terrorizes an interracial couple.[100][101] In November of the same year, he starred along with Bernie Mac and Isaac Hayes (who both died before the film's release) in Soul Men.[102] In 2008, he portrayed the villain in The Spirit, which was poorly received by critics and the box office.[103][104] In 2009, he again worked with Quentin Tarantino when he narrated several scenes in the World War II film Inglourious Basterds.[105]\n"
        },
        {
            "header": "2010s",
            "p0": "In 2010, he starred in the drama Mother and Child and portrayed an interrogator who attempts to locate several nuclear weapons in the direct-to-video film Unthinkable.[106][107] Alongside Dwayne Johnson, Jackson again portrayed a police officer in the opening scenes of the comedy The Other Guys. He also co-starred with Tommy Lee Jones for a film adaptation of The Sunset Limited.\n",
            "p1": "Throughout Jackson's career, he has appeared in many films alongside mainstream rappers. These include Tupac Shakur (Juice), Queen Latifah (Juice/Sphere/Jungle Fever), Method Man (One Eight Seven), LL Cool J (Deep Blue Sea/S.W.A.T.), Busta Rhymes (Shaft), Eve (xXx), Ice Cube (xXx: State of the Union), Xzibit (xXx: State of the Union), David Banner (Black Snake Moan), and 50 Cent (Home of the Brave).[108] Additionally, Jackson has appeared in five films with actor Bruce Willis (National Lampoon's Loaded Weapon 1, Pulp Fiction, Die Hard with a Vengeance, Unbreakable, and Glass) and the actors were slated to work together in Black Water Transit before both dropped out.[109]\n",
            "p2": "In 2002, Jackson gave his consent for Marvel Comics to design their \"Ultimate\" version of the character Nick Fury after his likeness.[110] In the 2008 film Iron Man, he made a cameo as the character in a post-credit scene.[111] In February 2009, Jackson signed on to a nine-picture deal with Marvel Studios which would see him appear as the character in Iron Man 2, Thor, Captain America: The First Avenger, and The Avengers, as well as any other subsequent film they would produce.[112] He reprised the role in Captain America: The Winter Soldier (2014)[113] and Avengers: Age of Ultron (2015).[114] In February 2015, Jackson stated that he only has two movies left on his Marvel contract following Age of Ultron.[115] In 2018 and 2019, Jackson made cameo appearances as Fury in the Avengers sequels Infinity War and Endgame, and starred as a younger, de-aged Fury in Captain Marvel alongside Brie Larson.\n",
            "p3": "Among his more recent film roles, Jackson appeared in Quentin Tarantino's Django Unchained, which was released December 25, 2012,[116] Tarantino's The Hateful Eight, which was released in 70mm on December 25, 2015,[117] and Jordan Vogt-Roberts' Kong: Skull Island,[118] which was released on March 10, 2017. In 2019, Jackson reprised his Unbreakable role as Mr. Glass in the film Glass, and his Shaft role in Shaft, both sequels to his 2000 films. Also in 2019, he appeared in the Brie Larson film Unicorn Store,[119][120] and had a prominent role as Fury in the Marvel film Spider-Man: Far From Home. Additionally, he reprised his role as Fury in a cameo appearance on the ABC television series Agents of S.H.I.E.L.D. in 2013[121] and the season finale in 2014.[122]\n"
        },
        {
            "header": "2020s",
            "p0": "In 2020, he appeared in the television documentary series Enslaved.[123] He also appeared in the 2021 movie Spiral: From the Book of Saw alongside Chris Rock. After an eleven year absence from the stage Jackson is set to return to Broadway as Doaker Charles in a revival of August Wilson's The Piano Lesson opposite John David Washington and Danielle Brooks. The 2022 production will be directed by Jackson's wife LaTanya Richardson Jackson.[124]\n",
            "p1": "He is set to produce a live-action film adaptation of Afro Samurai,[125] and will play the role of Sho'nuff in a remake of The Last Dragon.[126] He is set to reprise his MCU role as Nick Fury in the upcoming Disney+ series Secret Invasion,[127] and in The Marvels, the sequel to Captain Marvel.[128]\n"
        }
    ]
}