{
    "id": "nm0021835",
    "name": "Joaquim de Almeida",
    "career": [
        {
            "header": "1980s",
            "p0": "After his beginning in theater, Almeida started his film career in 1982 appearing in The Soldier. His first significant role came in a 1983 film, The Honorary Consul. He made appearances in TV series such as Miami Vice,[5] and made his breakthrough four years later when he  appeared in Good Morning, Babylon, a film directed by Paolo and Vittorio Taviani that opened the Cannes Film Festival in 1987. Being fluent in six languages, Almeida continued his acting career in several countries such as Portugal, England, Spain, France, Italy, Brazil, Argentina, and Germany, working in numerous films.[3][4]\n"
        },
        {
            "header": "1990s",
            "p0": "In 1994, Almeida played F\u00e9lix Cortez, a former colonel of Cuban military intelligence in the Tom Clancy thriller, Clear and Present Danger, co-starring Harrison Ford, Willem Dafoe and Anne Archer. The film debuted at number one in the box office, earning a reported $20.5 million in the United States.[6]\n",
            "p1": "Clear and Present Danger was a great success and was nominated for two Academy Awards.[7] Later in 1994, Almeida starred in the romantic comedy Only You, in which he plays a suave Italian businessman named Giovanni. According to The New York Times, the film director and producer Norman Jewison said: \"I interviewed many actors for the role....  There was one Italian actor, fairly prominent, that I met in L.A. and again in New York and in Rome. And I wanted to meet several other Italian actors in Italy.\" When the production moved from Pittsburgh to Italy last fall, however, none of the country's actors seemed right for what Jewison called \"the clich\u00e9d Italian gigolo, the guy that women from the Midwest always meet.\" After the interview with Almeida, Jewison recalled: \"Howard Feuer, the casting director, said, 'Joaquim's not that tall. He's not that handsome. He's no Rossano Brazzi here.' I said, 'But listen to his voice.' There's a machoness. Especially when he lowers it, whispers, leans across the table and pours you another glass of wine. He can be extremely intimate with his voice.\"[8]\n",
            "p2": "In 1995, Almeida appeared with Antonio Banderas and Salma Hayek in the Robert Rodriguez's action thriller Desperado. This film is the sequel to Rodriguez's independent film El Mariachi and the second entry in the Mexico Trilogy. Joaquim de Almeida portrays the main villain Bucho, a wealthy but casually bloodthirsty drug kingpin, who rules a seedy Mexican border town.[9] Almeida replaced Ra\u00fal Juli\u00e1 as Bucho, following Juli\u00e1's death in 1994. Desperado was screened out of competition at the 1995 Cannes Film Festival.[10] He won a Portuguese Golden Globe for Best Actor in his next film, the 1995 Portuguese drama Ad\u00e3o e Eva (Adam and Eve),[11] where he played the main female character career rival Francisco.[12]\n",
            "p3": "In 1997 he appeared in the miniseries Nostromo and starred in the Lu\u00eds Galv\u00e3o Teles' drama Elles (Women).[13] The following year, he co-starred with Eric Roberts in the Jack Perez thriller La Cucaracha (1998). The film premiered at the Austin Film Festival where it won the Feature Film Award.[14]\n"
        },
        {
            "header": "2000s",
            "p0": "In 2001, Almeida starred in the Brazilian comedy O Xang\u00f4 de Baker Street, where he plays the legendary British detective Sherlock Holmes. The film is based on a book written in 1995 by celebrated Brazilian author/actor/entrepreneur J\u00f4 Soares about a case involving Sherlock Holmes and his loyal friend Doctor Watson, who are invited to Brazil by its Emperor, Pedro II, to find the thief of a priceless Stradivarius owned by his lover. Almeida's outstanding portrayal of the iconic fictional character earned him another Portuguese Golden Globe for best actor, his third, and was nominated for Cinema Brazil Grand Prize award for best actor.[15] In 2001, he had a supporting role in the war film Behind Enemy Lines as Admiral Juan Miguel Piquet, the commander of NATO's naval forces, starring alongside Owen Wilson and Gene Hackman. The film, based on the Mrkonji\u0107 Grad incident, is centered on the story of an American naval flight officer, played by Owen Wilson, who was shot down over Bosnia, who ends up uncovering a massacre during the Bosnian conflict.\n",
            "p1": "In 2004, he starred with Daryl Hannah and Denise Richards in Yo Puta, a gritty docu-style prostitution tale [16] \u2014 in which interviews with real-life prostitutes are interspersed \u2014 that is based on a bestselling book by Spaniard Isabel Pisano that tracks the slow descent of a girl into the sex business.[17]\n",
            "p2": "That same year, he joined the cast of 24 as Ramon Salazar, the ruthless leader of a drug cartel who is put into\u2014and later broken out of\u2014prison by Jack Bauer. In 2007, Joaquim de Almeida limns a brutal foreman named Baxter, in the Antonio Cuadri's El coraz\u00f3n de la tierra, a heady romance with a social conscience.[18]\n",
            "p3": "Later in 2004, Almeida portrayed a Spanish-born photo journalist named Michael in the romantic drama La Cucina, a film about several mostly separated storylines in which couples, friends and associates meet for a night of cooking and befriending.[19]\n",
            "p4": "In 2008, he starred in Che: Part Two, a biographical film about the Argentine doctor-turned-international revolutionary Ernesto Guevara. Almeida played President Ren\u00e9 Barrientos, a former Bolivian politician who served as his country's Vice President in 1964 and as its President from 1964 to 1969.[citation needed]\n",
            "p5": "Later that year, Almeida appeared in The Burning Plain as local man named Nick Martinez, starring alongside Charlize Theron and Kim Basinger. He also provided his voice for the animated show The Batman as the voice of the villain Bane, and reprised his role in all of his appearances in the show except one in which Ron Perlman voices the character for one line.[citation needed]\n"
        },
        {
            "header": "2010s",
            "p0": "On 16 July 2010, Almeida was confirmed for the role of antagonist Hernan Reyes in the 2011 action film Fast Five directed by Justin Lin and co-starring Vin Diesel, Paul Walker and Dwayne Johnson.[20] The film took $3.8\u00a0million in receipts during launch midnight showings marking the best ever opening for a Universal title and The Fast and The Furious franchise.[21] Fast Five became the highest-grossing film of 2011 for 15 days before being replaced on 30 May 2011.[22]\n",
            "p1": "Between 2013 and 2020, Almeida starred in The Gilded Cage, Our Brand is Crisis, The Hitman's Bodyguard, and Downsizing.\n",
            "p2": "Beginning in 2016, Almeida starred for two seasons as the drug kingpin Don Epifanio Vargas in the USA Network crime drama Queen of the South, opposite Alice Braga. He garnered Imagen Awards nominations as Best Actor in both 2017 and 2018 for his portrayal of Don Epifanio, and after the character was killed by Braga's character in the last episode of Season Two, Almeida also appeared during Season Three. The show wrapped up its 5th season in 2021.\n"
        }
    ]
}