{
    "id": "nm0006290",
    "name": "Howard Shore",
    "career": [
        {
            "header": "empty",
            "p23": "Howard Shore was born in Toronto, Ontario, Canada, the son of Bernice (n\u00e9e Ash) and Mac Shore.[3][4] Shore is Jewish.[5] He started studying music at the age of 8 or 9. He learned a multitude of instruments and began playing in bands at the ages of 13 and 14. When Shore was 13, he met and became good friends with a young Lorne Michaels in summer camp, and this friendship would later be influential in his career.[6] By 17, he decided he wanted to pursue music in his adult life too.[7] He studied music at Berklee College of Music in Boston after graduating from Forest Hill Collegiate Institute.[8][9]\n",
            "p24": "From 1969 to 1972, Shore was a member of the jazz fusion band Lighthouse.[10] In 1970, he became the music director for Lorne Michaels and Hart Pomerantz's short-lived TV program The Hart & Lorne Terrific Hour. Shore wrote the music for Canadian magician Doug Henning's magic musical Spellbound in 1974 and, from 1975 to 1980, he was the musical director for Lorne Michaels' influential late-night NBC comedy show Saturday Night Live,[11] appearing in many musical sketches, including Howard Shore and His All-Nurse Band, and dressed as a beekeeper for a John Belushi/Dan Aykroyd performance of the Slim Harpo classic \"I'm a King Bee\". Shore also suggested the name for The Blues Brothers to Dan Aykroyd and John Belushi.[12]\n"
        }
    ]
}