{
    "id": "nm0009190",
    "name": "J.J. Abrams",
    "career": [
        {
            "header": "empty",
            "p5": "Abrams' first job in the movie business was at age 16 when he wrote the music for Don Dohler's 1982 horror movie Nightbeast. During his senior year at college, he teamed with Jill Mazursky, the daughter of award-winning writer/director, Paul Mazursky to write a feature film treatment.[5][6] Purchased by Touchstone Pictures, the treatment was the basis for Taking Care of Business, Abrams' first produced film, which starred Charles Grodin and James Belushi and was directed by Academy Award winner Arthur Hiller. He followed with Regarding Henry, starring Harrison Ford, and Forever Young, starring Mel Gibson. He also co-wrote with Mazursky the script for the comedy Gone Fishin' starring Joe Pesci and Danny Glover.\n",
            "p6": "In 1994, he was part of the \"Propellerheads\" with Rob Letterman, Loren Soman, and Andy Waisler, a group of Sarah Lawrence alums experimenting with computer animation technology. They were contracted by Jeffrey Katzenberg to develop animation for the film Shrek.[7]  Abrams worked on the screenplay for the 1998 film Armageddon with producer Jerry Bruckheimer and director Michael Bay. That same year, he made his first foray into television with Felicity, which ran for four seasons on The WB Network, serving as the series' co-creator (with Matt Reeves) and executive producer. He also composed its opening theme music.\n"
        },
        {
            "header": "2000s",
            "p0": "Under his production company, Bad Robot, which he founded with Bryan Burk in 2001,[8] Abrams created and executive-produced ABC's Alias and is co-creator (along with Damon Lindelof and Jeffrey Lieber) and was executive producer of Lost. As with Felicity, Abrams also composed the opening theme music for Alias and Lost. Abrams directed and wrote the two-part pilot for Lost and remained active producer for the first half of the season. Also in 2001, Abrams co-wrote and produced the horror-thriller Joy Ride.[9] In 2006, he served as executive producer of What About Brian and Six Degrees, also on ABC. He also co-wrote the teleplay for Lost's third-season premiere \"A Tale of Two Cities\" and the same year, he made his feature directorial debut with Mission: Impossible\u00a0III, starring Tom Cruise. Abrams spoke at the TED conference in 2007.[10][importance?]\n",
            "p1": "In 2008, Abrams produced the monster movie Cloverfield, which Matt Reeves directed.[11] In 2009, he directed the science fiction film Star Trek,[12] which he produced with Lost co-creator Damon Lindelof. While it was speculated that they would be writing and producing an adaptation of Stephen King's The Dark Tower series of novels, they publicly stated in November 2009 that they were no longer looking to take on that project.[13] In 2008, Abrams co-created, executive produced, and co-wrote (along with Roberto Orci and Alex Kurtzman) the FOX science fiction series Fringe, for which he also composed the theme music. He was featured in the 2009 MTV Movie Awards 1980s-style digital short \"Cool Guys Don't Look at Explosions\", with Andy Samberg and Will Ferrell, in which he plays a keyboard solo. NBC picked up Abrams's Undercovers as its first new drama series for the 2010\u201311 season.[14] However, it was subsequently cancelled by the network in November 2010.\n"
        },
        {
            "header": "2010s",
            "p0": "Abrams wrote and directed the Paramount science fiction thriller Super 8, starring Joel Courtney and Elle Fanning, while co-producing with Steven Spielberg and Bryan Burk; it was released on June 10, 2011.[15]\n",
            "p1": "Abrams directed the sequel to Star Trek, Star Trek Into Darkness, released in May 2013.[16] The film was interpreted as a loose remake of Star Trek II: The Wrath of Khan.[17] Critics generally reacted positively to the film, while Nicholas Meyer, the director of The Wrath of Khan, called it a \"gimmick\".[18] Abrams was criticized for the film's treatment of classic villain Khan Noonien Singh (Benedict Cumberbatch). Many felt that much of the character, originally played by Mexican actor Ricardo Montalban, had been lost, especially his ethnic identity.[a] Two years after the film's release, Abrams said of the film, \"there were certain things I was unsure of. ... Any movie ... has a fundamental conversation happening during it. And [for Into Darkness,] I didn't have it... [The weakness of the plot] was not anyone's fault but mine. ... [The script] was a little bit of a collection of scenes that were written by my friends ... And yet, I found myself frustrated by my choices, and unable to hang my hat on an undeniable thread of the main story. So then I found myself on that movie basically tap-dancing as well as I could to try and make the sequences as entertaining as possible. ... I would never say that I don't think that the movie ended up working. But I feel like it didn't work as well as it could have, had I made some better decisions before we started shooting.\"[20]\n",
            "p2": "On January 25, 2013, Disney and Lucasfilm introduced Abrams as director and producer of Star Wars: The Force Awakens, the seventh entry in the Star Wars film saga,[21] with Bryan Burk and Bad Robot Productions producing the film.[22] Following this news, speculation arose as to Abrams's future with Paramount Pictures, under which he had released all of his previous feature work as a director, and which had a first-look deal with his company, Bad Robot Productions. Paramount vice-chairman Rob Moore stated that Abrams would continue to have a hand in the Star Trek and Mission: Impossible franchises going forward.[23]\n",
            "p3": "Abrams directed, produced, and co-wrote the screenplay for The Force Awakens,[24] which opened in theaters on December 18, 2015.[25][26] Despite its strong box office performance and positive reviews, the film was considered by some, including Star Wars creator George Lucas, to be too similar to the original 1977 film.[27][28] In 2016, Abrams responded towards these complaints, stating: \"What was important for me was introducing brand new characters using relationships that were embracing the history that we know to tell a story that is new \u2014 to go backwards to go forwards\".[29][b]\n",
            "p4": "Abrams returned as producer for Star Trek Beyond, released in 2016. And also produced The Cloverfield Paradox, a sequel to 10 Cloverfield Lane. It was released on Netflix in February 2018.[31][32] Also on 2018, Abrams produced Overlord, a horror film set behind German enemy lines in World War II and directed by Julius Avery.[33] Abrams also produced the fourth, fifth, and sixth Mission: Impossible films.[34]\n",
            "p5": "In September 2017, Abrams returned to direct and co-write Star Wars: The Rise of Skywalker with Chris Terrio.[35] The film was released in December 2019; it received mixed reviews from critics and fans,[36][37] while audience reactions leaned more positively.[38][39]\n"
        },
        {
            "header": "Upcoming projects",
            "p0": "In 2008, it was reported that Abrams purchased the rights to a New York Times article \"Mystery on Fifth Avenue\" about the renovation of an 8.5\u00a0million dollar co-op, a division of property originally owned by E. F. Hutton & Co. and Marjorie Merriweather Post, for six figures and was developing a film titled Mystery on Fifth Avenue, with Paramount Pictures and Bad Robot Productions,[40] and comedy writers Maya Forbes and Wally Wolodarsky to write the adaptation. According to the article, a wealthy couple Steven B. Klinsky and Maureen Sherry purchased the apartment in 2003 and live there with their four children. Soon after purchasing the apartment, they hired young architectural designer Eric Clough, who devised an elaborately clever \"scavenger hunt\" built into the apartment that involved dozens of historical figures, a fictional book and a soundtrack, woven throughout the apartment in puzzles, riddles, secret panels, compartments, and hidden codes, without the couple's knowledge. The family didn't discover the embedded mystery until months after moving into the apartment.[41][42] After Abrams purchased the article, Clough left him an encrypted message in the wall tiles of a Christian Louboutin shoe store he designed in West Hollywood.[43]\n",
            "p1": "In July 2016, Abrams reported that a fourth alternate universe Star Trek installment was in the works and that he was confident that Chris Pine, Zachary Quinto and Chris Hemsworth would return for the sequel.[44][45]\n",
            "p2": "In May 2018, Abrams and Avery had reunited to produce and direct, respectively, a superhero thriller film titled The Heavy, with a script written by Daniel Casey. Paramount and Bad Robot plan to begin filming sometime in 2018.[46]\n",
            "p3": "Abrams will produce and Guillermo del Toro will write and direct a science-fiction action/thriller film titled Zanbato,[47] which Abrams has been working on since 2011.[48]\n",
            "p4": "In September 2019, Abrams and his Bad Robot Productions company signed a $250\u00a0million five-year deal with WarnerMedia, including HBO and Warner Bros. Pictures.[49] In April 2020, it was announced that Abrams would be developing three new shows for HBO Max: Justice League Dark, Overlook, and Duster.[50] Abrams will also serve as executive producer and co-creator of a new Batman animated series titled Batman: Caped Crusader alongside Reeves and Bruce Timm.[51]\n",
            "p5": "Abrams is one of the producers of an animated short film of The Boy, the Mole, the Fox and the Horse, which is scheduled to be aired on BBC One and BBC iPlayer at Christmas 2022.[52]\n"
        },
        {
            "header": "Unrealized projects",
            "p0": "In 1989, Abrams met Steven Spielberg at a film festival, where Spielberg spoke about a possible Who Framed Roger Rabbit sequel, with Abrams as a possible writer and with Robert Zemeckis as producer.[53] Nothing came up from this project, although Abrams has some storyboards for a Roger Rabbit short.[53]\n",
            "p1": "In July 2002, Abrams wrote a script for a possible fifth Superman film entitled Superman: Flyby.[54] Brett Ratner and McG entered into talks to direct,[55] although Abrams tried to get the chance to direct his own script.[56] However, the project was finally cancelled in 2004 and instead Superman Returns was released in 2006.\n",
            "p2": "In November 2009, Abrams and Bad Robot Productions along with Cartoon Network Movies, Warner Bros., Frederator Films and Paramount Pictures, reportedly were producing a film adaptation of Samurai Jack.[57] However, the production of the film was scrapped after Abrams' departure from the project to direct Star Trek.[58] For this and other reasons, series creator Genndy Tartakovsky made a new season instead of a feature film. Also in 2009, Abrams and Bad Robot Productions were reportedly set to produce a film based on the Micronauts toy line.[59][60] However, the film has never gone into production.[61]\n",
            "p3": "In February 2018, HBO ordered Abrams' sci-fi drama Demimonde to series.[62] In June 2022, the project was cancelled.[63]\n"
        }
    ]
}