{
    "id": "nm0000169",
    "name": "Tommy Lee Jones",
    "career": [
        {
            "header": "Early acting and film (1960s\u20131980)",
            "p0": "Jones moved to New York to become an actor, making his Broadway debut in 1969's A Patriot for Me in a number of supporting roles. In 1970, he landed his first film role, coincidentally playing a Harvard student in Love Story (Erich Segal, the author of Love Story, said that he based the lead character of Oliver on aspects of two undergraduate roommates he knew while on a sabbatical at Harvard, Jones and Al Gore).[13]\n",
            "p1": "In early 1971, he returned to Broadway in Abe Burrows' Four on a Garden where he shared the stage with Carol Channing and Sid Caesar. Between 1971 and 1975 he portrayed Dr. Mark Toland on the ABC soap opera One Life to Live. He returned to the stage for a short-lived 1974 production of Ulysses in Nighttown, an adaptation of one episode from James Joyce's novel Ulysses, playing Stephen Dedalus opposite Zero Mostel's Leopold Bloom and directed by Burgess Meredith.[14] It was followed by the acclaimed TV movie The Amazing Howard Hughes, where he played the lead role.\n",
            "p2": "In films, he played a hunted escaped convict  in Jackson County Jail (1976); a Vietnam veteran in Rolling Thunder (1977); an automobile mogul, co-starring with Laurence Olivier, in the Harold Robbins drama The Betsy; and a police detective opposite Faye Dunaway in the 1978 thriller Eyes of Laura Mars.\n",
            "p3": "In 1980, Jones earned his first Golden Globe nomination for his portrayal of country singer Loretta Lynn's husband, Doolittle \"Mooney\" Lynn, in Coal Miner's Daughter. In 1981, he played a drifter opposite Sally Field in Back Roads, a comedy that received middling reviews.[15]\n"
        },
        {
            "header": "Increased exposure (1983\u20132004)",
            "p0": "In 1983, he received an Emmy[16] for Best Actor for his performance as murderer Gary Gilmore in a TV adaptation of Norman Mailer's The Executioner's Song. The same year, he starred in a pirate adventure, Nate and Hayes, playing pirate captain Bully Hayes.\n",
            "p1": "In 1989, he earned another Emmy nomination for his portrayal of Texas Ranger Woodrow F. Call in the acclaimed television mini-series Lonesome Dove, based on the best-seller by Larry McMurtry.\n",
            "p2": "In the 1990s, Jones was featured in blockbuster films such as JFK co-starring Kevin Costner, The Fugitive co-starring Harrison Ford, Batman Forever co-starring Val Kilmer, Volcano co-starring Anne Heche, and Men in Black with Will Smith. His performance as Deputy U.S. Marshal Samuel Gerard in The Fugitive received broad acclaim and an Academy Award for Best Supporting Actor and a sequel. When he accepted his Oscar, his head was shaved for his role in the film Cobb, which he made light of in his speech: \"The only thing a man can say at a time like this is 'I am not really bald'. Actually I'm lucky to be working\".\n",
            "p3": "Among his other well-known performances during the 1990s were those of the accused conspirator Clay Shaw/Clay Bertrand in the 1991 film JFK (which earned him another Oscar nomination), as a terrorist who hijacks a U.S. Navy battleship in Under Siege and as a maximum-security prison warden who's in way over his head in Natural Born Killers. He also played the role of \"Reverend\" Roy Foltrigg in the 1994 film The Client.\n",
            "p4": "Jones co-starred with director Clint Eastwood as astronauts in the 2000 film Space Cowboys, in which both played retired pilots and friends/rivals leading a space rescue mission together.\n"
        },
        {
            "header": "Later years (2005\u2013present)",
            "p0": "In 2005, the first theatrical feature film Jones directed, The Three Burials of Melquiades Estrada, was presented at the 2005 Cannes Film Festival. Jones's character speaks both English and Spanish in the film. His performance won him the Best Actor Award at Cannes. His first film as a director had been The Good Old Boys in 1995, a made-for-television movie.\n",
            "p1": "Two strong performances in 2007 marked a resurgence in Jones's career, one as a beleaguered father investigating the disappearance of his soldier son in In the Valley of Elah, the other as a Texas sheriff hunting an assassin in the Oscar-winning No Country for Old Men. For the former, he was nominated for an Academy Award.\n",
            "p2": "Jones has been a spokesman for Japanese brewing company Suntory since 2006. He can be seen in various Japanese TV commercials of Suntory's Coffee brand Boss as a character called \"Alien Jones,\" an extraterrestrial who takes the form of a human being to check on the world of humans. Many of these commercials can be seen on YouTube.[17] In 2011, Jones appeared in public service announcements on Japanese television, joining a number of other popular figures who sang two sentimental songs in remembrance of those lost in the 2011 T\u014dhoku earthquake and tsunami.\n",
            "p3": "In 2010, Jones appeared alongside Ben Affleck in the recession drama The Company Men. The film premiered at the Sundance Film Festival, where early reviews praised Jones's performance as \"pitch-perfect.\"[18] Jones had a role in the Marvel Studios film, Captain America: The First Avenger.[19] He also directed, produced and co-starred with Samuel L. Jackson in an adaptation of The Sunset Limited.\n",
            "p4": "In 2012, there was another turning point in Jones's career, starting with playing Agent K again in Men in Black 3, portraying Arnold Soames in the romantic dramedy Hope Springs, and co-starring as Thaddeus Stevens in Steven Spielberg's Lincoln. Jones's performance in Lincoln received wide critical acclaim, and he was nominated for an Oscar for the fourth time, for Best Supporting Actor.\n"
        }
    ]
}