{
    "id": "nm0001125",
    "name": "Benicio Del Toro",
    "career": [
        {
            "header": "empty",
            "p6": "Del Toro surfaced in small television roles during the late 1980s, playing mostly thugs and drug dealers on programs such as Miami Vice and the NBC miniseries Drug Wars: The Camarena Story. He appeared in the 1987 music video for Madonna's song \"La Isla Bonita\" as a background character sitting on a car hood. Film roles followed, beginning with his debut in Big Top Pee-wee (1988) and as Dario in the James Bond film Licence to Kill (1989),[14] in which 21-year-old del Toro held the distinction of being the youngest actor ever to play a main Bond henchman (besides Alison Doody who while 18 was not a primary henchwoman). Del Toro continued to appear in film including The Indian Runner (1991), China Moon (1994), Christopher Columbus: The Discovery (1992), Money for Nothing (1993), Fearless (1993) and Swimming with Sharks (1994).\n",
            "p7": "His career gained momentum in 1995 with his breakout performance in The Usual Suspects, where he played the mumbling, wisecracking Fred Fenster.[14] The role won him an Independent Spirit Award for Best Supporting Male and established him as a character actor. This led to stronger roles in independent and major studio films, including playing Gaspare in Abel Ferrara's The Funeral (1996) and winning a second consecutive Independent Spirit Award for Best Supporting Male for his work as Benny Dalmau in Basquiat (1996), directed by his friend, film-maker and painter Julian Schnabel. Del Toro also shared the screen with Robert De Niro in the big-budget thriller The Fan (1996), in which he played Juan Primo, a charismatic Puerto Rican baseball star. He subsequently starred opposite Alicia Silverstone in Excess Baggage (1997), which Silverstone produced.\n",
            "p8": "For Fear and Loathing in Las Vegas, the 1998 film adaptation of Hunter S. Thompson's famous book, he gained more than 40\u00a0lbs. (about 18\u00a0kg) to play Dr. Gonzo (a.k.a. Oscar Zeta Acosta), Thompson's lawyer and drug-fiend cohort.[14] The surrealistic film, directed by Terry Gilliam, has earned a cult following over the years.\n",
            "p9": "Del Toro's performances in four films in 2000 gained him a mainstream audience. First, the crime yarn The Way of the Gun reunited him with The Usual Suspects screenwriter Christopher McQuarrie. A few months later, he stood out among a first-rate ensemble cast in Steven Soderbergh's Traffic, a complex dissection of the North American drug wars. As Javier Rodriguez \u2014 a Mexican border policeman struggling to remain honest amid the corruption and deception of illegal drug trafficking \u2014 del Toro, who spoke most of his lines in Spanish, gave a performance that dominated the film.[14] His performance swept all of the major critics' awards in 2001. Del Toro won the Academy Award for Best Supporting Actor, becoming the fourth living Oscar winner whose winning role was a character who speaks predominantly in a non-English language. Del Toro is also the third Puerto Rican actor to win an Oscar, after Jose Ferrer and Rita Moreno.[14] The year he won his Oscar marked the first time that two actors born in Puerto Rico were nominated in the same category (the other actor was Joaquin Phoenix). In his acceptance speech, del Toro thanked the people of both Nogales, Arizona and Nogales, Sonora and dedicated his award to them. In addition to the Oscar, he also won the Golden Globe Award and the Screen Actors Guild award for Best Actor. Traffic was also a success at the box office. This was soon followed by a small role as the diamond thief Franky Four Fingers in Guy Ritchie's hip caper comedy Snatch and a role as a mentally challenged Native American man in The Pledge, directed by his old friend Sean Penn.[14]\n",
            "p10": "In 2003, del Toro appeared in two films: The Hunted, co-starring Tommy Lee Jones and the drama 21 Grams, co-starring Sean Penn and Naomi Watts. He went on to earn another Best Supporting Actor Oscar nomination for his performance in the latter. He then appeared in the film adaptation of Frank Miller's graphic novel Sin City, directed by Robert Rodriguez, and Things We Lost in the Fire, the English-language debut of celebrated Danish director Susanne Bier.\n",
            "p11": "In 2008, del Toro was awarded the Prix d'interpretation masculine (or Best Actor Award) at the Cannes Film Festival for his portrayal of Che Guevara in the biographical films The Argentine and Guerrilla (together known as Che).[15] During his acceptance speech, del Toro dedicated his award \"to the man himself, Che Guevara\" along with director Steven Soderbergh.[16] Del Toro was also awarded the 2009 Goya Award as the Best Actor for his portrayal of Guevara.[17] Sean Penn, who won the 2009 Best Actor Oscar for his performance in Milk, remarked that he was surprised and disappointed that Che and del Toro were not also up for any Academy Award nominations. During his acceptance speech for the Best Actor award at the Screen Actors Guild Awards, Penn expressed his dismay stating, \"The fact that there aren't crowns on Soderbergh's and del Toro's heads right now, I don't understand... that is such a sensational movie, Che.\"[18] For the final portions of the film (shown here), del Toro shed 35 pounds to show how ill Guevara had become near the end of his life in the jungles of Bolivia.[19]\n",
            "p12": "In 2010, del Toro starred in and produced the remake of Lon Chaney Jr.'s classic cult film The Wolf Man (1941).[20] He was chosen to be the face of the 2011 Campari calendar, becoming the first male model to be featured in the Italian liquor company's calendar.[21][22] Del Toro played The Collector in a mid-credits scene of Marvel Studios' superhero film Thor: The Dark World (2013) and later reprised his role in Guardians of the Galaxy (2014)[23] and Avengers: Infinity War (2018).\n",
            "p13": "In September 2015, del Toro played Alejandro Gillick in the critically acclaimed Sicario, about a principled FBI agent who is enlisted by a government task force to bring down the leader of a powerful and brutal Mexican drug cartel. Film critics widely praised his performance.[24][25] Del Toro reprised his role in the sequel Sicario: Day of the Soldado (2018). In 2016, del Toro appeared in a Heineken television advertisement in its More Behind the Star series. The gag in the spot is that fans frequently mistake him for fellow actor Antonio Banderas, much to del Toro's chagrin.[26] In 2017, he played DJ (an abbreviation for \"Don't Join\", as DJ viewed the Resistance and the First Order as equally corrupt), a supporting antagonist in Star Wars: The Last Jedi,[27] who betrayed Rose and Finn to save himself when they were apprehended on the First Order's flagship. [28]\n",
            "p14": "In 2021, del Toro starred in the Wes Anderson film The French Dispatch as Moses Rosenthaler, a mentally disturbed artist.[29]\n"
        }
    ]
}