{
    "id": "nm0004937",
    "name": "Jamie Foxx",
    "career": [
        {
            "header": "1989\u20132003: Beginnings and acting debut",
            "p0": "Foxx first told jokes at a comedy club's open mic night in 1989, after accepting a girlfriend's dare. When he found that female comedians were often called first to perform, he chose the stage name of Jamie Foxx, which he felt was ambiguous enough to disallow any biases,[9][15] with his surname being a tribute to the black comedian Redd Foxx.[15] Foxx joined the cast of In Living Color in 1991, where his recurrent character Wanda also shared a name with Redd's friend and co-worker, LaWanda Page. Following a recurring role in the comedy-drama sitcom Roc,[16] Foxx went on to star in his own sitcom The Jamie Foxx Show, from 1996 to 2001, and he also produced through his company Foxx Hole Productions.\n",
            "p1": "Foxx made his film debut in the 1992 comedy Toys. His first dramatic role came in Oliver Stone's 1999 film Any Given Sunday, where he was cast as a hard-partying quarterback,[7] partly because of his own football background.[7] During filming, Foxx fought with costar LL Cool J.[17][18]\n",
            "p2": "In 2001, Foxx starred opposite Will Smith in Michael Mann's biographical drama Ali. Three years later, Foxx played taxi driver Max Durocher in the Mann film Collateral alongside Tom Cruise, for which he received outstanding reviews and a nomination for the Academy Award for Best Supporting Actor.[7]\n",
            "p3": "In 1994, Foxx released an album (on the Fox record label) entitled Peep This, which was not commercially successful. In 2003, Foxx made a cameo in Benzino's music video for \"Would You\", which features LisaRaye McCoy and Mario Winans.\n"
        },
        {
            "header": "2003\u20132006: Ray, Unpredictable, and Dreamgirls",
            "p0": "In 2003, Foxx featured on the rapper Twista's song, \"Slow Jamz\", together with Kanye West, which reached No. 1 on the US Billboard Hot 100 singles chart and #3 on the UK Singles chart. His second collaboration with Kanye West, \"Gold Digger,\" in which Foxx sang the Ray Charles-influenced \"I Got a Woman\" hook, then went straight to No. 1 on the Billboard Hot 100, remaining there for 10 weeks. In 2005, Foxx featured on the single \"Georgia\" by Atlanta rappers Ludacris and Field Mob, which sampled Ray Charles' hit \"Georgia on My Mind\".\n",
            "p1": "Foxx would also portray Ray Charles in the biographical film Ray (2004), for which he won the Academy Award for Best Actor[7] and the BAFTA Award for Best Actor in a Leading Role. Foxx is the third male in history (after Barry Fitzgerald and Al Pacino) to receive two acting Oscar nominations in the same year for two different movies, Collateral and Ray. In 2005, Foxx was invited to join the Academy of Motion Picture Arts and Sciences.[19]\n",
            "p2": "Foxx released his second studio album, Unpredictable, in December 2005. It debuted at No. 2, selling 598,000 copies in its first week,[20] rising to No. 1 the following week and selling an additional 200,000 copies.[21] To date, the album has sold 1.98\u00a0million copies in the United States, and was certified double Platinum by the RIAA.[22][23] The album also charted on the UK Albums Chart, where it peaked at No. 9.[24] Foxx became the fourth artist to have both won an Academy Award for an acting role and to have achieved a No. 1 album in the U.S, joining Frank Sinatra, Bing Crosby and Barbra Streisand. Foxx's first single from the album, the title track \"Unpredictable\" (featuring Ludacris), peaked in the Billboard Hot 100 Top 10 singles and also made the UK Top 20 singles chart; the track samples \"Wildflower\" by New Birth. The second US single from the album was \"DJ Play a Love Song,\" which reunited Foxx with Twista. In the UK, the second single was \"Extravaganza\", which saw Foxx once again collaborate with Kanye West, although Foxx did not feature in the song's music video.\n",
            "p3": "At the 2006 Black Entertainment Television (BET) Awards, Foxx won Best Duet/Collaboration with Kanye West for \"Gold Digger\" and tied with Mary J. Blige's \"Be Without You\" for Video of the Year. On December 8, 2006, Foxx received four Grammy Award nominations, which included Best R&B Performance by a Duo or Group with Vocals for Love Changes featuring Mary J. Blige, Best R&B Album for Unpredictable, Best Rap Performance by a Duo or Group for Georgia by Ludacris & Field Mob featuring Jamie Foxx, and Best Rap/Sung Collaboration for Unpredictable featuring Ludacris.\n",
            "p4": "Following on from these successes, Foxx went on to appear in the box-office hits Jarhead, Miami Vice and Dreamgirls, which lifted his profile even higher as a bankable star in Hollywood.\n"
        },
        {
            "header": "2007\u20132009: Intuition",
            "p0": "2007 brought him the lead role in the action thriller film The Kingdom opposite Chris Cooper, Jason Bateman, Jennifer Garner and Ashraf Barhom. In September 2007, Foxx was awarded a star on the Hollywood Walk of Fame: \"[it was] one of the most amazing days of my life,\" said Foxx.[25] In April 2009, Foxx played the lead role in the dramatic film The Soloist. A few months later in October 2009, he played a starring role alongside Gerard Butler in the thriller Law Abiding Citizen. In 2007, his company FoxxKing Entertainment signed deals with MTV and VH1.[26]\n",
            "p1": "Foxx released his third album titled Intuition in 2008, featuring Kanye West, T.I., Ne-Yo, Lil' Kim and T-Pain. The album's first single, \"Just Like Me\" featuring T.I., was promoted by a video directed by Brett Ratner which featured an appearance by actress Taraji P. Henson. The second single \"Blame It\" featured T-Pain and became a top 5 single on the Billboard Hot 100 and a number-one single on the Billboard Hot R&B/Hip-Hop Songs chart. The song received many accolades for Foxx, including a Grammy Award for Best R&B Performance by a Duo or Group with Vocalss at the 52nd Annual Grammy Awards. The \"Blame It\" music video, directed by Hype Williams, features cameo appearances by Forest Whitaker, Samuel L. Jackson, Ron Howard, Quincy Jones and his Jarhead co-star Jake Gyllenhaal, amongst others.\n",
            "p2": "Foxx's musical career has also included a number of collaborations. In 2007, he recorded the song \"She Goes All the Way\" with country superstars Rascal Flatts for their Still Feels Good album. Foxx performed backing vocals for artist/songwriter Tank. He featured alongside The-Dream on Plies' \"Please Excuse My Hands.\" He also appeared alongside Fabolous on the remix of Ne-Yo's \"Miss Independent\". Foxx collaborated with rapper The Game on the track \"Around the World\". Foxx also featured on T.I.'s single \"Live in the Sky\" from the album King.\n",
            "p3": "On January 22, 2007, Foxx launched The Foxxhole, a channel on Sirius Satellite Radio featuring talk-radio programs, stand-up comedy albums and music primarily by African-American performers, as well as much of Foxx's own material. Foxx's own talk-radio variety program The Jamie Foxx Show airs Friday evenings on The Foxxhole with guests including musicians, actors and fellow comedians; co-hosts have included Johnny Mack, Speedy, Claudia Jordan, The Poetess, Lewis Dix, Yvette Wilson, T.D.P and Tyrin Turner. On the April 17, 2009 episode of The Jamie Foxx Show, Foxx and his co-hosts made several sexually suggestive and disparaging jokes regarding the teenage singer Miley Cyrus.[27] Several days later Foxx issued a public apology on The Tonight Show with Jay Leno in response to growing public outcry and televised criticism by Cyrus's father, country singer Billy Ray Cyrus.[28]\n",
            "p4": "On April 6, 2009, Foxx, a longtime fan of country music, performed the George Strait song \"You Look So Good in Love\" at the George Strait Artist of the Decade All-Star Concert. Jamie Foxx hosted the 2009 BET Awards ceremony on June 28, 2009, which featured several tributes to pop star Michael Jackson, who had died three days prior to the show. As well as performing \"Blame It\" with T-Pain and \"She Got Her Own\" with Ne-Yo and Fabolous, Foxx opened the show with a rendition of Jackson's \"Beat It\" dance routine and closed the show with a cover of The Jackson 5's \"I'll Be There\" with Ne-Yo. \"We want to celebrate this black man. He belongs to us and we shared him with everybody else.\", said Foxx during the ceremony.\n"
        },
        {
            "header": "2010\u20132012: Best Night of My Life and Django Unchained",
            "p0": "In April 2011, Foxx voiced the cartoon canary Nico in the movie Rio. During the summer of 2011, Foxx was involved as a producer of In the Flow with Affion Crockett on Fox.[29]\n",
            "p1": "Foxx released his fourth album, Best Night of My Life, on December 21, 2010,[30] featuring the singles \"Winner\" (featuring Justin Timberlake and T.I.), \"Living Better Now\" (featuring rapper Rick Ross) and \"Fall for Your Type\" (featuring rapper Drake).[30] On October 7, the RCA Music Group announced that it was disbanding J Records along with Arista Records and Jive Records, meaning that all artists (including Foxx) previously signed to the three labels will release their future material on the RCA Records brand.[31][32] In 2011, Jamie Foxx also featured on the rapper Pitbull's album Planet Pit, in the song \"Where Do We Go\".\n",
            "p2": "In 2012, Foxx starred in the title role of the Quentin Tarantino written and directed Django Unchained.[33] Foxx starred alongside his Ray co-star Kerry Washington, as well as Christoph Waltz, Leonardo DiCaprio and Samuel L. Jackson. In an interview about Django Unchained, Foxx told Vibe magazine: \"As a black person it's always racial. ... when I get home my other homies are like how was your day? Well, I only had to be white for at least eight hours today, [or] I only had to be white for four hours.\"[34] The filming was emotional as Foxx said, \"It's tough shooting when you're in plantation row and that's where your ancestors were persecuted and killed.\"[35]\n",
            "p3": "On November 25, 2012, at BET's Soul Train Awards, Foxx joked: \"It's like church in here. First of all, giving honor to God and our lord and savior Barack Obama.\"[36][37] The joke led to condemnation from some Christians, to which Foxx responded: \"I'm a comic [and] sometimes I think people get a little too tight.\"[38] While hosting Saturday Night Live on December 8, 2012, to promote Django Unchained, Foxx joked about being excited \"to kill all the white people in the movie\".[39] Appearing at the 2013 NAACP Image Awards, Foxx praised the achievements of black people, saying that \"black people are the most talented people in the world\".[40]\n"
        },
        {
            "header": "2013\u2013present: White House Down, Baby Driver, Hollywood and Project Power",
            "p0": "In 2013, Foxx was cast as President James Sawyer in White House Down alongside Channing Tatum.[41] The following year, Foxx appeared in The Amazing Spider-Man 2 as the villain Electro, and co-starred with Quvenzhan\u00e9 Wallis in Annie, Sony's Will Smith and Jay-Z produced update of the comic strip-turned-musical.[42] In 2017, Foxx starred as Bats, a trigger-happy gang member, in Edgar Wright's action film Baby Driver.\n",
            "p1": "Foxx's October 2014 Deja Vu duet with Dionne Warwick appears on the Feels So Good album released by Warwick. He released his fifth studio album, Hollywood: A Story of a Dozen Roses, on May 18, 2015. It debuted atop the Top R&B/Hip-Hop Albums charts and at No. 10 on the Billboard 200.[43] In 2015, Foxx's voice was featured in the chorus on the Ariana Grande song, \"Focus\".[44]\n",
            "p2": "Since its debut in 2017, Foxx has been the host and executive producer of the Fox game show Beat Shazam, whose premise is similar to the once-popular game show format Name That Tune. On the show, three sets of two partners try to beat the software application Shazam in correctly identifying the titles of popular songs for increasingly higher amounts of money, with one team eventually vying for a potential prize of $1 million. Foxx's daughter Corinne began co-hosting the show in its second season in 2018, replacing DJ October Gonzalez.[45] The show has aired four seasons so far.[46]\n",
            "p3": "Foxx co-executive produced the 2017 Showtime sitcom White Famous, which starred Jay Pharoah as a young aspiring African-American comic, and was based on Foxx's own early career. Foxx also occasionally appeared on the show as himself. White Famous got middling reviews and ratings, and was cancelled after one season.[47]\n",
            "p4": "On May 22, 2019, Foxx appeared as George Jefferson in Live in Front of a Studio Audience: Norman Lear's All in the Family and The Jeffersons on ABC.[48] That year, he played wrongly convicted death row prisoner Walter McMillian in the drama film Just Mercy, for which he received significant critical acclaim.[49]\n",
            "p5": "Foxx starred in Project Power, directed by Ariel Schulman and Henry Joost, opposite Joseph Gordon-Levitt and Dominique Fishback, which was released on August 14, 2020, by Netflix.[50][51] That September, Foxx signed an overall deal with Sony Pictures Entertainment.[52] Foxx then voiced the main character, jazz pianist and music teacher Joe Gardner, in the Pixar animated film Soul (2020).[53] Due to the COVID-19 pandemic, Soul was released direct-to-streaming on Disney+ in most countries, including the United States,[54] though it did get a theatrical release in some countries.[55][56] USA Today's Brian Truitt commended Foxx's performance, saying he brought \"warmth, humor and an occasional touch of exasperation\" to the role.[57]\n",
            "p6": "Foxx co-created, executive produced and starred in the 2021 Netflix sitcom Dad Stop Embarrassing Me!, in which he played the single father of two teenage girls. The series marked Foxx's return to the sitcom format after The Jamie Foxx Show ended in 2001.[58] The entire eight-episode series premiered April 14, 2021 on Netflix. It was cancelled after one season.[59]\n",
            "p7": "He reprised his role as Electro in Spider-Man: No Way Home (2021), set in the Marvel Cinematic Universe.[60]\n",
            "p8": "In 2021, Foxx released the memoir Act Like You Got Some Sense: And Other Things My Daughters Taught Me, which focused on his family life, both as a child and as an adult.[61]\n",
            "p9": "On May 29, 2018, Foxx was cast as Al Simmons in a planned reboot of the Spawn film franchise, to be directed by Todd McFarlane.[62] In 2015, Foxx became attached to portray former boxer Mike Tyson in a biographical drama film Finding Mike; in 2020, he began to exercise in order to gain muscle for the role.[63][64] In 2021, the project turned into a miniseries, to be directed by Antoine Fuqua.[65]\n"
        }
    ]
}