{
    "id": "nm0000164",
    "name": "Anthony Hopkins",
    "career": [
        {
            "header": "empty",
            "p5": "In 2019, Hopkins portrayed Pope Benedict XVI opposite Jonathan Pryce as Pope Francis in Fernando Meirelles's The Two Popes. He stated, \"The great treasure was working with \u2013 apart from [director] Meirelles \u2013 Pryce. We\u2019re both from Wales. He\u2019s from the north, and I\u2019m from the south\".[47] The film is set in the Vatican City in the aftermath of the Vatican leaks scandal and follows Pope Benedict XVI as he attempts to convince Cardinal Jorge Mario Bergoglio to reconsider his decision to resign as an archbishop as he confides his own intentions to abdicate the papacy.[48] In August 2019, the film premiered at the Telluride Film Festival to critical acclaim. The film started streaming on December 20, 2019, by Netflix. The performances of Pryce and Hopkins, as well as McCarten's screenplay, received high praise from critics, and all three men received nominations for their work at the Academy Awards, Golden Globes and British Academy Film Awards.[47]\n",
            "p6": "In 2020, Hopkins played a man struggling with his memory in The Father. The film premiered at the Sundance Film Festival where it received critical acclaim, with many critics praising Hopkins's performance and calling him a standout and Oscar frontrunner.[49] The film also stars Olivia Colman as his daughter. It is based on a Tony Award nominated play Le P\u00e8re by Florian Zeller, who also directed the film. The Father was released on 18 December 2020 by Sony Pictures Classics.[50] In a Q&A at the Telluride Film Festival Hopkins praised both Colman and Zeller saying comparing the working experience saying it \"might've been the highlight of my life\". Hopkins mentioned how lucky he's been over the past five years working with Ian McKellen in The Dresser, Emma Thompson in King Lear, and Jonathan Pryce in The Two Popes.[51] Hopkins won the BAFTA Award for Best Actor in a Leading Role for his performance in The Father, making it his fourth BAFTA and his third for Best Actor.[52] He also won a second Academy Award for Best Actor for his role, becoming the oldest person to win an acting Oscar.[53] Hopkins did not attend the Oscars ceremony, but accepted the award in a video posted on social media, from Wales, the following day, saying: \"Here I am in my homeland in Wales. And at 83 years of age, I did not expect to get this award. I really didn't and am very grateful to the Academy and thank you.\" He also paid tribute to fellow nominee Chadwick Boseman, who had died the previous year.[54][55]\n"
        },
        {
            "header": "Television",
            "p0": "He made his small-screen debut in a 1967 BBC broadcast of A Flea in Her Ear. His first starring role in a film came in 1964 in Changes, a short directed by Drewe Henley, written and produced by James Scott and co-starring Jacqueline Pearce.[56][57] \nHopkins portrayed Charles Dickens in the BBC television film The Great Inimitable Mr. Dickens in 1970, and Pierre Bezukhov in the BBC's mini series War and Peace (1972), receiving the British Academy Television Award for Best Actor for his performance in the latter.[58]\n",
            "p1": "In 1973 he again portrayed David Lloyd George in the BBC miniseries The Edwardians which aired in the US in 1974 on Masterpiece Theatre.[59]\n",
            "p2": "In 1981 he starred in the CBS television movie The Bunker portraying Adolf Hitler during weeks in and around his underground bunker in Berlin before and during the Battle of Berlin. John O'Connor praised Hopkins in his New York Times review: \"The portrait becomes all the more riveting through an extraordinarily powerful performance from Anthony Hopkins. His Hitler is mad, often contemptible, but always understandable. Part of the problem, perhaps, is that the monster becomes a little too understandable. He is not made sympathetic, exactly, but he is given decidedly pathetic dimensions, making him just that much more acceptable as a dramatic and historical character.\"[60] For his performance he received a Primetime Emmy Award for Outstanding Lead Actor in a Limited Series or Movie. That same year he starred as Paul the Apostle opposite Robert Foxworth as Saint Peter in the biblical drama and miniseries Peter and Paul (1981). \n",
            "p3": "The following year he starred as Quasimodo in the CBS television movie The Hunchback of Notre Dame (1982). The movie also starred Derek Jacobi, David Suchet, Tim Pigott-Smith, Nigel Hawthorne, and John Gielgud. He also starred in Strangers and Brothers (1984), Arch of Triumph (1984), Guilty Conscience (1985), Mussolini and I (1985), and The Tenth Man (1988). \n",
            "p4": "In 1989 he starred as Abel Magwitch in the miniseries Great Expectations which was broadcast on ITV in the UK and The Disney Channel in the US. The adaptation of the Dickens\u2019 novel also starred Jean Simmons and John Rhys-Davies. He received his fourth Primetime Emmy Award nomination, this time for Outstanding Supporting Actor in a Limited Series or Movie.\n",
            "p5": "In October 2015, Hopkins appeared as Sir in a BBC Two production of Ronald Harwood's The Dresser, alongside Ian McKellen, Edward Fox and Emily Watson.[61] The Dresser is set in a London theatre during the Blitz, where an aging actor-manager, Sir, prepares for his starring role in King Lear with the help of his devoted dresser, Norman.[61] Hopkins described his role as Sir as \"the highlight of my life. It was a chance to work with the actors I had run away from. To play another actor is fun because you know the ins and outs of their thinking \u2013 especially with someone like Sir, who is a diabolically insecure, egotistical man.\"[5] He spoke again on the impact the role had on him in 2018, \"When I was at the Royal National Theatre all those years ago, I knew I had something in me, but I didn\u2019t have the discipline. I had a Welsh temperament and didn\u2019t have that 'fitting in' mechanism. I would fight, I would rebel. I thought, 'Well, I don\u2019t belong here.' And for almost 50 years afterwards, I felt that edge of, 'I don\u2019t belong anywhere, I\u2019m a loner.' But in The Dresser, when Ian [McKellen] responded, it was wonderful. We got on so well and I suddenly felt at home, as though that lack of belonging was all in my imagination, all in my vanity\".[16]\n",
            "p6": "Beginning in October 2016, Hopkins starred as Robert Ford in the HBO sci-fi series Westworld where he received a Primetime Emmy Award nomination for his performance. Hopkins starred as Lear in the 2018 television film King Lear acting alongside Emma Thompson, Florence Pugh, and Jim Broadbent which was broadcast on BBC Two on 28 May 2018. Hopkins received a Screen Actors Guild Award nomination for his performance.[62] Vulture stated the film \"capture[d] the heart of the classic Shakespeare tragedy\", and described Hopkins' performance as \"devastating\".[63]\n"
        }
    ]
}