{
    "id": "nm0001172",
    "name": "Christopher Eccleston",
    "career": [
        {
            "header": "Early work (1991\u20132005)",
            "p0": "Eccleston first came to public attention as Derek Bentley in the film Let Him Have It (1991), and the Inspector Morse episode \"Second Time Around\" (1991). In 1992, he played the role of Sean Maddox in the BBC drama miniseries Friday on my Mind.[12] A regular role in the Granada Television production Cracker (1993\u201394) brought him recognition in the UK; and, after he told TV bosses of his desire to leave the series, they killed off his character in October 1994, making him a victim of the serial killer Albie Kinsella (Robert Carlyle). At around the same time, Eccleston appeared in the episode \"One, Two, Buckle My Shoe\" of the Poirot series adapted from mysteries by Agatha Christie.\n",
            "p1": "He appeared in the low-budget Danny Boyle film Shallow Grave (1994), in which he co-starred with actor Ewan McGregor. The same year, he won the part of Nicky Hutchinson in the epic BBC drama serial Our Friends in the North, whose broadcast on BBC Two in 1996 helped make him a household name in the UK. Eccleston starred in an ensemble cast that included actors Mark Strong and Gina McKee, as well as Daniel Craig. In 1996, he took the part of Trevor Hicks\u2014a man who lost both of his daughters in the 1989 Hillsborough disaster\u2014in the television drama film Hillsborough, penned by Jimmy McGovern. In real life, he was the best man to Trevor Hicks at his wedding in March 2009.[13]\n",
            "p2": "His film career has since taken off with a variety of roles, including Jude (1996), Elizabeth (1998), eXistenZ (1999), Gone in 60 Seconds (2000), The Others (2001), 24 Hour Party People (2002) and 28 Days Later (2002). He played a major role as the protagonist of the 2002 Revengers Tragedy, adapted from Thomas Middleton's play of the same name.[14] He starred in the independent films A Price Above Rubies (1998) and The Invisible Circus (2001). He appeared in the car-heist film Gone in 60 Seconds, but did not take his driving test until January 2004. He said on BBC's Top Gear that his licence restricts him to vehicles with automatic transmission.\n",
            "p3": "He has appeared in a variety of television roles, especially in British dramas. These have included Hearts and Minds (1995) for Channel 4, Clocking Off (2000) and Flesh and Blood (2002) for the BBC and Hillsborough (1996), a modern version of Othello (2001), playing 'Ben Jago', (the Iago character); and the religious telefantasy epic The Second Coming (2003) for ITV, in which he played Steve Baxter, the son of God. He has made guest appearances in episodes of the comedy-drama Linda Green (2001) and macabre sketch show The League of Gentlemen (2002). Eccleston appeared in a stage role in Hamlet in the 2002 production at Leeds's West Yorkshire Playhouse. March\u2013April 2004 saw him return to the venue in a new play, Electricity.\n",
            "p4": "Eccleston has been twice nominated in the Best Actor category at the British Academy Television Awards. His first nomination came in 1997 for Our Friends in the North, but he lost to Nigel Hawthorne (for The Fragile Heart). He was nominated in 2004 for The Second Coming; Bill Nighy won for State of Play. Eccleston won the Best Actor category at the 1997 Broadcasting Press Guild Awards for Our Friends in the North. In 2003 he won the RTS Best Actor award for a second time, for his performance in Flesh and Blood. In July 2004, a poll of industry experts, conducted by Radio Times magazine, voted Eccleston the \"19th Most Powerful Person in Television Drama.\"\n"
        },
        {
            "header": "Doctor Who (2005)",
            "p0": "On 2 April 2004, it was announced that Eccleston was to play the ninth incarnation of the Doctor in the revival of the BBC science fiction television series Doctor Who. The first series began transmission on 26 March 2005. Eccleston is the first actor to play the role who was born after the series began. On 30 March, the BBC released a statement, ostensibly from Eccleston, saying that he had decided to leave the role after just one series, because he feared becoming typecast. On 4 April, the BBC revealed that the statement had been falsely attributed and released without Eccleston's consent. The BBC admitted that they had broken an agreement made in January not to disclose publicly that he only intended to do one series. The statement had been made after journalists made queries to the press office.[15]\n",
            "p1": "Following his depression, Eccleston was replaced by David Tennant, who played the Tenth Doctor from 2005 to 2010. \n",
            "p2": "On 11 June 2005, during a BBC radio interview, when asked if he had enjoyed working on Doctor Who, Eccleston responded by saying, \"Mixed, but that's a long story.\" Eccleston's reasons for leaving the role continue to be debated in Britain's newspapers:[citation needed] on 4 October 2005 Alan Davies told The Daily Telegraph that Eccleston had been \"overworked\" by the BBC, and had left the role because he was \"exhausted\".[16] Eccleston later stated that he left the show because he \"didn't enjoy the environment and the culture that the cast and crew had to work in\", but that he was proud of having played the role.[17] Eccleston said in a subsequent interview, \"My relationship with my three immediate superiors \u2013 the showrunner, the producer and co-producer \u2013 broke down irreparably during the first block of filming and it never recovered.\"[18]\n",
            "p3": "On 7 November 2008, at the National Theatre to promote his book The Writer's Tale, Doctor Who writer Russell T Davies said that Eccleston's contract was for a single year because it was uncertain whether the show would continue beyond a single revival series. In retrospect, he says, it has been an enormous success, but at the time there were doubts within the BBC. Eccleston was voted \"Most Popular Actor\" at the 2005 National Television Awards for his portrayal of the Doctor.\n",
            "p4": "In July 2012, Eccleston spoke positively of his time on Doctor Who during a talk at the National Theatre.[19] This led to speculation he was considering making a return appearance as the Doctor for the show's 50th anniversary special, \"The Day of the Doctor\", in 2013. Matt Smith, who portrayed the Eleventh Doctor, stated that he would have loved Eccleston to return.[20] However, after discussions with executive producer Steven Moffat, Eccleston declined his role.[21] However, in a 2018 interview Eccleston said that the BBC had \"put [him] on a blacklist\" when he left.[22]\n",
            "p5": "Eccleston began appearing as a guest at Doctor Who conventions for the first time in 2018. He had previously expressed his reluctance to appear at conventions, saying in 2017 that he preferred to \"just earn [his] living by acting\".[23] He has since said that his experience of meeting fans at conventions \"healed something in [him]\" and made him re-evaluate his relationship to the series.[24]\n",
            "p6": "On 9 August 2020, it was announced that Eccleston would reprise his role of the Ninth Doctor in audio dramas for Big Finish Productions, across four boxsets to be released between May 2021 and February 2022. This would be the first time he had portrayed the role in 16 years.[25] Eccleston was later confirmed to appear in a further four boxsets, releasing in 2022 and 2023.[26] However, he has said that it is unlikely that he will reprise the role on television for the 60th Anniversary, as his relationship with the BBC \"has not healed\".[27]\n"
        },
        {
            "header": "Later work (2005\u2013present)",
            "p0": "On 30 October 2005, Eccleston appeared on stage at the Old Vic theatre in London in the one-night play Night Sky alongside Navin Chowdhry, Bruno Langley, David Warner, Saffron Burrows and David Baddiel. Eccleston sat on the 2nd Amazonas International Film Festival Film Jury in November 2005. The Canadian born director Norman Jewison was chairman of the Jury.[28] In December 2005, Eccleston travelled to Indonesia's Aceh province for the BBC Breakfast news programme, examining how survivors of the 2004 Boxing Day tsunami were rebuilding their lives.[29]\n",
            "p1": "In March 2006, Eccleston appeared in the ITV documentary special Best Ever Muppet Moments as a commentator. In May 2006, he appeared as the narrator in a production of Romeo and Juliet at the Lowry theatre in his home city of Salford. The theatre company with which he performed, Celebrity Pig (of which he is patron), is made up of learning disabled actors. In August 2006, Eccleston filmed New Orleans, Mon Amour with Elisabeth Moss. The film was directed by Michael Almereyda and shot in post-Hurricane Katrina New Orleans. It was released in 2008 to film festivals in America and Italy.\n",
            "p2": "Late in 2006 he starred in Perfect Parents, an ITV drama written and directed by Joe Ahearne, who had directed him in Doctor Who.[30] Eccleston joined the cast of the NBC TV series Heroes in the episode \"Godsend\", which was broadcast on 22 January 2007. Eccleston played a character named Claude who has the power of invisibility, and helps Peter Petrelli with his powers.[31] Eccleston appeared as the Rider in a film adaptation of Susan Cooper's novel The Dark Is Rising, which opened in the USA on 5 October 2007.\n",
            "p3": "Eccleston appeared on the BBC Four World Cinema Award show in February 2008, arguing the merits of five international hits such as The Lives of Others and Pan's Labyrinth with Jonathan Ross and Archie Panjabi. In 2009, Eccleston starred opposite Archie Panjabi in a short film called The Happiness Salesman. Eccleston agreed to do the film because of Panjabi and the fact that it was a winner of the British Short Screenplay Competition. He also appeared as the villainous Destro in the G.I. Joe film, G.I. Joe: The Rise of Cobra.[32] That same year, Eccleston also appeared in an episode of The Sarah Silverman Program and starred in the film Amelia as Fred Noonan alongside Richard Gere, Hilary Swank and Ewan McGregor.[33]\n",
            "p4": "Eccleston was cast as John Lennon in a BBC production called Lennon Naked which aired in the UK on 23 June 2010,[34][35] with Eccleston playing the title role, and Naoko Mori, who had previously appeared with him in Doctor Who, as Yoko Ono. In November 2010, Eccleston starred in the first episode of BBC One anthology drama Accused. He won an International Emmy Award for his role. In May 2011, he starred as Joseph Bede in The Shadow Line, a seven-part television drama serial for BBC Two.\n",
            "p5": "On 31 December 2011, Eccleston played the role of Pod Clock in an adaptation of Mary Norton's children's novel The Borrowers on BBC One. In July 2012, he starred in the political thriller Blackout on BBC One. In the same month, he starred as Creon in an adaptation of Antigone at the Royal National Theatre; his performance in the play was called \"charismatic\" and \"intense\".[36] In September 2012, Eccleston starred in the film Song for Marion, also known as Unfinished Song with Terence Stamp.[37]\n",
            "p6": "In 2013, Eccleston portrayed the villainous Malekith in Thor: The Dark World, the sequel to Thor and the eighth instalment in the Marvel Cinematic Universe.[38] Later that year, he played John Aspinall in Lucan, a mini-series about the disappearance of Lord Lucan.[39] From 2014 to 2017, Eccleston starred as Reverend Matt Jamison on the HBO drama series The Leftovers and earned consistent acclaim for his performance across all three seasons.[40] In 2015, Eccleston starred in the television series Fortitude as a scientist based in Arctic Norway alongside Stanley Tucci and Michael Gambon[41] before he and Marsha Thomason played a married couple who own a guest house in the Lake District in the series Safe House.[42] Later in 2015, Eccleston starred as\nLeonard \"Nipper\" Read in Legend, a film about the Kray twins, opposite Tom Hardy.[43]\n",
            "p7": "In 2016, Eccleston began appearing as Maurice Scott in the BBC drama The A Word. Maurice is the eccentric but lovable dad to his daughter who, with her husband, has an autistic son. The second series began airing in November 2017 both in the UK and the US, where The A Word airs on SundanceTV. A third series was confirmed and aired in the spring of 2020.[44][45]\n",
            "p8": "Eccleston played the lead role in the Royal Shakespeare Company's production of Macbeth in 2018. The production was streamed on BBC Four.[46] Also in 2018, Eccleston starred in two films; opposite Tom Wilkinson as crime boss Harvey in Dead in a Week or Your Money Back[47] and as a Nazi officer Heinz in Where Hands Touch.[48] That same year he appeared in King Lear as Oswald and in the television mini-series Come Home, the latter of which he was nominated for an Emmy Award for Best Actor.[49] In 2021, Eccleston starred in the six-part television mini-series Close to Me.[50]\n",
            "p9": "Further upcoming projects include playing Fagin in the series Dodger[51] and in a television adaptation of the award-winning novel My Name is Leon.[52]\n"
        }
    ]
}