{
    "id": "nm0000128",
    "name": "Russell Crowe",
    "career": [
        {
            "header": "New Zealand",
            "p0": "Under guidance from his good friend Tom Sharplin, Crowe began his performing career as a musician in the early 1980s performing under the stage name \"Russ Le Roq\". He released several New Zealand singles including \"I Just Wanna Be Like Marlon Brando\",[22] \"Pier 13\", and \"Shattered Glass\", none of which charted.[23] He managed an Auckland music venue called \"The Venue\" in 1984.[24] When he was 18, he was featured in A Very Special Person..., a promotional video for the theology/ministry course at Avondale University, a Seventh-day Adventist tertiary education provider in New South Wales, Australia.[25]\n"
        },
        {
            "header": "Australia",
            "p0": "Crowe left New Zealand and returned to Australia at the age of 21, intending to apply to the National Institute of Dramatic Art. He said, \"I was working in a theatre show, and talked to a guy who was then the head of technical support at NIDA. I asked him what he thought about me spending three years at NIDA. He told me it'd be a waste of time. He said, 'You already do the things you go there to learn, and you've been doing it for most of your life, so there's nothing to teach you but bad habits.'\"[26] From 1986 to 1988, he was given his first professional role by director Daniel Abineri, in a New Zealand production of The Rocky Horror Show.[7] He played the role of Eddie/Dr Scott.[7] He repeated this performance in a further Australian production of the show, which also toured New Zealand.[27] In 1987, Crowe spent six months busking when he could not find other work.[citation needed] In the 1988 Australian production of Blood Brothers, Crowe played the role of Mickey.[28] He was also cast again by Daniel Abineri in the role of Johnny, in the stage musical Bad Boy Johnny and the Prophets of Doom in 1989.[citation needed]\n",
            "p1": "After appearing in the TV series Neighbours and Living with the Law, Crowe was cast by Faith Martin in his first film, The Crossing (1990), a small-town love triangle directed by George Ogilvie. Before production started, a film-student prot\u00e9g\u00e9 of Ogilvie, Steve Wallace, hired Crowe for the 1990 film Blood Oath (aka Prisoners of the Sun), which was released a month earlier than The Crossing, although actually filmed later. In 1992, Crowe starred in the first episode of the second series of Police Rescue. Also in 1992, Crowe starred in Romper Stomper, an Australian film which followed the exploits and downfall of a racist skinhead group in blue-collar suburban Melbourne, directed by Geoffrey Wright and co-starring Jacqueline McKenzie. For the role, Crowe won an Australian Film Institute (AFI) award for Best Actor, following up from his Best Supporting Actor award for Proof in 1991.[7] In 2015, it was reported that Crowe had applied for Australian citizenship in 2006 and again in 2013 but was rejected because he failed to fulfill the residency requirements.[4] However, Australia's Immigration Department said it had no record of any such application by Crowe.[29]\n"
        },
        {
            "header": "North America",
            "p0": "After initial success in Australia, Crowe first starred in a Canadian production in 1993, For the Moment, before concentrating on American films. He co-starred with Denzel Washington in Virtuosity (the duo later appearing together in American Gangster) and with Sharon Stone in The Quick and the Dead in 1995.[7] He went on to become a three-time Oscar nominee, winning the Academy Award as Best Actor in 2000 for Gladiator.[7] Crowe was awarded the (Australian) Centenary Medal in 2001 for \"service to Australian society and Australian film production.\"[30]\n",
            "p1": "Crowe received three consecutive best actor Oscar nominations, for The Insider, Gladiator, and A Beautiful Mind.[7] Crowe won the best actor award for A Beautiful Mind at the 2002 BAFTA award ceremony, as well as the Golden Globe and Screen Actors Guild awards for the same performance. Although nominated for an Academy Award, he lost to Denzel Washington. All three films were also nominated for Best Picture, and both Gladiator and A Beautiful Mind won the award. Crowe became the first actor to star as the lead in back-to-back Best Picture winners since Walter Pidgeon (who starred in How Green Was My Valley and Mrs. Miniver).\n",
            "p2": "Within the six-year stretch from 1997 to 2003, he also starred in two other best picture nominees, L.A. Confidential and Master and Commander: The Far Side of the World. In 2005, he re-teamed with A Beautiful Mind director Ron Howard for the biographical boxing drama Cinderella Man. In 2006, he re-teamed with Gladiator director Ridley Scott for A Good Year, the first of two consecutive collaborations (the second being American Gangster co-starring again with Denzel Washington, released in late 2007). Although the light romantic comedy of A Good Year was not greatly received, Crowe seemed pleased with the film, telling STV in an interview that he thought it would be enjoyed by fans of his other films.[31]\n",
            "p3": "In recent years, Crowe's box office standing has declined.[32] The Hollywood stock market (HSX) share Russell Crowe (RCROW), issued in 1998, however, maintains constant accretion.[33] Crowe appeared in Robin Hood, a film based on the Robin Hood legend, directed by Ridley Scott and released on 14 May 2010.[34]\nCrowe starred in the 2010 Paul Haggis film The Next Three Days, an adaptation of the 2008 French film Pour Elle.[35]\n",
            "p4": "After a year off from acting, Crowe played Jackknife in The Man with the Iron Fists, opposite RZA. He took on the role of Javert in the musical film of Les Mis\u00e9rables (2012),[36] and portrayed Superman's biological father, Jor-El, in the Christopher Nolan-produced film, Man of Steel, released in the summer of 2013. In 2014, he played a gangster in the film adaptation of Mark Helprin's 1983 novel Winter's Tale, and the title role in the Darren Aronofsky film Noah.[37] In June 2013, Crowe signed to make his directorial debut with an historical drama film The Water Diviner, which he also starred in alongside Jacqueline McKenzie, Olga Kurylenko, Jai Courtney.[38] Set in the year 1919, the film was produced by Troy Lum, Andrew Mason and Keith Rodger.[39] Crowe also starred in The Mummy (2017). Crowe portrayed Zeus in the Marvel Cinematic Universe film Thor: Love and Thunder, which was released on July 8, 2022.[40] He portrays the famous exorcist Fr. Gabriele Amorth in The Pope's Exorcist (2023).[41]\n"
        }
    ]
}