{
    "id": "nm0000554",
    "name": "Sam Neill",
    "career": [
        {
            "header": "empty",
            "p1": "In 1981, he won his first big international role, as Damien Thorn, son of the devil, in Omen III: The Final Conflict;[16] also in that year, he played an outstanding main role in Andrzej \u017bu\u0142awski's cult film Possession.[16]\n",
            "p2": "He was one of the leading candidates to succeed Roger Moore in the role of James Bond, but lost out to Timothy Dalton. Among his many Australian roles is playing Michael Chamberlain in Evil Angels (1988) (released as A Cry in the Dark outside of Australia and New Zealand),[17] a film about the case of Azaria Chamberlain.\n",
            "p3": "Neill has played heroes and occasionally villains in a succession of film and television dramas and comedies. In the UK, he won early fame and was Golden Globe nominated after portraying real-life spy, Sidney Reilly, in the mini-series Reilly, Ace of Spies (1983). An early American starring role was in 1987's Amerika, playing a senior KGB officer leading the occupation and division of a defeated United States. His leading and co-starring roles in films include the thriller Dead Calm (1989),[16] the two-part historical epic La R\u00e9volution fran\u00e7aise (1989) (as Marquis de Lafayette), The Hunt for Red October (1990), Death in Brunswick (1990),[16] Jurassic Park (1993), Sirens (1994), The Jungle Book (1994), John Carpenter's In the Mouth of Madness (1995), Event Horizon (1997), Bicentennial Man (1999), the comedy The Dish (2000),[16] and Jurassic Park III (2001).\n",
            "p4": "Neill has occasionally acted in New Zealand films, including The Piano (1993), Perfect Strangers (2003),  Under the Mountain (2009), and Hunt for the Wilderpeople (2016). He returned to directing in 1995 with the documentary Cinema of Unease: A Personal Journey by Sam Neill (1995) which he wrote and directed with Judy Rymer.\n",
            "p5": "In 1993, he co-starred with Anne Archer in Question of Faith, an independent drama based on a true story about one woman's fight to beat cancer and have a baby. In 2000, he provided the voice of Sam Sawnoff in The Magic Pudding. In 2001, he hosted and narrated a documentary series for the BBC entitled Space (Hyperspace in the United States).\n",
            "p6": "He portrayed the eponymous wizard in Merlin (1998), a miniseries based on the legends of King Arthur. He reprised his role in the sequel, Merlin's Apprentice (2006).\n",
            "p7": "Neill starred in the historical drama The Tudors, playing Cardinal Thomas Wolsey. \"I have to say I really enjoyed making The Tudors\", he said,[18] \"It was six months with a character that I found immensely intriguing, with a cast that I liked very much and with a story I found very compelling. It has elements that are hard to beat: revenge and betrayal, lust and treason, all the things that make for good stories.\"[18]\n",
            "p8": "He acted in the short-lived Fox TV series Alcatraz (2012) as Emerson Hauser. He played the role of Otto Luger in the fantasy adventure movie The Adventurer: The Curse of the Midas Box[19] (2014). He had a role in the BBC series Peaky Blinders, set in post-World War I Birmingham. He played the role of Chief Inspector Chester Campbell, a sadistic corrupt policeman, who came to clean up the town on Churchill's orders. In the 2015 BBC TV miniseries And Then There Were None, based on Agatha Christie's thriller, he played the role of General MacArthur.\n",
            "p9": "In 2016, he starred in the New Zealand-made film, Hunt for the Wilderpeople, directed by Taika Waititi, as well as the ITV miniseries Tutankhamun. In 2017, Neill appeared in a scene in Waititi's fantasy sequel Thor: Ragnarok, in which he portrays an actor playing Odin (as depicted by Anthony Hopkins), alongside Luke Hemsworth and Matt Damon as actors playing Thor and Loki, respectively. He portrays the same actor in Thor: Love and Thunder in 2022.\n",
            "p10": "In 2018, he portrayed Mr. McGregor and also provided the voice of Tommy Brock, in Peter Rabbit. In 2019, he was cast for the role of Denis Goldberg in Escape from Pretoria; however, the role was subsequently recast with Ian Hart. In late 2019, he was announced to reprise his character of Dr. Alan Grant in Jurassic World Dominion, which released in July 2022.\n"
        }
    ]
}