{
    "id": "nm0094416",
    "name": "Khan Bonfils",
    "career": [
        {
            "header": "empty",
            "p11": "Bonfils had a brief modelling career before starting acting. He was a model for Michiko Kochino, Hermes, Oswald Boateng, among others.\n",
            "p12": "Bonfils' film credits include Star Wars: Episode I \u2013 The Phantom Menace (1999) as Jedi Master Saesee Tiin,[1][2] Sky Captain and the World of Tomorrow (2004), Body Armour (2007) and Traveller (2013).\n",
            "p13": "His other film credits include  ''Lara Croft Tomb Raider: The Cradle of Life (2003), Batman Begins (2005),[2] and the James Bond films Tomorrow Never Dies (1997) as Isagura[2] and Skyfall (2012).[1]\n",
            "p14": "Bonfils performed onstage as well. He acted in the West End:[1] Miss Saigon at Drury Lane, Theatre Royal London and The King & I at London Palladium where he performed the lead with Elaine Paige.\n"
        }
    ]
}