{
    "id": "nm0088566",
    "name": "Wolf Blitzer",
    "career": [
        {
            "header": "Washington and Jerusalem",
            "p0": "Blitzer began his career in journalism in the early 1970s, in the Tel Aviv bureau of the Reuters news agency. In 1973, he caught the eye of Jerusalem Post editor Ari Rath, who hired Blitzer as a Washington correspondent for the English-language Israeli newspaper. Blitzer remained with The Jerusalem Post until 1990, covering both American politics and developments in the Middle East.[10]\n",
            "p1": "Fluent in Hebrew, Blitzer also published articles in several Hebrew-language newspapers. Under the name Ze'ev Blitzer, he wrote for Al HaMishmar. Using the name Ze'ev Barak, he had work published in Yedioth Ahronoth.[11] Ze'ev (\u05d6\u05d0\u05d1) is the Hebrew word for \"wolf\", and Barak (\u05d1\u05e8\u05e7) is the Hebrew word for \"lightning\" (which in German/Yiddish is Blitz/blits).\n",
            "p2": "In the mid-1970s, Blitzer also worked for the American Israel Public Affairs Committee (AIPAC) as the editor of their monthly publication, the Near East Report.[12][13] While at AIPAC, Blitzer's writing focused on Middle East affairs as they relate to United States foreign policy.[14][better\u00a0source\u00a0needed]\n",
            "p3": "At an April 1977 White House press conference, Blitzer asked Egyptian leader Anwar Sadat why Egyptian scholars, athletes and journalists were not permitted to visit Israel. Sadat responded that such visits would be possible after an end to the state of belligerence between the two nations. In November of that year, Sadat made a historic visit to Israel, and Blitzer covered the negotiations between the two countries from the first joint Israeli-Egyptian press conference in 1977, to the final negotiations that would lead to the signing of the Egypt\u2013Israel peace treaty two years later.[10]\n",
            "p4": "In 1985, Blitzer published his first book, Between Washington and Jerusalem: A Reporter's Notebook (Oxford University Press, 1985). The text outlined his personal development as a reporter, and the relations between the United States and Israel.\n"
        },
        {
            "header": "Jonathan Pollard",
            "p0": "In 1986, he became known for his coverage of the arrest and trial of Jonathan Pollard, a US Navy intelligence analyst who was charged with spying for Israel.[10] Blitzer was the first journalist to interview Pollard, and he later wrote a book about the Pollard Affair titled Territory of Lies.[15] In the book, Blitzer writes that Pollard contacted him because he had been reading Blitzer's byline for years, and because Blitzer \"had apparently impressed him as someone who was sympathetic\".[16] Pollard also hoped that Blitzer would help him \"reach the people of Israel, as well as the American Jewish community.\"[17]\n",
            "p1": "Blitzer's interview with Pollard was controversial in the context of the legal action against him, as it was construed by some media voices as a possible violation of the terms of Pollard's plea deal, which forbade media contact. Blitzer's subsequent book about the affair was included in The New York Times list of \"Notable Books of the Year\" for 1989.[18] In its review, the Times praised the book as \"lucid and highly readable\" and called Blitzer's judgment of Israeli officials \"harsh but fair\".[19]\n",
            "p2": "A review in The New York Review of Books was more critical, prompting a letter from Blitzer accusing the reviewer of making several inaccurate statements. Reviewer Robert I. Friedman responded to Blitzer's criticism by characterizing Territory of Lies as \"a slick piece of damage control that would make [Blitzer's] former employers at AIPAC (not to mention Israel's Defense Ministry) proud.\"[20]\n",
            "p3": "Pollard was released on November 20, 2015, in accordance with federal guidelines in place at the time of his sentencing.[21]\n"
        },
        {
            "header": "CNN",
            "p0": "In May 1990, Blitzer moved to CNN and worked as the cable network's military affairs reporter. His team's coverage of the first Gulf War in Kuwait won a CableACE Award and made him a household name.\n",
            "p1": "In 1992, Blitzer became CNN's White House correspondent, a position he would hold until 1999. During this period, he earned an Emmy Award for his coverage of the 1995 Oklahoma City bombing. In 1998, he began hosting the CNN Sunday morning interview program Late Edition with Wolf Blitzer, which was seen in over 180 countries. Blitzer's first assignment as an anchor was on the daily newscast The World Today, in 1999. In 2000, he started anchoring his own show, Wolf Blitzer Reports, which ran until 2005.\n",
            "p2": "CNN selected Blitzer to anchor their coverage of all U.S. presidential elections since 2004.[22] Since August 8, 2005, Blitzer has hosted The Situation Room, a two-hour afternoon/early evening program on CNN.[23][24]\n",
            "p3": "In 2013, he began anchoring the 1pm ET hour of CNN Newsroom; in 2014, the program was renamed to Wolf. Wolf ended in 2018 and was replaced by CNN Right Now, hosted by Brianna Keilar.\n",
            "p4": "In January 2021, CNN announced programming changes, shortening The Situation Room to one hour (6-7 p.m. (ET)) beginning April 26, and expanding Jake Tapper's role at the network to become Lead Washington anchor and expanded his show The Lead with Jake Tapper to 4-6 p.m. (ET). Blitzer will remain hosting documentaries and serving \"a principal anchor for a major breaking news.\"[1] However, Jim Acosta is now regarded as the network's \"chief domestic correspondent.\"[25]\n",
            "p5": "In 2022, he hosted The Newscast with Wolf Blitzer on CNN's short-lived streaming service, CNN+[26] from its late March launch to its late April end.[27][28]\n"
        }
    ]
}