{
    "id": "nm0000489",
    "name": "Christopher Lee",
    "career": [
        {
            "header": "empty",
            "p3": "With his operatic[142] bass voice, Lee sang on The Wicker Man soundtrack, performing Paul Giovanni's composition, \"The Tinker of Rye.\"[143] He sang the closing credits song of the 1994 horror film Funny Man.[144] In 1977, he appeared on Peter Knight and Bob Johnson's (from Steeleye Span) concept album The King of Elfland's Daughter.[145]\n",
            "p4": "Lee's first contact with heavy metal music came by singing a duet with Fabio Lione, lead vocalist of the Italian symphonic power metal band Rhapsody of Fire on the single \"The Magic of the Wizard's Dream\" from their album Symphony of Enchanted Lands II \u2013 The Dark Secret, although he only performs backing vocals on the album version. Later he appeared as a narrator and backing vocalist on the band's four albums Symphony of Enchanted Lands II \u2013 The Dark Secret, Triumph or Agony, The Frozen Tears of Angels, and From Chaos to Eternity, as well as on the EP The Cold Embrace of Fear \u2013 A Dark Romantic Symphony, portraying the Wizard King. He worked with Manowar while they were recording a new version of their first album, Battle Hymns. The original voice was Orson Welles's (long dead at the time of the re-recording).[146]\n",
            "p5": "With the song \"Jingle Hell,\" Lee entered the Billboard Hot 100 chart at No. 22, thus becoming the second oldest living performer to ever enter the music charts, at 91 years and 6 months.[147][148] After media attention, the song rose to No. 18. as Lee became the oldest person to have a top 20 hit.[149]\n",
            "p6": "Lee released a third EP of covers in May 2014, called Metal Knight, to celebrate his 92nd birthday; in addition to a cover of \"My Way,\" it contains \"The Toreador March,\" inspired by the opera Carmen, and the songs \"The Impossible Dream\" and \"I, Don Quixote\" from the Don Quixote musical Man of La Mancha. Lee was inspired to record the latter songs because, \"as far as I am concerned, Don Quixote is the most metal fictional character that I know.\"[150] His fourth EP and third annual Christmas release came in December 2014, as he put out \"Darkest Carols, Faithful Sing,\" a playful take on \"Hark! The Herald Angels Sing.\"[151] He explained: \"It's light-hearted, joyful and fun... At my age, the most important thing for me is to keep active by doing things that I truly enjoy. I do not know how long I am going to be around, so every day is a celebration, and I want to share it with my fans.\"[152]\n",
            "p7": "On the self-titled debut album by Hollywood Vampires, a supergroup consisting of Johnny Depp, Alice Cooper and Joe Perry, Lee is featured as a narrator in the track \"The Last Vampire.\" Recorded shortly before his death, this marks Lee's final appearance on a musical record.[153] In 2019, Rhapsody of Fire included a posthumous narration on their new album, The Eighth Mountain, in which Lee narrated the concept story of the band's Nephilim Empire Saga.[154]\n"
        }
    ]
}