{
    "id": "nm0002006",
    "name": "Thomas Haden Church",
    "career": [
        {
            "header": "empty",
            "p17": "Church started in the entertainment business as a radio personality and doing voice-over work.[8] After appearing in an independent film, he moved to California to pursue an acting career. His character delivers a love letter to Carla Tortelli (Rhea Perlman) from her deceased former lover, Eddie LaBec, in the Cheers episode, \"Death Takes a Vacation on Ice\". He played the part of slow-witted aircraft mechanic Lowell Mather for six seasons (1990\u201395) on the NBC sitcom Wings.[9]\n",
            "p18": "He worked in television for two more seasons, with a lead role in Ned & Stacey opposite Debra Messing. He has had supporting roles in films such as Tombstone, George of the Jungle, The Specials, and Demon Knight.\n",
            "p19": "Church bought a ranch in Texas in 1998. In late 2000, he took a break from films.[8] After having small roles in films such as Monkeybone and 3000 Miles to Graceland, he made his directorial debut with Rolling Kansas in 2003. He has voiceover work in commercials, such as for Merrill Lynch and Icehouse beer.[citation needed]\n",
            "p20": "In 2003, director Alexander Payne called him regarding the role of Jack, the selfish best friend of Paul Giamatti's character, in Sideways. During the audition, Church stripped naked to read the audition scene, later saying \"To me, it was painfully obvious... I was reading the scene where Jack comes in naked and there has to be in-born vulnerability in the scene.\"[8] (He later found that he was the only actor to strip down for the audition).[10] Sideways earned acclaim for Church; he  won an IFP Independent Spirit Award and was nominated for the Academy Award for Best Supporting Actor.\n",
            "p21": "He has since appeared in films such as Idiocracy, done voice-over work on films such as Over the Hedge and starred in one of AMC's highest rated television productions, Broken Trail, with Robert Duvall, in 2006, for which he won an Emmy. In 2007, he appeared as the villain Sandman in Sam Raimi's Spider-Man 3 starring Tobey Maguire and Kirsten Dunst.[11] He received praise for his portrayal of the character.[12][13] Although he was not present on set he lent his voice to Sandman (digitally created) for the Marvel Cinematic Universe (MCU) film Spider-Man: No Way Home, released in 2021 and linked both the Raimi and Marc Webb franchises to the MCU. Archival footage from Spider-Man 3 was used to show his human form at the end of the film where Jon Watts provided the motion-capture for Sandman.[14]\n",
            "p22": "In 2005, he was invited to join the Academy of Motion Picture Arts and Sciences. In October 2008, Church appeared as \"Joe Six-Pack\" in a video on funnyordie.com, challenging Joe the Plumber to a beer-drinking contest.[15] Church starred in the FEARnet webseries, Zombie Roadkill, alongside David Dorfman.[16] He also appeared in the HBO original series Divorce.\n",
            "p23": "In December 2021, it was announced that Church will star alongside Toni Collette and Anna Faris in the comedy film The Estate, directed by Dean Craig.[17]\n"
        }
    ]
}