{
    "id": "nm0003620",
    "name": "Kevin Smith",
    "career": [
        {
            "header": "As a filmmaker",
            "p0": "On his 21st birthday, Smith saw Richard Linklater's comedy Slacker. Impressed that Linklater set and shot the film in his hometown of Austin, Texas rather than on a soundstage in a major city, Smith was inspired to become a filmmaker, and to set films where he lived.[5] He has said, \"It was the movie that got me off my ass; it was the movie that lit a fire under me, the movie that made me think, 'Hey, I could be a filmmaker.' And I had never seen a movie like that before ever in my life.\"[13] He assembled a library of independent filmmakers like Linklater, Jim Jarmusch, Spike Lee and Hal Hartley to draw from.[14]\n",
            "p1": "Smith attended Vancouver Film School for four months, where he met longtime collaborators Scott Mosier and Dave Klein. Unlike them, Smith left halfway through the course, figuring he knew enough to proceed and wanting to save money for his first film.[15]\n",
            "p2": "Smith moved back to New Jersey and got his old job back at a convenience store in Leonardo.[5][16] He decided to set his film, Clerks, at the store, borrowing the a-day-in-the-life structure from the Spike Lee film Do the Right Thing. Smith maxed out more than a dozen credit cards, and sold his much-treasured comic book collection, to raise $27,575 to make the film, while saving money by casting friends and acquaintances in most roles. Clerks was screened at the Sundance Film Festival in 1994, where it won the Filmmaker's Trophy. At a restaurant following the screening, Miramax executive Harvey Weinstein invited Smith to join him at his table, where he offered to buy the movie. In May 1994, it went to the Cannes International Film Festival, where it won both the Prix de la Jeunesse and the International Critics' Week Prize. Released in October 1994 in two cities, the film went on to play in 50 markets, never playing on more than 50 screens at any given time. Despite the limited release, it was a critical and financial success, earning $3.1 million.[5][17] Initially, the film received an NC-17 rating from the MPAA for sexually graphic language. Miramax hired Alan Dershowitz to sue the MPAA. At an appeals screening, a jury of members of the National Association of Theatre Owners reversed the MPAA's decision, and the film was given an R rating.[18][19] The movie had a profound effect on the independent film community. According to producer and author John Pierson, it is considered one of the two most influential film debuts in the 1990s, along with The Brothers McMullen.[5]\n",
            "p3": "Smith's second film, Mallrats, Jason Lee's debut as a leading man, did not fare as well as expected. It received a critical drubbing and earned only $2.2 million at the box office despite playing on more than 500 screens. Mallrats was more successful in the home video market.[5][20]\n",
            "p4": "Widely hailed as Smith's best film, 1997's Chasing Amy marked what Quentin Tarantino called \"a quantum leap forward\" for Smith.[21] Starring Mallrats alumni Jason Lee, Joey Lauren Adams and Ben Affleck, the $250,000 film earned $12 million at the box office,[22][23] wound up on a number of critics' year-end best lists,[24][25] and won two Independent Spirit Awards (for Screenplay and Supporting Actor for Lee).[26] The film received some criticism from members of the lesbian community, who felt that it reinforced the perception that lesbians merely needed to find the right man. Smith, whose brother Donald is gay, found this accusation frustrating, as he has endeavored to be a pro-LGBT filmmaker, believing that sexuality is more fluid, with social taboos, not sexual desire, preventing more people from expressing bisexuality.[5]\n",
            "p5": "Smith's fourth film, Dogma (1999), featured an all-star cast and was mired in controversy. A religious-themed comedy that starred a post-Good Will Hunting Ben Affleck and Matt Damon, as well as Chris Rock, Salma Hayek, George Carlin, Alan Rickman, Linda Fiorentino, and Lee and Mewes, it was criticized by the Catholic League.[27][28][29] The film debuted at the 1999 Cannes Film Festival, out of competition. Released on 800 screens in November 1999, the $10 million film earned $30 million.\n",
            "p6": "Smith then focused the spotlight on the two characters who had appeared in supporting roles in his previous four films. Jay and Silent Bob Strike Back featured an all-star cast, with many familiar faces returning from those four films. Affleck and Damon appear as themselves filming a mock sequel to Good Will Hunting. The $20 million film earned $30 million at the box office and received mixed reviews from critics.\n",
            "p7": "Jersey Girl, with Affleck, Liv Tyler, George Carlin, and Raquel Castro, Smith's first film outside the View Askewniverse, marked a new direction in Smith's career. The film took a critical beating[30] as it was seen as, in Smith's own words, \"Gigli 2\", because it co-starred Affleck and his then girlfriend, Jennifer Lopez.[31] Smith heavily reedited the film to reduce Lopez's role to just a few scenes, but the film did poorly at the box office. Budgeted at $35 million, it earned $36 million.[32]\n",
            "p8": "In the 2006 sequel Clerks II, Smith revisited the Dante and Randal characters from his first film in his final visit to the View Askewniverse. Roundly criticized before its release, the film won favorable reviews as well as two awards (the Audience Award at the Edinburgh Film Festival and the Orbit Dirtiest Mouth Award at the MTV Movie Awards).[33] It marked Smith's third trip to the Cannes International Film Festival, where it received an eight-minute standing ovation.[34] The $5 million film, starring Jeff Anderson, Brian O'Halloran, Rosario Dawson, Mewes, Jennifer Schwalbach and Smith reprising his role as Silent Bob, earned $25 million.\n",
            "p9": "Zack and Miri Make a Porno was originally announced in March 2006 as Smith's second non-Askewniverse film. The film began shooting on January 18, 2008, in Monroeville, Pennsylvania, and wrapped on March 15, 2008. It stars Seth Rogen and Elizabeth Banks as the title characters who decide to make a low-budget pornographic film to solve their money problems. It was released on October 31, 2008, and ran into many conflicts getting an \"R\" rating. Rogen said:\n",
            "p10": " Smith took the film through the MPAA's appeals process and received an R rating without having to make any edits.[36] Zack and Miri Make a Porno was considered a box-office \"flop\".[37][38][39] It was hurt by \"tepid media advertising for a movie with the title PORNO\".[37] In the aftermath of the film's performance, Smith's and Weinstein's business relationship became \"frayed\".[40] Zack and Miri opened #2 behind High School Musical 3: Senior Year with $10,682,000 from 2,735 theaters, an average of $3,906.[41] The \"bankable\" Rogen[42] experienced his \"worst box-office opening ever\".[43] In an interview with Katla McGlynn of the Huffington Post, Smith said:\n",
            "p11": "It was announced in 2009 that Smith had signed on to direct A Couple of Dicks, a buddy-cop comedy written by the Cullen Brothers and starring Bruce Willis and Tracy Morgan.[44] Due to controversy surrounding the original title, it was changed to A Couple of Cops,[45] then reverted to its original title due to negative reaction,[46] before finally settling on the title Cop Out.[47] The film, shot from June to August 2009, involves a pair of veteran cops tracking down a stolen vintage baseball card,[48] and was released on February 26, 2010, to poor reviews; it was the first film Smith directed but did not write. Cop Out opened at number 2 at the box office and was mired in controversy, mostly over reported conflicts on the set between Smith and Willis. It was the last time Smith worked with a major studio, leading him to return to his independent film roots.[38][49]\n",
            "p12": "In September 2010, Smith started work on Red State, an independently financed horror film loosely inspired by the Westboro Baptist Church and its pastor, Fred Phelps.[50][51][52] Weinstein and his brother Bob, who had been involved in the distribution of Smith's films except Mallrats and Cop Out, declined to support Red State.[53][54][55][56][57] The film stars Michael Parks, John Goodman and Melissa Leo. Smith had said he would auction off rights to the $4 million film at a controversial event following its debut screening at Sundance but instead kept the rights to the film himself and self-distributed it under the SModcast Pictures banner. The January 2011 premiere drew protests from a half-dozen members of the church, along with many more who counter-protested Westboro members.[58] Smith explained his decision as a way to return to an era when marketing a film did not cost four times as much as the film itself, a situation he called \"decadent and deadening\".[59]Red State was a box office bomb, earning just $1,104,682, and opened to poor reviews; the critical consensus (according to Rotten Tomatoes) was \"Red State is an audacious and brash affair that ultimately fails to provide competent scares or thrills.\"[60][61] In April 2011, Smith said that Red State had made its budget back by making $1 million on the first leg of the tour, $1.5 million from a handful of foreign sales and $3 million from a domestic distribution deal for VOD.[62]\n",
            "p13": "Smith had said before Red State that he would soon retire from directing, and announced that his last movie would be Clerks III.[63] But in December 2013 he said he would continue to make movies, but only ones that were uniquely his, as opposed to generic ones \"anybody could make\".[64]\n",
            "p14": "In 2013 Smith directed Tusk, a horror movie inspired by a story Smith and Mosier read about a Gumtree ad for a man who rents out a room in his house for free on the condition that the respondent dresses as a walrus for two hours per day.[65] The project began pre-production in September 2013,[66] and was shot in November of that year.[67][68] Released September 19, 2014, it received mixed reviews.[69]\n",
            "p15": "Before Tusk's release, Smith wrote the script for a spin-off of the film, which he titled Yoga Hosers. The movie began filming in August 2014, and was released in 2016. It stars Smith's daughter, Harley Quinn Smith, and Lily-Rose Depp, reprising their two minor characters from Tusk, with Johnny Depp also playing his inspector character from the earlier film.[70][71]\n",
            "p16": "Smith revealed at the 2014 San Diego Comic-Con that he had written the script for a film called Moose Jaws, which he described as \"Jaws with a moose\", and which is planned to be the third and final film in his True North trilogy.[72]\n",
            "p17": "Smith wrote and directed one segment, Halloween, of the 2016 horror anthology film Holidays, in which each segment takes place during a different holiday.[73]\n",
            "p18": "In June 2017, Smith started shooting KillRoy Was Here, a horror film based on the graffiti phenomenon. Directed by Smith, the script was co-written with Andrew McElfresh, marking the first time he shared writing credit. It represents a retooling of their Anti-Claus movie, which was initially canceled after the release of Krampus due to the two stories' similarity. The film crew was mostly made up of students of the Ringling College of Art and Design, with shooting continuing over every semester break.[74]\n",
            "p19": "In 2017, due to obstacles getting Clerks 3 or Mallrats 2 produced, Smith decided to write and direct a Jay and Silent Bob Strike Back sequel instead, Jay and Silent Bob Reboot. It was scheduled to be filmed in September 2017,[75] but shooting was postponed to February and March 2019.[76] The first trailer for the film was released on July 18, 2019. Smith announced a tour to accompany the film.[77]\n",
            "p20": "On October 1, 2019, Smith announced on Instagram that Clerks III was officially happening and that Jeff Anderson, who had retired, had agreed to reprise his role as Randal. \"It'll be a movie that concludes a saga. It'll be a movie about how you're never too old to completely change your life. It'll be a movie about how a decades-spanning friendship finally confronts the future. It'll be a movie that brings us back to the beginning\u2014a return to the cradle of civilization in the great state of #newjersey. It'll be a movie that stars Jeff and @briancohalloran, with me and Jay in supporting roles. And it'll be a movie called CLERKS III!\"[78] The film released on September 13, 2022.\n",
            "p21": "With the exception of Mallrats, all of Smith's films until 2008 were financed and/or distributed by Harvey Weinstein and his brother Bob, via their companies Miramax, Dimension Films, and The Weinstein Company. In 2008 Smith's relationship with Harvey Weinstein soured due to the financial failure of Zack and Miri Make a Porno, which Smith blamed on a lack of marketing.[40] Nonetheless, they continued to discuss potential funding for other Smith projects, and The Weinstein Company co-produced Smith's 2016 talk show Geeking Out. Smith also named the independent production company he created for the 2011 film Red State \"The Harvey Boys\" in Weinstein's honor.[79] Smith is considered one of the writer-directors whose career Weinstein nurtured, a group that also includes Quentin Tarantino and David O. Russell.[80]\n",
            "p22": "Smith severed professional ties with Weinstein when he was informed of his assault on Rose McGowan.[81] Soon after allegations of rape and sexual assault by Weinstein publicly surfaced in October 2017, Smith said on Twitter that he was \"ashamed\" of his relationship with Weinstein. On his Hollywood Babble-On podcast, he said, \"My entire career is tied up with the man\", adding, \"No fucking movie is worth all this.\" He lamented that in addition to working with Weinstein, \"I sat out there talking about this man like he was a hero, like he was my friend, like he was my father.\" He pledged to donate all his future residuals from his Weinstein-produced films to the nonprofit organization Women in Film, which advocates for the inclusion of more women in film production.[82] Smith later announced that, due to the declining appeal of his earlier films, the residuals from Weinstein-funded movies may be lower than expected; he decided that he would instead donate $2,000 a month to Women in Film.[83]\n",
            "p23": "Smith regularly casts the same actors in his film projects. Jason Mewes has been in nine of his films, his wife Jennifer Schwalbach Smith in eight and Ben Affleck in seven.\n"
        },
        {
            "header": "Writer",
            "p0": "In 1997, New Line hired Smith to rewrite Overnight Delivery, which was expected to be a blockbuster teen movie. Smith's then-girlfriend Joey Lauren Adams almost took the role of Ivy in the movie, instead of the female lead in Chasing Amy. Eventually she lost out to Reese Witherspoon, and Overnight Delivery was quietly released directly to video in April 1998. Smith was not credited for his contributions. He has said that the only scene that really used his dialogue was the opening scene, which includes a reference to longtime Smith friend Bryan Johnson.[84]\n",
            "p1": "Smith was also an uncredited screenwriter on the 2000 comedy-drama film Coyote Ugly.[85]\n"
        },
        {
            "header": "Comics and magazines",
            "p0": "Smith has been a regular contributor to Arena magazine. In 2005, Miramax Books released Smith's first book, Silent Bob Speaks, a collection of previously published essays (most from Arena) dissecting pop culture, the movie business, and Smith's personal life. His second book, My Boring-Ass Life: The Uncomfortably Candid Diary of Kevin Smith, published by Titan Books, was another collection of previously published essays (this time blogs from Smith's website silentbobspeaks.com) and reached No. 32 on The New York Times Best Sellers List.[86] Titan released Smith's third book, Shootin' the Sh*t with Kevin Smith: The Best of the SModcast, on September 29, 2009.[87]\n",
            "p1": "A lifelong comic book fan, Smith's early forays into comic books dealt with previously established View Askew characters, and were published by Oni Press. He wrote a short Jay and Silent Bob story about Walt Flanagan's dog in Oni Double Feature No. 1, and followed it with a Bluntman and Chronic story in Oni Double Feature #12. He followed these with a series of Clerks comics. The first was Clerks: The Comic Book, which told of Randal's attempts to corner the market on Star Wars toys. The second was Clerks: Holiday Special, where Dante and Randal discover that Santa Claus lives in an apartment between the Quick Stop and RST Video. Third was Clerks: The Lost Scene, showing what happened inside Poston's Funeral Parlor. This story was later animated in the TV series style and included as an extra on the 10th Anniversary Clerks DVD.\n",
            "p2": "Smith then wrote the miniseries Chasing Dogma, which tells the story of Jay and Silent Bob between the films Chasing Amy and Dogma. He has also written the trade paperback Bluntman and Chronic, published by Image, which purports to be a collection of the three issues of the series done by Holden McNeil and Banky Edwards (of Chasing Amy). It includes a color reprinting of the story from Oni Double Feature No. 12, purported to be an early appearance by McNeil and Edwards. These stories have all been collected in Tales From the Clerks (Graphitti Designs, ISBN\u00a00-936211-78-4), which also includes a new Clerks story tying into the Clerks 2 material, and the story from Oni Double Feature #1. They were previously collected by Image Comics in three separate volumes, one each for Clerks, Chasing Dogma and Bluntman and Chronic. In 1999, Smith won a Harvey Award, for Best New Talent in comic books.[88]\n",
            "p3": "In 1999, Smith wrote \"Guardian Devil\", an eight-issue story arc of Daredevil for Marvel Comics illustrated by Joe Quesada. He then produced a 15-issue tenure on Green Arrow for DC Comics that saw the return of Oliver Queen from the dead and the introduction of Mia Dearden, a teenage girl who would become Speedy after Smith's run had ended.\n",
            "p4": "Smith returned to Marvel for two miniseries, Spider-Man/Black Cat: The Evil That Men Do and Daredevil/Bullseye: The Target, both of which debuted in 2002. The former was six issues long, but problems arose when the third issue was published two months after the initially scheduled release date. As a result, the final issues were delayed for at least three years, prompting Marvel to release an \"in case you missed it\" reprinting of the first three issues as one book before the remaining issues were released. The delay in part was due to Smith's work on Jersey Girl and Clerks II, causing him to shelve completion of the miniseries until the films were completed. He was announced as the writer of an ongoing Black Cat series[89] and The Amazing Spider-Man[90] in 2002, but because of the delays on Evil That Men Do and The Target, the plan was changed so that Smith would start a third Spider-Man title,[91] launched in 2004 by Mark Millar instead. Spider-Man/Black Cat was completed in 2005, but Daredevil/Bullseye: The Target remains unfinished, with one issue published.\n",
            "p5": "Smith wrote the limited series Batman: Cacophony, with art by friend Walt Flanagan, which ran from November 2008 to January 2009. The series featured the villains Onomatopoeia (a character created by Smith during his run at Green Arrow), The Joker, Maxie Zeus, and Victor Zsasz.[92] The trade paperback of Batman: Cacophony became a New York Times Bestseller in their Hardcover Graphic Books section.[93]\n",
            "p6": "In 2010 Smith wrote a six-issue Batman miniseries, The Widening Gyre, for DC, drawn by Walt Flanagan. The series was initially planned as 12 issues, with a long break planned between issues six and seven.[94] After issue six was published, Smith and Flanagan's work on their reality show, Comic Book Men, extended this planned break longer than expected. It was decided in the interim to release the remaining issues as a separate series, Batman: Bellicosity, scheduled for 2016,[95][96] but it remains unreleased.\n",
            "p7": "Also in 2010, Smith published a Green Hornet story for Dynamite Entertainment based on an unused script he wrote for a Green Hornet film that never came to fruition.[97][98]\n",
            "p8": "In August 2011, Dynamite Entertainment debuted Smith's The Bionic Man, which was based on a 1998 script he wrote that Universal rejected for being \"more like a comic book than a movie.\"[99]\n",
            "p9": "In 2014, Smith and Ralph Garman released a six-issue Batman '66 crossover featuring Batman and Green Hornet, Batman '66 Meets the Green Hornet.[100]\n",
            "p10": "On March 7, 2022, it was announced that Dark Horse and Smith would be teaming up to publish the books of Secret Stash Press, a new publishing line by Smith. The first 2 books of the line include Maskerade, written by Smith and Andy Mcelfresh and Quick Stops, written by Smith and set within the View Askewniverse.[101]\n"
        },
        {
            "header": "Television",
            "p0": "In 1998, Smith shot two TV commercials for Coca-Cola in New Jersey.[5]\n",
            "p1": "In 2000, Smith and Mosier teamed up with television writer David Mandel to develop an animated television show based on Clerks called Clerks: The Animated Series. Only the first two episodes aired, on ABC in May 2000, before the series was canceled due to poor ratings. The six produced episodes were released on DVD in 2001.\n",
            "p2": "During the mid-1990s Smith directed and starred in a series of commercials for MTV, alongside Jason Mewes, in which they reprised their roles as Jay and Silent Bob. In 1998 he directed Mewes as \"Gary Lamb \u2013 Ground Activist\" in a series of Nike commercials. That same year, he also shot commercials for Diet Coke. Two years later, he directed Star Wars toy commercials for Hasbro. He has also directed[102] and starred[103] in commercials for Panasonic. In 2004 he shot a public service announcement for the Declare Yourself organization, which promotes youth voter registration.[104] These advertisements brought Jay and Silent Bob out of their \"semi-retirement.\"\n",
            "p3": "On February 27, 2002, Smith released a short film for The Tonight Show, The Flying Car.\n",
            "p4": "Smith directed the pilot for The CW supernatural comedy series Reaper. He described it as \"less Brimstone or Dead Like Me and more like Shaun of the Dead than anything else\". He added that he took the job because he had always wanted to direct something he did not write, but never had an interest in doing it on the big screen.\n",
            "p5": "Smith produced and appeared in the AMC reality television series Comic Book Men, which is set inside Smith's comic book shop, Jay and Silent Bob's Secret Stash, in Red Bank, New Jersey.[105] The show ran for seven seasons, from 2012[106][107] to 2018.\n",
            "p6": "A second series of Spoilers aired on The Comedy Network in Canada.[108]\n",
            "p7": "Smith has directed 3 episodes of The Flash (\"The Runaway Dinosaur,\" \"Killer Frost,\" and \"Null and Annoyed\"),[109] 4 episodes of Supergirl (\"Supergirl Lives\",[110] \"Distant Sun\", \"Damage\" and \"Bunker Hill\") and 3 episodes of The Goldbergs (\"The Dynamic Duo\", \"Graduation Day\" and \"Our Perfect Strangers\").\n",
            "p8": "In February 2017, Smith was announced to write, direct, and executive produce a TV series based on the Image Comics title Sam and Twitch for BBC America.[111]\n",
            "p9": "In February 2019, Smith was announced to cowrite, with Dave Willis, an animated web series based on Marvel Comics' Howard the Duck for Hulu.[112] In January 2020, it was announced that the Howard the Duck series was scrapped.[113]\n",
            "p10": "2022 saw Smith guest star as himself on the Nickelodeon sitcom Warped!, in the episode \"Plagiarized!\"; in the episode, Smith announces to the lead characters what his new movie would be, and the two leads then believe Smith stole their similar idea and try to stop him.[114]\n"
        },
        {
            "header": "Abandoned and stalled TV and film projects",
            "p0": "In 1996, Smith worked on a script for a planned Superman film tentatively titled Superman Lives. He wrote several drafts but was dropped from the project when Tim Burton was hired to direct and brought his own team to write the script. (Burton's attempt was later abandoned as well.) Smith publicly discussed his experience working on the script at a Q&A session at Clark University shown on the 2002 DVD An Evening with Kevin Smith. In the Q&A, he said the experience was positive overall, since he loves Superman and was paid well. But he listed a number of unusual demands that producer Jon Peters made, including that Superman not be shown flying or wearing tights, and that he should battle a giant spider at the end of the film. Smith then noted that he went to see the 1999 film Wild Wild West, which Peters produced, and was surprised to see a giant mechanical spider at the end of the film, presumably Peters's handiwork. Smith's description of his experience gained a life of its own, with film critic A.O. Scott of The New York Times calling it \"extraordinary\".[115][116] In the 2007 direct-to-DVD animated film Superman: Doomsday, Smith has a cameo as an onlooker in a crowd that alludes to this anecdote: after Superman defeats The Toyman's giant mechanical robot, Smith scoffs, \"Yeah, like we really needed him to defeat that giant spider. Heh. Lame!\"\n",
            "p1": "In the early '00s, Smith was said to be writing Fletch Won, a prequel to the Chevy Chase film Fletch, and was set to direct with Jason Lee in the lead role, but the plans ultimately came to nothing. Smith cited Miramax not seeing Lee's box-office appeal (in an Entertainment Weekly article covering the delays, Smith claimed Harvey Weinstein continually refused it personally or suggested he focus more on the disguises of the character in a matter similar to Austin Powers, Smith admitting incredulity that Harvey refused even after Lee was frequently seen in billboards and posters in the city at the time, to promote his new show My Name is Earl, but admitting that Harvey's vision for the film clearly didn't include Lee) as a reason for its abandonment. For a time Ben Affleck was also considered for the role, with Chase framing the action as the narrator, looking back on his early adventures.\n",
            "p2": "In 2004, Smith wrote a screenplay for a film adaptation of The Green Hornet, and announced that he intended to direct it.[117] The project died after the poor box office of Jersey Girl; the screenplay was later turned into a Green Hornet comic book miniseries.[97] (A live-action film adaptation, The Green Hornet, was released in 2011, with no involvement from Smith.)\n",
            "p3": "At the 2007 San Diego Comic-Con, it was announced that Smith would write and direct an episode of the Heroes spin-off Heroes: Origins,[118] but the project was canceled because of the 2007 Writers Guild of America strike.\n",
            "p4": "Smith planned to direct a hockey drama-comedy based on Warren Zevon's song \"Hit Somebody (The Hockey Song)\". The song, about a hockey player famous for fighting in the rink, was co-written by Mitch Albom, who worked with Smith on the project.[119] Smith announced at the 2011 Sundance premiere of Red State that Hit Somebody would be the last movie he directed, but that he would continue to tell stories in other media.[120][121] In August 2011 Hit Somebody was announced as a two-part film titled Hit Somebody: Home and Hit Somebody: Away, with part 1 rated PG-13 and part 2 rated R,[122] but later it became one movie again.[123] In December 2012 Smith announced that, due to difficulties finding funding, Hit Somebody would be a six-part miniseries on an as-yet unknown network.[124] Smith announced in March 2015 that Hit Somebody would film from September to Christmas 2015,[125] but this did not happen.\n",
            "p5": "On March 12, 2015, Smith said he would film Clerks III in May 2015, followed in early 2016 by Moose Jaws and Anti-Claus (a story inspired by the Krampus tradition),[126] which he confirmed the next day.[127]\n",
            "p6": "On April 8, 2015, Smith said that Mallrats 2 would instead be his next film: \"we were talking about initially shooting 'Clerks III' this summer and then we were going to get to 'Mallrats' in the beginning of 2016. And then it jumped into 2015, where we were going to shoot 'Clerks' and then hopefully 'Mallrats' before the end of the year. But now, based on a fucking mall that we all dig that will be going away, the priority has become 'Mallrats.' So the next fucking movie I'm making is 'Mallrats 2.'\" Most of the original film's cast (16 of the 18) signed on to appear in the sequel.[128] In June 2016, Smith revealed that because Universal owns the rights to the Mallrats title a sequel would not be made; instead, it would be turned into a 10-episode TV series produced by Universal Television.[129][130] He also confirmed that the film's entire cast would reprise their roles in the series.[131] Toward the end of the month, Smith announced that he had closed a deal with Universal Television to pitch the series to networks and streaming services in August.[132]\n",
            "p7": "In January 2016, Smith wrapped production on a pilot episode for a planned half-hour comedy series, Hollyweed. He wrote and directed the pilot, which starred Smith and Donnell Rawlings, along with Kristin Bauer van Straten, Frankie Shaw, Jason Mewes, Ralph Garman, Adam Brody, Hina Abdullah, Pete Pietrangeliand and Harley Quinn Smith.[133][134] The pilot was not picked up. In July 2018, it was released as the inaugural pilot on the new TV crowdsourcing site Rivit TV, in hopes of getting funded as a web series.[135]\n",
            "p8": "In May 2016, Smith announced that he was adapting the 1984 film The Adventures of Buckaroo Banzai Across the 8th Dimension for television through MGM and said he and the company were shopping it around to networks.[136] In July 2016, it was revealed that Amazon Studios was close to closing a deal to produce the series,[137] but in November 2016, during a Facebook Live Stream, Smith said he would walk away from the series after MGM filed a lawsuit against the original creators but would be willing to come back on board if they wanted him.[138]\n"
        },
        {
            "header": "Acting roles",
            "p0": "As an actor, Smith is best known for his role as Silent Bob in Clerks, Mallrats, Chasing Amy, Dogma, Jay And Silent Bob Strike Back, and Clerks II. He made a cameo appearance in the horror film Scream 3, and was featured along with Jason Mewes in several Degrassi: The Next Generation episodes, including a special, \"Jay and Silent Bob Do Degrassi\" (also as a fictional version of himself).\n",
            "p1": "Smith played the role of Paul, a cynical divorced man, in a Showtime television series pilot, \"Manchild\", filmed in December 2006. It was not picked up by the network.[139]\n",
            "p2": "From 1995 to 1999, Smith played small roles in the View Askew movies Drawing Flies, Vulgar, and Big Helium Dog.\n",
            "p3": "In 2001, he appeared in friend Jeff Anderson's film Now You Know.\n",
            "p4": "In 2003, Smith appeared in a cameo role as coroner Jack Kirby in the film Daredevil. In 2006, he voiced the Moose in the CGI cartoon Doogal.\n",
            "p5": "In early 2005, Smith appeared in three episodes of the Canadian-made teen drama Degrassi: The Next Generation. He wrote his own dialogue for the episodes. An avid fan of the original Degrassi series Degrassi Junior High and Degrassi High, Smith references them in some of his early films. In the episodes, portraying a fictionalized version of himself, he visited the school to work on the fictional film Jay and Silent Bob Go Canadian, Eh! All three episodes were collected on the DVD Jay and Silent Bob Do Degrassi. Smith and Mewes reappeared in two episodes the following season, in which they returned to Degrassi for the Toronto premiere of the movie. Smith also appeared in the 2009 made-for-TV movie Degrassi Goes Hollywood.\n",
            "p6": "In 2007 Smith appeared in a number of films, co-starring as Sam in Catch and Release, starring Jennifer Garner,[140] and appearing as The Warlock, a hacker, in the fourth installment of the Die Hard franchise, Live Free or Die Hard.[141] At year's end, he appeared briefly in friend and fellow writer-director Richard Kelly's Southland Tales, in which he played the legless conspiracy theorist General Simon Theory. The same year, Smith did voicework for the CGI film TMNT as a diner chef and was seen as Rusty (a friend of lead Jason Mewes) in Bottoms Up with co-star Paris Hilton.\n",
            "p7": "Smith cameoed in the second-season premiere of the sitcom Joey, playing himself, on an episode of Law & Order (2000, episode \"Black, White and Blue\"), Duck Dodgers (2003 as Hal Jordan, voice only) and Yes, Dear (2004, as himself and as Silent Bob behind the end credits). He appeared in the second episode of season two of Veronica Mars, playing a store clerk. Before it aired, Smith watched the show's first season and raved about it in his \"online diary\", calling it one of the best shows in the history of television.[142]\n",
            "p8": "Smith does a voice cameo in Superman: Doomsday as a bystander. He also had a cameo appearance as \"Bob the Security Guard\" alongside Jason Mewes as \"Jay the Security Guard\" on The Flash episode, \"Null and Annoyed,\" which he also directed.\n",
            "p9": "Smith played himself in the video game Lego Batman 3: Beyond Gotham. He also appears as a playable character.[143]\n",
            "p10": "Smith appears as himself in Call of Duty: Infinite Warfare Zombies, as a cameo and a playable character in the map, Rave in the Redwoods.\n",
            "p11": "In 2017, he appeared as himself in the animated movie Teen Titans: The Judas Contract from the DC Universe Animated Original Movies series.\n",
            "p12": "Smith had a voice cameo in Star Wars: The Force Awakens, and an on-screen cameo in Star Wars: The Rise of Skywalker.[144]\n"
        },
        {
            "header": "Q&A documentaries and other specials",
            "p0": "Smith has appeared in five Q&A documentaries: An Evening with Kevin Smith (2002), An Evening with Kevin Smith 2: Evening Harder (2006), Sold Out: A Threevening with Kevin Smith (2007), Kevin Smith: Too Fat for 40 (2010) and Kevin Smith: Burn in Hell (2012). All five have been released on DVD, and the last two were also broadcast on the cable channel Epix.\n",
            "p1": "The first is a collection of filmed appearances at American colleges, while the sequel was shot at two Q&A shows held in Toronto and London. The third and fourth were filmed in Red Bank, New Jersey at the Count Basie Theater on Smith's 37th and 40th birthdays, respectively. The fifth was filmed in Austin, Texas at the Paramount Theater. The first two DVD sets were released by Sony Home Video, while the third was put out by the Weinstein Company.\n",
            "p2": "A stand-up special, entitled Kevin Smith: Silent But Deadly, filmed a mere hour before Smith's heart attack, premiered in 2018 on the cable channel Showtime and was later released to DVD.\n",
            "p3": "Smith appears with Marvel Comics guru Stan Lee in Marvel Then & Now: An Evening With Stan Lee and Joe Quesada, hosted by Kevin Smith. The film is similar in tone to the Evening with Kevin Smith series. Proceeds from the film benefit The Hero Initiative, a charitable organization that aids ill or aging comic book creators.[145]\n"
        },
        {
            "header": "Other film and television appearances",
            "p0": "After an August 2001 appearance on The Tonight Show with Jay Leno to promote Jay and Silent Bob Strike Back, Smith returned to the show for monthly segments as a correspondent. The \"Roadside Attractions\" segments featured him traveling to places around the country, including Howe Caverns in upstate New York and the Fish Market in Seattle. At least 12 of these segments were aired, and Smith regularly appeared on the program to introduce the pre-taped pieces. Five of the segments were also included on the Jersey Girl DVD.\n",
            "p1": "Smith appeared in the 2006 mtvU show Sucks Less with Kevin Smith. The show gives college students ideas for things to do on the weekends.\n",
            "p2": "In 2006, Smith guest reviewed on Ebert & Roeper, in place of Roger Ebert, who was recovering from thyroid cancer treatment. These spots were notable for the arguments between Smith and Richard Roeper over certain films, with Smith often citing Roeper's negative review of Jersey Girl to discredit his review of the film at hand. On one appearance, Smith compared Craig Brewer's Black Snake Moan to the works of William Faulkner.\n",
            "p3": "Smith was featured as one of the interview subjects in This Film Is Not Yet Rated, a 2006 documentary about the Motion Picture Association of America's process of rating films. Smith discussed how Jersey Girl receiving an R rating, on the basis of a conversation two characters in that film have about masturbation, which MPAA head Joan Graves told Smith she would not feel comfortable having her 16-year-old daughter watching. Smith's response was to question whether Graves' daughter had not already masturbated or learned about masturbation, arguing that his film was not teaching 16-year-olds anything they did not already know.[146]\n",
            "p4": "Smith teamed with AMC and The Weinstein Company to co-host a late night talk show with Greg Grunberg, Geeking Out, which premiered in July 2016, covering San Diego Comic-Con with 8 subsequent episodes running weekly.[147][148][149]\n",
            "p5": "In February 2019, he made his second appearance on The Big Bang Theory in season 12 episode 16, \"The D&D Vortex\", alongside other guests stars, Kareem Abdul-Jabbar, William Shatner, and Joe Manganiello in a storyline where they get together at the home of recurring star Wil Wheaton, to play Dungeons and Dragons.[150] His first appearance was in season 8 episode 20, \"The Fortification Implementation\", when he joins Wil Wheaton on a podcast,[151] voice only.[152]\n",
            "p6": "On November 16, 2019, Amazon Prime published \"Bonus: Kevin Smith Explains The Expanse\" as a forerunner to series 4 of The Expanse, in which Kevin helps explain the action that unfolded during the first 3 seasons. 2 days later it was published to YouTube.\n"
        },
        {
            "header": "Public appearances",
            "p0": "Smith's longest Q&A session took place April 2, 2005, at the Count Basie Theatre in Red Bank, New Jersey.[153] The sold-out event was over seven hours long, took place from 8\u00a0pm through 3\u00a0am (which due to daylight saving time, was actually 4\u00a0am). Following the Q&A, he opened Jay and Silent Bob's Secret Stash for a meet-and-greet with the numerous remaining audience members, which ended around 6:30\u00a0am. Smith then hopped on a plane and did another Q&A at the Raue Center for the Arts in Crystal Lake, Illinois, that night. Planned for two hours, it lasted just over five hours, ending a little after 1\u00a0am Central time.[154]\n",
            "p1": "Smith made sold-out appearances at Carnegie Hall in 2009 and the Sydney Opera House in 2010.[155][156]\n"
        },
        {
            "header": "On the Internet",
            "p0": "Smith has a website, The View Askewniverse, which first went online in late 1995. He also has an online blog, \"My Boring-Ass Life\", the contents of which were published in a book by the same name. Jay and Silent Bob Strike Back's fictional website MoviePoopShoot.com became real in 2002. It became Quick Stop Entertainment and was the home of SModcast until it was sold and SModcast moved to a dedicated website SModcast.com, which also carries the other SModcast network podcasts in early 2010.\n",
            "p1": "On February 5, 2007, Smith and Scott Mosier began SModcast, a regular comedy podcast. SModcast has since spawned into a podcast network called the SModcast podcast network which began in 2010, its own digital radio station called SModcast Internet Radio (S.I.R) in 2011 and an internet television channel SModCo Internet Television (S.I.T.) in 2012.\n",
            "p2": "On June 4, 2012, Smith premiered his Hulu-exclusive weekly series Spoilers, described as an \"anti-movie review\" series, where Smith takes a group of people to a new movie and has them comment on what they've seen. Other segments on the show include interviews with celebrities, and the \"Criterion Lounge\", where Smith discusses a Criterion Collection movie available on DVD and the Hulu Plus service.[157]\n",
            "p3": "On December 14, 2015, Smith began posting his Fatman on Batman series on YouTube.[158]\n",
            "p4": "In late 2015, Smith and Jason Mewes began the web series \"What's in the Box?\" on the Screen Junkies website, through the site's streaming service.\n"
        }
    ]
}