{
    "id": "nm0000514",
    "name": "Michael Madsen",
    "career": [
        {
            "header": "empty",
            "p18": "Madsen began working at the Steppenwolf Theatre Company in Chicago, where he served as an apprentice under John Malkovich and appeared in a production of Of Mice and Men.[6]\n",
            "p19": "His first notable film role was a small part, playing opposite John Spencer, in the beginning of WarGames, and he was also in Free Willy. In Quentin Tarantino's directorial debut film Reservoir Dogs, Madsen played \"Mr. Blonde\", a cruel criminal. Steve Buscemi received the role of \"Mr. Pink\", which Madsen wanted because it had more scenes with Harvey Keitel.[6] For Pulp Fiction, Madsen declined the role of Vincent Vega, which went to John Travolta. Madsen starred in Mike Newell's gangster film Donnie Brasco. He once said of these films: \"Some of them I'm only in for 10 minutes, but they bought my name, and they bought my face to put on the DVD box with a gun. What people don't always understand is that I established a certain lifestyle for my family back in the days of Species and Mulholland Falls and The Getaway. I wasn't about to move my six kids into a trailer park. So when people offered me work, it wasn't always the best, but I had to buy groceries and I had to put gas in the car.\"[6]\n",
            "p20": "In Kill Bill, Madsen played assassin Budd, the brother of Bill (David Carradine). The film was released in two parts, Vol. 1 and Vol. 2.[7] In 2004, Tarantino discussed an idea for the film to unite Madsen and Travolta, as The Vega Brothers.[8] In 2007, Tarantino said the film (which he intended to call Double V Vega) was \"kind of unlikely now\", because of the age of the actors and the onscreen deaths of both characters.[9]\n",
            "p21": "Madsen appeared in Uwe Boll's BloodRayne, a film he described as \"an abomination... It's a horrifying and preposterous movie.\"[10] He won Best Actor awards at the Boston Film Festival and New York International Independent Film and Video Festival for his performance in Strength and Honour. He played himself in the mockumentary Being Michael Madsen. Madsen co-starred in Coma, a Web series on Crackle.[11]\n",
            "p22": "He played Jim Ricker, the old friend of Jack Bauer (Kiefer Sutherland), in the eighth season of 24.[12] Madsen starred in the comedy film Let the Game Begin. On January 5, 2012, he entered the Celebrity Big Brother house, where he finished in 4th place in the final.\n",
            "p23": "In February 2014, he played Las Vegas casino mogul Ted Binion in Josh Evans' film Death in the Desert.[13] The screenplay was written by John Steppling, based on the book Death in the Desert by crime writer Cathy Scott.[14]\n",
            "p24": "In August 2014, he starred in the Kill Bill-themed music video for the song \"Black Widow\" by Iggy Azalea featuring Rita Ora.\n",
            "p25": "Madsen starred in the ensemble western film The Hateful Eight. He was among a number of people rumored to have leaked the film's script before it was released, causing Tarantino to almost not make the film and eventually rewrite it. It was later revealed Madsen was not responsible for leaking the script.[15] In 2016, he played a dramatized role of former Texas Ranger Phil Ryan in Real Detective on the Investigation Discovery network.[16]\n",
            "p26": "He starred in Vilan Trub's crime drama film The Dirty Kind, which is loosely inspired by Anthony Weiner.[17]\n"
        }
    ]
}