{
    "id": "nm0005023",
    "name": "Djimon Hounsou",
    "career": [
        {
            "header": "Acting",
            "p0": "Between 1989 and 1991, Hounsou appeared in the music videos for \"Straight Up\" by Paula Abdul, \"Love Will Never Do (Without You)\" by Janet Jackson, and Madonna's \"Express Yourself\".[6][7] He also appears in En Vogue's music video for \"Hold On\".\n",
            "p1": "Hounsou's film debut was in the 1990 Sandra Bernhard film Without You I'm Nothing. He had television parts on Beverly Hills, 90210 and ER and a guest starring role on Alias. He had a larger role in the science fiction film Stargate.[2]\n",
            "p2": "Hounsou received wide critical acclaim and a Golden Globe Award nomination for his role as Cinqu\u00e9 in the 1997 Steven Spielberg film Amistad, and gained further notice as Juba in the 2000 film Gladiator.[2] In 2004, he was nominated for the Academy Award for Best Supporting Actor for In America, making him the fourth African male to be nominated for an Oscar. In 2005 he played a mercenary in the movie The Island alongside Ewan McGregor and Scarlett Johansson. In 2006 he won the National Board of Review Award for Best Supporting Actor for his performance in Blood Diamond, and received Broadcast Film Critics Association, Screen Actors Guild Award and Academy Award nominations for this performance.[2][8][unreliable source?]\n",
            "p3": "Hounsou had a supporting role in the 2009 science-fiction film Push, as Agent Henry Carver.[9] In 2011, he starred as a French commando in the French film Forces sp\u00e9ciales.[10]\n",
            "p4": "Director Tim Story told IGN that if he were to do a third Fantastic Four film, he would like to have Hounsou as Black Panther.[11] In November 2008, it was announced that Hounsou would provide the voice of Black Panther in the television series of the same name.[12] He had signed on to play Abdiel in the film version of John Milton's Paradise Lost with Benjamin Walker and Bradley Cooper, but the film was scrapped in early February 2012.[13]\n",
            "p5": "In 2013, he appeared in the comedy film Baggage Claim alongside Paula Patton. He also voiced Drago Blodfist in How to Train Your Dragon 2 and portrayed Korath the Pursuer in the Marvel Studios film Guardians of the Galaxy, both in 2014.[14][15] He played villains in two 2015 films, Seventh Son and Furious 7, the seventh installment of The Fast and the Furious film series, the latter where he played the role of Mose Jakande, a Nigerian-French mercenary.[16]\n",
            "p6": "On 17 February 2016, it was reported that Hounsou would join the second season of the television series Wayward Pines.[17] Also in 2016, he played Chief Mbonga in The Legend of Tarzan.[18]\n",
            "p7": "In July 2018, Hounsou joined the DC Extended Universe, voicing the Fisherman King Ricou in Aquaman (with the character motion-captured by Andrew Crawford), and replacing Ron Cephas Jones as the Wizard Shazam in Shazam! (2019).[19][20] Also in 2019, he reprised his role as Korath in the Marvel Studios film Captain Marvel and the animated series What If...?. He will reprise his role as the wizard Shazam in Shazam! Fury of the Gods.[21]\n",
            "p8": "In November 2022, it was announced that Honsou had joined the cast of the Gran Turismo film, with Geri Halliwell playing his wife in the feature length film.[22]\n"
        },
        {
            "header": "Modeling",
            "p0": "On 24 February 2007, it was announced that Hounsou would be the new Calvin Klein underwear model. At the time, he was represented by Los Angeles modeling agent Omar Albertto.[23][24]\n"
        },
        {
            "header": "Other work",
            "p0": "In 2010, Hounsou was featured as the narrator in ESPN's series of \"32 Teams, 1 Dream\" commercials for the 2010 FIFA World Cup. He spoke at the Summit on Climate Change at the United Nations on 22 September 2009.[25] On 1 December 2009, he told French media that developed countries \"need to be held accountable\" for their contribution to climate change.[26]\n"
        }
    ]
}