{
    "id": "nm0029623",
    "name": "Barbara Angell",
    "career": [
        {
            "header": "empty",
            "p1": "She began as an actress with Melbourne's Little Theatre (later St Martins) under Brett Randall and Irene Mitchell, for whom she debuted in their 1955 production of The Guinea Pig. She worked as a dancer-comedian with the Tivoli Circuit from 1955\u20138, and in comedy sketches. She was in Melbourne's first TV variety show, a live weekly program called Tivoli Party Time (1956\u20137), as one of the nuclear cast that featured her with Buster Fiddess, Iris Shand (wife of actor Ron Shand) and Don Williams. In this show she wrote her own comedy material.\n",
            "p2": "She visited the UK in 1959\u201360 where she performed a solo cabaret act, further featuring her comedy sketches, music and lyrics [1]. On returning to Australia she formed a Revue company with Jon Finlayson at Melbourne's Arrow Theatre and co-wrote and produced a series of productions there including Slings 'n' Arrows and Outrageous Fortune \u2013 the titles both from the one line in Shakespeare![2] See Wendy Harmer's book,[2] It's a Joke, Joyce (Pan Books 1989). On stage, Barbara Angell starred again for the Tivoli in Lilac Time with John Larsen and in The Wizard of Oz as Glinda the Good Witch opposite Reg Livermore's Wicked Witch. Under the guidance of John McCallum at J. C. Williamson, she understudied Jill Perryman in Carnival and Maggie Fitzgibbon in No\u00ebl Coward's Sail Away. She wrote TV sketches, music and lyrics for the satirical The Mavis Bramston Show from Episode 1 throughout its 4-year run and starred in it with Ron Frazer during its last 2 years [3].\n",
            "p3": "Following the Australian tour with Madge Ryan for J.C. Williamsons in Peter Shaffer's play Black Comedy she returned to England in 1969, where she spent the next 20 years appearing on stage, in films and TV dramas and comedies [4]. She was production co-ordinator of the Association of Australian Artistes, based at the Australian High Commission in London. She leased The Arts Theatre in Great Newport Street, WC2, for lunchtime theatre in the 1970s and directed a series of plays including some of her own. She wrote TV sketches for Dave Allen and became a script assessor for the BBC's light entertainment department. Her TV play Some Day Man won a nationwide competition in the U.K. and was produced by David Cunliffe for Yorkshire Television in 1987 [5].\nIn 2005 Angell played a cameo role in the movie Superman Returns filmed at Fox Studios, Sydney, Australia.\n"
        }
    ]
}