{
    "id": "nm0005392",
    "name": "Keri Russell",
    "career": [
        {
            "header": "1990s",
            "p0": "Russell first appeared on television at age 15 as a cast member of the All-New Mickey Mouse Club variety show on the Disney Channel.[5] She was on the show from 1991 to 1994, encompassing seasons four to six.\n",
            "p1": "In 1992, Russell appeared in Honey, I Blew Up the Kid and in 1993, she had a role on the sitcom Boy Meets World as character Mr. Feeny's niece. Russell appeared on Married... with Children in a 1995 episode (\"Radio Free Trumaine\", production 9.24). She subsequently starred in several film and television roles, including the 1996 made-for-television film The Babysitter's Seduction.[4] That year she also had a role on the short-lived soap opera series Malibu Shores.[4]\n",
            "p2": "In 1994, Russell appeared as the \"other woman\" in Bon Jovi's music video \"Always\".[6] In 1997, she appeared in two episodes of Roar.[4]\n",
            "p3": "From 1998 to 2002, Russell starred as the title character on the successful WB Network series Felicity. In 1999, she won a Golden Globe for the role. Russell's long, curly hair was one of her character's defining characteristics and her hairstyle change at the beginning of the show's second season was speculated by some to have caused a significant drop in the show's ratings.[7]\n"
        },
        {
            "header": "2000s",
            "p0": "During the show's run, Russell appeared in the films Eight Days a Week, The Curve and Mad About Mambo, all of which received only limited releases in North America. Her next role was in the film We Were Soldiers (2002),[4] playing the wife of a United States serviceman during the Vietnam War. The film was released two months before the end of Felicity's run.\n",
            "p1": "When Felicity ended, Russell moved to New York City and made her off-Broadway stage debut in 2004 in Neil LaBute's Fat Pig.[8] In 2005, she returned to television and film, beginning with an appearance in the Hallmark Hall of Fame television movie The Magic of Ordinary Days, theatrical film The Upside of Anger and the television miniseries Into the West. Directing Mission: Impossible III in 2005, J. J. Abrams asked Russell to join the cast and she accepted. She was screen tested for the role of Lois Lane in Superman Returns, but lost the role to Kate Bosworth.[9]\n",
            "p2": "In mid-2006, Russell was chosen to be a celebrity spokeswoman for CoverGirl cosmetics.[10] In the summer of 2007, Russell appeared in The Keri Kronicles, a reality show sitcom sponsored by CoverGirl and airing on MySpace; the show was filmed at Russell's home in Manhattan and spotlighted her life.[11] Also in 2007, she played Melody on the NBC show Scrubs.\n",
            "p3": "Russell next starred in the film Waitress, which marked the fourth time she played a pregnant woman.[12] Her performance was positively received by critics,[11] with Michael Sragow of The Baltimore Sun writing that Russell's performance had \"aesthetic character\" and \"wields tenderness and fierceness with quiet heat\".[13] In 2007, Russell also completed roles in Grimm Love (titled Rohtenburg for its German release), in which she played Katie Armstrong, a graduate student who writes her thesis on an infamous cannibal murder case and the thriller The Girl in the Park.\n",
            "p4": "Russell next appeared in August Rush, released in November 2007. She also appeared on the cover of the New York Post's Page Six magazine on November 11, 2007.[14] Russell later appeared in Bedtime Stories.[15] In an appearance on The View on December 15, 2008, Russell said she got the part because Adam Sandler's wife Jackie had seen her in Waitress and suggested her for the movie. Russell voiced Wonder Woman in a direct-to-video animated feature released on March 3, 2009.[16]\n"
        },
        {
            "header": "2010s",
            "p0": "Russell starred in the Tom Vaughan-helmed Extraordinary Measures[17][18] for CBS Films. The drama, which started filming on April 6, 2009, and was released on January 22, 2010, was the first film to go into production for the new company.[4][19] Russell played Aileen Crowley, a mother who tries to build a normal home life for her sick children while her husband and an unconventional scientist race against time to find a cure.[20]\n",
            "p1": "Russell starred in the Fox series Running Wilde from 2010 to 2011.[21]\n",
            "p2": "From 2013 to 2018, she starred in the FX drama series The Americans, playing Elizabeth Jennings, a deep-undercover Russian KGB spy living as an American in the 1980s Cold War era. She appeared opposite Matthew Rhys, who portrays her character's husband and spy partner. Russell and Rhys became partners in real life during this time. The series ended after six seasons.[22]\n",
            "p3": "In 2013, Russell starred in the science-fiction horror film Dark Skies and the romantic comedy film Austenland. In 2014, Russell starred in the science fiction action film Dawn of the Planet of the Apes, a sequel to the 2011 film Rise of the Planet of the Apes.[23] She later starred as Serena Knight in the 2016 historical war film Free State of Jones.\n",
            "p4": "In July 2018,  Russell was announced to have joined the cast of the film Star Wars: The Rise of Skywalker, which was released on December 20, 2019. The film reunited her with J.J. Abrams, with whom she had worked on Felicity and Mission: Impossible III.[24] In August 2018,  Russell was announced to star as Anna in the first Broadway revival of Lanford Wilson's play Burn This. Performances began in March 2019 at the Hudson Theatre.[25]\n"
        }
    ]
}