{
    "id": "nm0088045",
    "name": "Julian Bleach",
    "career": [
        {
            "header": "empty",
            "p4": "Bleach's other theatre work includes playing Ariel to Patrick Stewart's Prospero in the RSC's 2007 production of The Tempest,[5] directed by Rupert Goold, and Mr. Sowerberry (to Louise Gold's Mrs. Sowerberry) and Dr. Grimwig in the 2009 Theatre Royal Drury Lane production of the musical Oliver!.\n",
            "p5": "On television, he has starred as \"The Monster\" in the 2007 ITV adaptation of Frankenstein.[6]\nHe played the Grand Master from the second series of children's drama M.I.High and guest-starred as the villainous \"Ghostmaker\" in Peter J. Hammond's \"From Out of the Rain\" in the second series of Doctor Who spin-off series Torchwood.[4] Bleach was later recruited by the parent series as Davros, enemy of The Doctor and creator of the Daleks, in \"The Stolen Earth\" and \"Journey's End\", the two-part season finale of the 2008 series,[7] and live at the Doctor Who Prom,[8] before returning to the role in the 2015 series opener, \"The Magician's Apprentice\", and its conclusion, \"The Witch's Familiar\". In 2010, it was announced that he would star as the eponymous character in The Nightmare Man, the opening story of Series 4 of The Sarah Jane Adventures. This makes him one of only two actors (the other being Paul Marc Davis) to appear in not only Doctor Who, but two of its spin-offs, Torchwood and The Sarah-Jane Adventures. In 2011, he appeared as Niccol\u00f2 Machiavelli in the Showtime series The Borgias.\n",
            "p6": "In 2016 Bleach appeared as Barkilphedro in the critically acclaimed new musical The Grinning Man at Bristol Old Vic which transferred in late 2017 to Trafalgar Studios. In the same year he also appeared in Rory Mullarkey's new play Saint George and the Dragon at the Royal National Theatre.\n"
        }
    ]
}