{
    "id": "nm0004886",
    "name": "Bill Duke",
    "career": [
        {
            "header": "empty",
            "p17": "In the early 1980s, Duke accidentally secured a directing job on Knots Landing, due to a secretarial or clerical error at AFI Conservatory.[citation needed] However, the producers were pleased with his work, and he was kept on, eventually directing 10 episodes of the show.[citation needed] This made him one of the first four black television directors.[citation needed] Duke then directed episodes of Knots Landing's mother show Dallas and its sister show Falcon Crest (6 episodes). Next came action and cop shows Hill Street Blues, Miami Vice and Starman. He credits the benevolence and humanity of people like Larry Hagman and Jane Wyman for his early TV directing success, while he occasionally heard derogatory remarks, and even racial slurs, from crew members, including the Teamsters.[citation needed]\n",
            "p18": "Duke directed the TV movie The Killing Floor in 1984. He began directing theatrical films in the 1990s with crime dramas A Rage in Harlem (1991), Deep Cover (1992)  and Hoodlum (1997).[9] He also directed The Cemetery Club (1993) and the Whoopi Goldberg comedy sequel Sister Act 2: Back in the Habit (1993).\n",
            "p19": "For television, Duke directed the A&E Network original film, The Golden Spiders: A Nero Wolfe Mystery (2000). In 2007 he directed the historical reenactments in the award-winning PBS-broadcast documentary Prince Among Slaves.[10]\n",
            "p20": "Duke teamed with screenwriter Bayard Johnson to co-produce Cover, a 2007 film which explores the HIV epidemic.[11]\n",
            "p21": "He is set to direct The Power of One: The Diane Latiker Story, a film based on Chicago activist Diane Latiker.[12]\n"
        },
        {
            "header": "Television appearances",
            "p0": "Duke made an appearance on Kojak in 1976, as Sylk in the episode \"Bad Dude\", in the third season of the series. He guest-starred in the fourth episode of Lost in its third season as Warden Harris, in the episode \"Every Man for Himself\".\n",
            "p1": "Duke had a starring role in the short-lived TV series Palmerstown, U.S.A., produced by Norman Lear and Roots author, Alex Haley. Although the series was critically acclaimed and won an Emmy, it ran for only 17 episodes in the 1980\u201381 television season.[13][14]\n",
            "p2": "He guest-starred in Battlestar Galactica remake in 2004, the season two episode \"Black Market\".[9]\n",
            "p3": "Duke was cast as recurring character Capt. Parish in the action television series/crime drama Fastlane. He made a guest appearance on Baisden After Dark in the episode broadcast on July 18, 2008 and guest-starred on Cold Case as Grover Boone, a corrupt politician, in the 2008 episode \"Street Money\". Duke voiced a detective in the episode \"Thank You for Not Snitching\" of the animated television series The Boondocks. The character and his entire scene were references to Menace II Society.[citation needed] Duke appears in Busta Rhymes' music video \"Dangerous\".[15] Duke also appears in an episode of Law & Order: SVU as a lawyer.[16] In May 2017, Duke appeared on episode 6 of the first season of the Outdoor Channel show Hollywood Weapons: Fact or Fiction?. Duke discussed with host Terry Schappert his time filming Predator, his character Sgt. Mac Elliot, and what it was like to fire an M134 Minigun.[17]\n",
            "p4": "In 2018, Duke joined the second season of The CW superhero drama series Black Lightning as recurring character Agent Percy Odell, a dedicated A.S.A. government official.[18]\n"
        },
        {
            "header": "Other work",
            "p0": "He has served on the Board of Trustees of the American Film Institute,[19][20] as a member of the California Film Commission board, appointed by Governor Schwarzenegger,[21][22] in the Time Warner Endowed Chair in the Department of Radio Television and Film at Howard University in Washington, D.C.[20][23] and as a member of the National Endowment for the Humanities, appointed by President Bill Clinton.[20][24][25]\n",
            "p1": "In 2011 he directed the documentary Dark Girls, which was nominated for an NAACP Award, followed by 2015's Light Girls.\n",
            "p2": "Duke is also the founder & owner of the Duke Media Foundation that helps prepare young people for a career in all aspects of film, video and TV production.[5] Duke became a teacher of Transcendental Meditation in Ethiopia in 1973 under the guidance of Maharishi Mahesh Yogi.[20]\n"
        }
    ]
}