{
    "id": "nm0009811",
    "name": "Mark Acheson",
    "career": [
        {
            "header": "empty",
            "p3": "Acheson began studying acting at Langara College\u2019s Studio 58 at the age of 15.[2] He is a founding member of Janus Theatre and appeared on stage for eight years including a full season at the Arts Club as well as  The NewPlay center, Carousel Theatre, Western Canada Theatre in Kamloops, Sunshine Theatre in Kelowna, The Belfry in Victoria and StageWest in Edmonton. In his 30s, he started an extensive career in film and television, mostly in supporting roles.  Some of his most notable roles are the Mailroom Guy in Elf[3] and  Mr. Tripoli in Fargo.[4] His other film credits include The 13th Warrior[2] and Watchmen.[2]\n",
            "p4": "Acheson has also amassed a large body of work in voice acting, where he tends to be cast as villains. He voiced the characters of Lord Tirek from My Little Pony: Friendship Is Magic,[1] Sabretooth from Hulk Vs. Wolverine,[5] and has provided the voice of many characters in the TV show Transformers.[5]\n"
        }
    ]
}