{
    "id": "nm0011758",
    "name": "Tunde Adebimpe",
    "career": [
        {
            "header": "TV on the Radio"
        },
        {
            "header": "Solo work and collaborations",
            "p0": "As well as occasionally performing solo, Adebimpe regularly collaborates with other musicians. He provides backing vocals on the track \"Dragon Queen\" on the Yeah Yeah Yeahs' 2009 record, It's Blitz!, which was produced by fellow TVOTR member David Andrew Sitek. He also appears on several tracks of Dragons of Zynth's Coronation Thieves, also partially produced by Sitek.  He produced and guested on \"Your Glasshouse\", a track from Atmosphere's 2008 record When Life Gives You Lemons, You Paint That Shit Gold. He is also featured on the song, \"Deathful\", on Subtle's album Yell&Ice.[10]\n",
            "p1": "In early 2009, he performed three shows as a duo with Tall Firs drummer Ryan Sawyer, the latter two under the name Stabbing Eastward.[11][12] Also in early 2009, Adebimpe released a combined single/DVD under the name Fake Male Voice on the Japan/Brooklyn label Heartfast.[13] He performed one show under that name with a pickup group at the record's release party. Fake Male Voice again performed at a Heartfast showcase during CMJ 2009, as a duo comprising Adebimpe and Gerard Smith.\n",
            "p2": "In 2009 Adebimpe collaborated with Massive Attack on the track \"Pray for Rain\".[14]\n",
            "p3": "In 2010, Adebimpe was featured on his TV on the Radio bandmate Dave Sitek's project Maximum Balloon on the track \"Absence of Light\".\n",
            "p4": "Adebimpe with members of TV on the Radio are featured on three tracks from Tinariwen's album Tassili (2011), and on the Amadou & Mariam track \"Wily Kataso\", from the 2012 album Folila. Ian Brennan was a producer on the record, which went on to win a Grammy.\n",
            "p5": "In 2012, Adebimpe formed the band Higgins Waterproof Black Magic Band, who released their self-titled EP on their own ZNA records in October 2013.\n",
            "p6": "Adebimpe provided the vocals on Bad Radio, a track on Leftfield's Alternative Light Source album in 2015.\n",
            "p7": "He is a member of the group Nevermen with Mike Patton and Doseone. Their debut album Nevermen  was released in 2016.\n",
            "p8": "Adebimpe provided the vocals on \"Thieves! (Screamed The Ghosts)\" on Run The Jewels' album Run the Jewels 3 in 2017.\n",
            "p9": "Adebimpe collaborated with Rockstar Games and released Speedline Miracle Masterpiece (ft. Sal P. & Sinkane) as part of the Welcome to Los Santos soundtrack for Grand Theft Auto V. The song was also used for the trailer music for the Further Adventures in Finance and Felony DLC.\n"
        }
    ]
}