{
    "id": "nm0180388",
    "name": "Stephane Cornicard",
    "career": [
        {
            "header": "empty",
            "p2": "Cornicard's many credits include Jean in Saving Private Ryan by Steven Spielberg, Liquid Snake in Metal Gear and Gabe Logan in Syphon Filter, the evil Count Raum in Primal, enigmatic profiler Gerd Hanke in Evidence: The Last Ritual by Eric Viennot, the narration for Napoleon Bonaparte in the video game Napoleon: Total War in English, French, German and Spanish (as well as voicing Charlemagne in the later Total War: Attila, the voice of the character Riordan in BioWare's Dragon Age: Origins, and Stroud in Dragon Age II and Dragon Age: Inquisition.  He gave his voice to the French Red Cross for their anti-personal landmines campaign. He also played the character Lonesome Gavlan in FromSoftware's Dark Souls II (English version).\n",
            "p3": "Cornicard appeared in the Doctor Who audio drama The Next Life. He also presents Ma France, web based French classes and podcasts for BBC.\n",
            "p4": "St\u00e9phane Cornicard stars as hapless truffle hunter Jean Dubois in Tom Tagholm's A Bout de Truffe, winner of TCM Classic Shorts Film Competition 2007, Best Film, Best UK Short at Raindance Film Festival 2007, Grand Jury Award at Dances with Film Festival 2007.\n"
        }
    ]
}