{
    "id": "nm0180428",
    "name": "Joe Cornish",
    "career": [
        {
            "header": "The Adam and Joe Show",
            "p0": "The Adam and Joe Show was an ironic pop culture sketch show written, presented and directed by the duo. The show found cult success during its four series between 1996 and 2001. The best-known segments featured hit feature films recreated with stuffed toys, British television shows parodied using Star Wars action figures, and Vinyl Justice, in which the pair invaded rock stars' homes and searched their record collections for embarrassing records.[3]\n",
            "p1": "Since the end of The Adam and Joe Show, Cornish has continued to work in British television and radio as a presenter, writer and director, both with and without Buxton. He wrote and presented the BBC Radio 4 film programme Back Row between 2002 and 2003.\n",
            "p2": "In 2001, he fronted the topical discussion show This Week Only, alongside Nick Frost and Lauren Laverne.\n",
            "p3": "In 2007, he and Buxton began presenting Adam and Joe, a radio show on BBC Radio 6 Music. This was put on hold during 2010 while Cornish directed Attack the Block; a new series began on Saturday 2 April 2011.\n"
        },
        {
            "header": "Film & TV",
            "p0": "Cornish has made a number of behind the scenes documentaries/video diaries. They include Cornish following the making of Little Britain series 2, which was screened on BBC Three and is included on the Little Britain Series 2 DVD; a video diary of his brief cameo as a zombie, which appears on the UK Shaun of the Dead DVD; and Hot Fuzz: The Fuzzball Rally, where he followed his friends and collaborators, Edgar Wright, Nick Frost and Simon Pegg on the US press tour for their film Hot Fuzz. There have been two cuts of the Fuzzball Rally: a 28-minute version was included on the Hot Fuzz HD DVD (UK/US) and a 71-minute version was included on both the 3-Disc Collectors Edition DVD (US) and the Blu-ray Disc (US/UK) of Fuzz. The documentary caused the latter's certification to be changed from a 15 certificate to an 18 certificate, due to the very strong language the documentary contains.\n",
            "p1": "He made a brief appearance in Hot Fuzz as a white suited and bemasked Scenes-of-Crime Officer named \"Bob\". In 2017, he made a cameo in Star Wars: The Last Jedi alongside Wright, where both played Resistance fighters.[4]\n",
            "p2": "In 2006, he was announced as co-writer on a feature film adaptation of the Marvel Comics comic book character Ant-Man, with Shaun of the Dead director Edgar Wright. Both Wright and Cornish received story by and screenplay credit on the finished film, after Wright's departure from the project in 2014. Wright and Cornish also rewrote Steven Moffat's script for The Adventures of Tintin co-starring Simon Pegg, for Steven Spielberg and Peter Jackson.[5] In November 2013, Cornish was tipped to be J. J. Abrams' lead choice for director of the upcoming Star Trek Beyond.[6] However, Roberto Orci was ultimately chosen to direct, before leaving the project in late 2014.[7]\n",
            "p3": "In December 2020, the popular middle grade thriller series Lockwood & Co. was announced to be going to Netflix, adapted by Cornish.[8]\n",
            "p4": "Cornish has continued his work in television comedy, directing parts of the pilot of Modern Toss, and the pilot to Channel 4's Blunder. According to an interview in Word Magazine, he pulled out of directing the series of Blunder due to creative differences with Channel 4 and the production company. In early 2007, he directed the video for Charlotte Hatherley's single \"I Want You to Know\".\n",
            "p5": "On 13 May 2011, Optimum Releasing released Attack the Block, Cornish's directorial debut, which was executive produced by his friend and collaborator, Edgar Wright, and produced by Film4, Big Talk Pictures, the UK Film Council and Optimum's French parent company StudioCanal (which would later rebrand Optimum under their name four months after the film's British release). The film is a science fiction action horror comedy set in South London that pitches a gang of youths against an alien invasion. The film initially had no US distributor, but after the reaction of the press and attendees at the SXSW premiere,[9] the US rights were purchased by Screen Gems for theatrical release on 29 July 2011.[10]\n",
            "p6": "Cornish's second film was the fantasy adventure The Kid Who Would Be King, starring Louis Ashbourne Serkis. Filming took place in Tintagel. The film, also featuring Patrick Stewart and Rebecca Ferguson,[11] was released on 25 January 2019.\n"
        },
        {
            "header": "Future projects",
            "p0": "In June 2012, it was announced that Cornish had been signed as director of a future film adaptation of Neal Stephenson's classic 1992 novel Snow Crash for Paramount Pictures.[12] In May 2020, it was announced that Cornish would direct and write the TV series adaptation of Lockwood & Co. for Netflix.[13][14] In April 2021, it was announced that Cornish would direct and write an adaptation of Starlight for 20th Century Studios.[15] In May 2021, it was announced that Cornish would write, direct, and produce the sequel to Attack the Block.[16]\n"
        }
    ]
}