{
    "id": "nm0122878",
    "name": "Stephanie Burns",
    "career": [
        {
            "header": "empty",
            "p7": "Burns joined Dow Corning in 1982[4] in France as a researcher and specialist in organosilicon chemistry, which is the study into compounds made of carbon and silicon.[2] Burns' research in silicones, and new heat-resistant rubber creation has earned her three patents that she was credited in her first years at the company.[2][1] She gradually worked her way into corporate management at Dow Corning, and in 1994 she was appointed director of Women's Health and was part of the Chapter 11 management team.[5] In 1997, she moved to Brussels, after being appointed Science and Technology Director for Europe.[3]\n",
            "p8": "Upon her return to the United States in 2000, Burns was appointed executive vice president of the firm, and three years later became its president, the first woman to do so.[2] She served as the President and Chief Executive Officer of Dow Corning, from February 2003 until her retirement on 31 December 2011.[3] She also served as its Chief Operating Officer from January 2004, and as Chairman from January 2006, until her retirement,[3] replacing Gary E. Anderson.[6] Under Burns' leadership, Dow Corning expanded their to include more than 7,000 silicon-based products.[7] Additionally, she has overseen extensive diversification of the company's reach extending into new geographic markets.[7] In Burns tenure at the top of Dow Corning, she has led them to nearly quintuple their profits, and raised their annual spending on R&D to 6% of their total sails.[1] In 2011 Burns received the International Palladium medal from the Soci\u00e9t\u00e9 de Chimie Industrielle for her many distinguished contributions to the chemical industry and, contributing to the enhancement of the international aims and objectives of the Soci\u00e9t\u00e9 de Chimie Industrielle.[7] Burns is the first woman to receive this award, which was presented to her at a dinner in her honor on May 3rd, 2011 in the Grand Ballroom of the Roosevelt Hotel in New York.[7]\n"
        }
    ]
}