{
    "id": "nm0125579",
    "name": "George Buza",
    "career": [
        {
            "header": "empty",
            "p6": "George Buza played Turner Edison on Maniac Mansion for the entirety of its 1990-1993 run on YTV and The Family Channel. He also had a recurring role on the Red Green Show as Dwight Cardiff, the extremely lazy marina operator. He appeared as Chief Jake McKenna several times in the TV series Honey, I Shrunk the Kids: The TV Show. In addition, he portrayed Doubar, the older brother of Sinbad, in The Adventures of Sinbad syndicated TV series, as well as a recurring role on the syndicated Mutant X. George was also in episode 11 of TVOntario's Read All About It, and played Buck Norris on The Strain. He was one of the Kzamm tribe in Quest for Fire (film).\n",
            "p7": "He also makes a small appearance as a trucker in 2000's X-Men movie, and a biker in George Romero's Diary of The Dead. He played Stuckmore in 2002's Men With Brooms. George Buza also played Lenny \"The Brain\" Lepinski in the Quebec-Ontario TV show called \"The Last Chapter\". He also played Santa, the character that fought Krampus in the horror movie A Christmas Horror Story.[1][2]\n"
        },
        {
            "header": "Voiceover work",
            "p0": "George is probably best known for voicing Beast in the X-Men Animated Series. He also reprised the role in the video games X-Men: Children of the Atom and both X-Men: Mutant Academy games.\n",
            "p1": "George has also provided character voices in many animated series.[3] He voiced Grandpa Granger in the English dub of Beyblade, Chief Chirpa on Star Wars: Ewoks, and additional roles in Star Wars: Droids, The Busy World of Richard Scarry, Mythic Warriors: Guardians of the Legend, The Neverending Story, Babar, Hammerman, Jayce and the Wheeled Warriors, Grossology, Iggy Arbuckle, Dog City, Pecola, Monster Force, Franny's Feet Starlink: Battle for Atlas and Tales from the Cryptkeeper.\n",
            "p2": "He also provided his voice in the English dubs of the Medabots and Power Stone video games.\n"
        }
    ]
}