{
    "id": "nm0123785",
    "name": "Ben Burtt",
    "career": [
        {
            "header": "empty",
            "p20": "Burtt made films during his time in college, and in 1970 won a National Student Film Festival for his war film entitled Yankee Squadron,[2] reputedly after following exposure to classic aviation drama.[citation needed] He had previously made an amateur film at the Old Rhinebeck Aerodrome, a living aviation museum in Red Hook, New York, under guidance from its founder, Cole Palen.[citation needed]\n",
            "p21": "For his work on the special-effects film Genesis, Burtt won a scholarship to the University of Southern California,[2] where he earned a master's degree in film production.\n"
        },
        {
            "header": "Sound designer",
            "p0": "Burtt pioneered many aspects of modern sound design, especially in the science-fiction and fantasy-film genres.[3] Before his work in the first Star Wars (now known as Star Wars Episode IV: A New Hope) in 1977, science-fiction films tended to use electronic-sounding effects for futuristic devices. Burtt sought a more natural sound, blending in \"found sounds\" to create the effects. The lightsaber hum, for instance, was derived from a film projector idling combined with feedback from a broken television set, and the blaster effect started with the sound acquired from hitting a guy-wire on a radio tower with a hammer.[4]\n",
            "p1": "In the Star Wars series, part of R2-D2's beeps and whistles are Burtt's vocalizations, also made using an ARP 2600 synthesizer, as are some of the squawks made by the tiny holographic monsters on the Millennium Falcon spacecraft. In Star Wars: Episode III \u2013 Revenge of the Sith (2005), Burtt's provided the voice for Lushros Dofine, captain of the Invisible Hand cruiser. The heavy breathing of Darth Vader was created by recording Burtt's own breathing in an old Dacor scuba regulator.\n",
            "p2": "Burtt used the voice of an elderly lady that he had met in a photography shop for the voice of E.T. the Extra-Terrestrial. The woman's low pitch was the result of very heavy smoking, specifically Kool cigarettes. Burtt created the \"voice\" of the title character and many other robots in Pixar's film WALL-E (2008), about a lonely garbage-compacting robot. Additionally, Burtt is responsible for the sound effects in Indiana Jones and the Kingdom of the Crystal Skull (2008).[5]\n",
            "p3": "Burtt has a reputation for including a sound effect dubbed \"the Wilhelm scream\" in many of the movies he has worked on. Taken from a character named \"Wilhelm\" in the film The Charge at Feather River, the sound can be heard in a large number of films, including in Star Wars Episode IV: A New Hope when a stormtrooper falls into a chasm and in Raiders of the Lost Ark when a Nazi soldier falls off the back of a moving car.\n",
            "p4": "One of Burtt's more subtle sound effects is the \"audio black hole.\" In Attack of the Clones, Burtt's use of the audio black hole involved the insertion of a short interval of absolute silence in the audio track, just prior to the detonation of \"seismic charges\" fired at the escaping Jedi spaceship. The effect of this short (less than one second) of silence is to accentuate the resulting explosion in the mind of the listener. Burtt has recalled the source of this idea as follows: \"I think back to where that idea might have come to me...I remember in film school a talk I had with an old retired sound editor who said they used to leave a few frames of silence in the track just before a big explosion. In those days they would 'paint' out the optical sound with ink. Then I thought of the airlock entry sequence in 2001. I guess the seeds were there for me to nourish when it came to the seismic charges.\"\n",
            "p5": "Burtt was among the golden ears that critically reviewed the various audio compression systems that were proposed for the ATSC 1.0 digital television system.\n",
            "p6": "A tongue-in-cheek homage to Burtt appears in the 1997 Activision PC game Zork: Grand Inquisitor - the spell 'Beburtt', which 'creates the illusion of inclement weather', plays dramatic thunderclap and rainfall sounds when cast.\n"
        },
        {
            "header": "Director, editor, and writer",
            "p0": "Burtt has directed several IMAX documentary films, including Blue Planet, Destiny in Space, and the Oscar-nominated Special Effects: Anything Can Happen.[6] He edited the entire Star Wars prequel trilogy, and several episodes of The Young Indiana Jones Chronicles. Burtt also wrote several episodes of the 1980s Star Wars cartoon Droids.[7]\n"
        },
        {
            "header": "Cameo appearances",
            "p0": "Burtt makes a cameo appearance in two of the Star Wars films as an extra. In Return of the Jedi, he appeared as Colonel Dyer, the Imperial officer who yells \"Freeze!\" before Han Solo knocks him off a balcony. The scream as Burtt falls is his own imitation of the Wilhelm scream that he popularized. In Episode I \u2013 The Phantom Menace, Burtt appears in the background of the end celebration scene;[8] his character is named Ebenn Q3 Baobab, a reference to a Droids character.\n"
        }
    ]
}