{
    "id": "nm0147312",
    "name": "Laura Cayouette",
    "career": [
        {
            "header": "empty",
            "p34": "Best known as Lara Lee Candie-Fitzwilly, the sister of the main antagonist in Quentin Tarantino's Django Unchained, Cayouette's acting career started in 1996 with a role in The Evening Star (1996), the sequel to Terms of Endearment, opposite Shirley MacLaine and Juliette Lewis. The same year she worked with David Duchovny and Garry Shandling on an award-winning episode of The Larry Sanders Show and followed that with the Friends episode \"The One With the Screamer\".\n",
            "p35": "Cayouette has worked with Tarantino four times. He first directed her in Kill Bill, Vol. 2 (2004), then produced as she acted in Daltry Calhoun, a 2005 film directed by Charles Bronson\u2019s daughter, Katrina Holden Bronson. In 2008, Cayouette and Tarantino produced Hell Ride, a biker movie featuring Cayouette, Dennis Hopper, Michael Madsen and David Carradine, and followed that up with Django Unchained (2012).[1]\n",
            "p36": "During her 25-year career, Cayouette has worked with Matthew McConaughey, Woody Harrelson, Will Smith, Richard Dreyfuss, Kevin Costner, Christoph Waltz, Samuel L. Jackson, Arnold Schwarzenegger, Abigail Breslin, Elizabeth Banks, Scott Bakula, Kerry Washington, Walton Goggins, Gene Hackman, Jamie Foxx, Christopher Lloyd, Christina Hendricks, Hayden Christensen, David Morse, Michael Jai White, Kate Bosworth, Ruth Buzzi, Mykelti Williamson, Malcolm McDowell, Lauren Holly, Johnny Knoxville, Josh Charles, Kofi Siriboe, Sammo Hung, Candy Clark, Arsenio Hall, Dick Van Dyke and many more. Directors include Tony Scott, Sam Raimi, Anthony Hemingway, Cary Joji Fukunaga, Todd Holland, Peter Gould, Martin Campbell, Louis Letterier, and Bertrand Blier.\n",
            "p37": "Cayouette directed Joanna Cassidy and Danica McKellar in the 2004 short film, Intermission then directed Richard Dreyfuss and Mircea Monroe in the 2011 short film, Lone Star Trixie. Cayouette is the first person to ever wear a Project Runway dress to the Oscars. Designer Austin Scarlett accompanied her to the event.\n",
            "p38": "Cayouette has written seven books, including Know Small Parts: An Actor's Guide to Turning Minutes into Moments and Moments into a Career with foreword by Richard Dreyfuss and endorsements from Kevin Costner, Reginald Hudlin, and Lou Diamond Phillips. She is also the author of a coming of age novel, Lemonade Farm, and the amateur-sleuth Charlotte Reade Mysteries series set in New Orleans[3][5]  and  highlighting cultural events like Jazz Fest, Southern Decadence, and the Mardi Gras Indians\u2019 Super Sunday, as well as moments like the Saints Super Bowl victory during Carnival, the BP oil spill, and Hurricane Isaac.\n",
            "p39": "Cayouette writes a blog, LAtoNOLA.com,[6] recounting many of those same events as well as dancing with the New Orleans Pussyfooters in the Mardi Gras parades and riding with Quentin Tarantino in the Monarch float after she arranged for him to preside over the Krewe of Orpheus parade during Mardi Gras 2014.\n",
            "p40": "She was elected as a Convention Delegate in the 2019 SAG-AFTRA New Orleans Local election.[7] More recent acting roles include the recurring Marlene in Ava Duverney's Queen Sugar and John Schneider's wife in the film Hate Crime (2017).\n"
        }
    ]
}