{
    "id": "nm0169806",
    "name": "Taika Waititi",
    "career": [
        {
            "header": "empty",
            "p11": "In 2020, Waititi narrated a charity reading of James and the Giant Peach by Roald Dahl.[66] He portrayed Ratcatcher in the DC superhero film The Suicide Squad, released in August 2021 to positive reviews.[67][68] Also in August, Waititi portrayed Antwan Hovachelik, the antagonist of the action comedy film Free Guy.[69] With Sterlin Harjo, Waititi co-created the comedy series Reservation Dogs, which chronicles the lives of a group of indigenous Oklahoma teens, and comprises a main cast, directors, producers, and writers of indigenous peoples. It premiered on FX and received positive reviews.[70][71]\n",
            "p12": "Waititi executive produced, directed and starred as Blackbeard in the HBO Max comedy series Our Flag Means Death.[72] The first season was released in March 2022.[73] That same year, Time magazine placed him on its annual list of the 100 most influential people in the world.[74] Waititi performed as a voice actor in the 2022 animated film Lightyear as Mo Morrison.[citation needed] He wrote and directed the superhero film Thor: Love and Thunder, a sequel to Thor: Ragnarok.[75] It released in July 2022.[76]\n",
            "p13": "Waititi also directed a feature film adaptation of the documentary Next Goal Wins prior to directing Thor: Love and Thunder. The film, which had been delayed, is set to be released on April 2023 after Armie Hammer's scenes were re-shot with Will Arnett taking over the role.[77][78] He is set to direct a live-action film adaptation of Akira.[79][80] He is slated to co-write a sequel to What We Do in the Shadows, titled We're Wolves, and direct and co-write a live-action Star Wars film.[81][82] Waititi is attached to write, direct and executive produce two animated series for Netflix based on Roald Dahl's children's novel Charlie and the Chocolate Factory and its sequel, one adapting the novels and the other focused on the novel's Oompa Loompa characters.[83] He is set to executive produce and direct the Showtime limited series The Auteur.[84] He is slated to write and direct a film based on Flash Gordon for 20th Century Studios.[85] In November 2021, it was announced that Waititi would adapt The Incal into a feature film.[86]\n"
        }
    ]
}