{
    "id": "nm0155211",
    "name": "Edison Chen",
    "career": [
        {
            "header": "Film",
            "p0": "In 1999, a talent scout approached Chen while he was clubbing with friends in Hong Kong and asked him to film a commercial. He was aged 19[12] when he was featured in Leon Lai's Citibank commercial. In the same year, he also starred alongside Cecilia Cheung in a commemorative subway commercial.[13]\n",
            "p1": "From then on, his career began with the Japanese film Dead or Alive 2: Birds. He made his Hong Kong film debut in the film Gen-Y Cops in 2000.[14] He starred in many popular films including Infernal Affairs, Infernal Affairs II, Initial D, and Dog Bite Dog. Determined to expand his horizons to countries around the world, he also starred in the Japanese drama Under the Same Moon. In 2006, he made his American debut as a Hong Kong journalist in The Grudge 2. He was offered a small role in The Fast and the Furious: Tokyo Drift but he declined.[15] His final film in Hong Kong as of 2013 is The Sniper, which was filmed before his photo scandal.\n",
            "p2": "He also filmed a cameo as a thug in The Dark Knight but because of the scandal, his role was reduced and was seen very briefly as a receptionist instead. Some reports states that he was originally cast to play Lau, a corrupted Chinese accountant, which was played by Chin Han. He made his comeback in an Asian-American film called Almost Perfect. On 28 October, during a fashion event in Beijing, Edison Chen announced that he would be starring in Initial D 2. The filming of the movie was scheduled to begin in 2011 but it has been delayed indefinitely.[16] In 2014, he made an brief comeback to the Hong Kong film industry in Golden Chickensss. After eight years of doing short roles, he is officially making a comeback to the entertainment business after he was spotted filming for Lou Ye's new project in Guangzhou in April 2016.[17]\n"
        },
        {
            "header": "Music",
            "p0": "In 2000, at the age of 20, Chen landed a record deal with Emperor Entertainment Group.  It took him a number of successful album releases before he was given the opportunity to produce a hip hop album.[18] His first hip-hop release was in February 2004, called Please Steal This Album backed by MC Yan and Singaporean musician Hanjin Chen. Several singles from the album topped local pop charts. Chen mentioned the difficulty of fitting in Hong Kong, where it is dominated by Cantopop, but said that hip hop has a great potential.[18]\n",
            "p1": "He is featured on M-Flo's album, Cosmicolor, on the track \"LOVE ME, HATE THE GAME\" with Chen, Thaitanium and Ryohei Yamamoto.\n",
            "p2": "After Chen's comeback in late 2009 he began work on his next album titled Confusion. The record includes a feature by well-known Taiwanese rapper MC HotDog, as well as famous singers Sammi Cheng and Jay Chou.\n",
            "p3": "Chen released two Cantonese hip-hop albums in collaboration with Hong Kong rappers MC Yan and Chef entitled \u4e09\u89d2\u5ea6 (3 Corners) and \u4e09\u89d2\u5ea6(\u4e8c) (3 Corners II) in 2012 and 2015 respectively.\n"
        },
        {
            "header": "Fashion and business founder",
            "p0": "Edison's foray into the fashion industry accompanied his rising success as a young pop icon. Edison, along with partners Kevin Poon and Billy Ip, became the founders of CLOT Inc., a clothing company described as a \"lifestyle company\" that is geared toward youth culture, and bringing street fashion to China.[19] The company has collaborated with many big clothing companies, such as Adidas, Nike, A Bathing Ape, Subcrew and Disney. CLOT operates multiple stores worldwide, including in Hong Kong, Los Angeles, mainland China and Taiwan.[20] He is also part founder of clothing vendor JUICE, currently operating in Hong Kong, Shanghai a\n"
        },
        {
            "header": "Multimedia company",
            "p0": "In February 2007, he invested $10 million HKD to open his own multi-media company, Clot Media Division, which plans to produce movies, commercials and music albums. In June 2007, he released a Mandarin album, Allow Me to Re-Introduce Myself (\u8b93\u6211\u518d\u6b21\u4ecb\u7d39\u6211\u81ea\u5df1), with tracks produced by legendary hip-hop artist Kanye West, as well as producers Just Blaze and Clinton Sparks.\n"
        },
        {
            "header": "Community work",
            "p0": "As early as 2001 Chen had appeared in Vancouver charity shows. He has also been a supporter for the gay and lesbian community in Hong Kong, including being voted as an icon in 2001.[14]\n",
            "p1": "In 2007 he was invited by Be@rbrick toys for a charity event in Harbour City, Hong Kong. The charity proceeds were donated to \"Hong Kong Blood Cancer Foundation\".[21]\n"
        },
        {
            "header": "Video game voice work",
            "p0": "He provided English and Cantonese voice work as a Sun On Yee triad member (inspired by the real life triad Sun Yee On) named Jackie Ma, a major character in the 2012 open world action-adventure video game Sleeping Dogs originally released on PC, PlayStation 3 and Xbox 360.[22] Sleeping Dogs is set in the city of Hong Kong, and also features voice work from other established actors including Will Yun Lee, Emma Stone and Lucy Liu.[23]\n"
        }
    ]
}