{
    "id": "nm0157294",
    "name": "Byron Chief-Moon",
    "career": [
        {
            "header": "empty",
            "p14": "Chief-Moon has made appearances in several well-known American and Canadian TV shows (such as MacGyver, North of 60, Stargate SG-1, Da Vinci's Inquest, Highlander: The Series, and appeared on Walker, Texas Ranger, as well as several feature films.\n",
            "p15": "He appeared in Disney's White Fang 2: Myth of the White Wolf, a sequel to the White Fang.[2]\n",
            "p16": "Some of his dance theatre pieces have included Possessed, Dancing voices and Voices, as well as Jonesing, an experimental video dance piece. He is also known for his choreography work on the documentary Echoes of the Sisters and the dance film Quest. Chief-Moon plays the Quileute chief Taha Aki in The Twilight Saga: Eclipse.[3]\n"
        }
    ]
}