{
    "id": "nm0159789",
    "name": "Hayden Christensen",
    "career": [
        {
            "header": "1993\u20132005",
            "p0": "Christensen made his acting debut in September 1993, when, at the age of 12, he played a supporting role on the German-Canadian television series Macht Der Leidenschaft/Family Passions.[7] The following year, he had a minor role in John Carpenter's In the Mouth of Madness.[7] From 1995 through 1999, he appeared in several films and television series, including Harrison Bergeron, Forever Knight, Goosebumps, The Virgin Suicides, and Are You Afraid of the Dark?[7]\n",
            "p1": "He acquired wider notice while starring in Fox Family Channel's television series Higher Ground in 2000, portraying a teen who was sexually molested by his stepmother, and then turned to drugs in his despair.[7][8]\n",
            "p2": "Christensen's critically acclaimed portrayal of a misunderstood teenager in Life as a House (2001) earned him Golden Globe and SAG Award nominations, as well as the National Board of Review's award for Breakthrough Performance of the Year.[9][10][11] However, the performance did not receive widespread public notice.[8] In 2002, Christensen made his London theatre debut with Jake Gyllenhaal and Anna Paquin in This Is Our Youth.[12]\n",
            "p3": "He went on to receive positive reviews for 2003's Shattered Glass, which tells the true story of journalist Stephen Glass, who was discovered to be fabricating stories as a writer for The New Republic and other publications.[13][14] Peter Travers of Rolling Stone wrote, \"Hayden Christensen is sensational as Glass, finding the wonder boy and the weasel in a disturbed kid flying high on a fame he hasn't earned.\"[15] In 2005, Christensen made his Broadway debut when he appeared briefly in a 10-minute play.\n",
            "p4": "In 2005, he took part in the fifth annual \"24 Hour Plays\" benefit, which raises cash for nonprofit groups in the Big Apple.[16]\n",
            "p5": "On May 12, 2000, Christensen announced that he would be starring as an adult Anakin Skywalker in Star Wars: Episode II \u2013 Attack of the Clones (2002) and Star Wars: Episode III \u2013 Revenge of the Sith (2005), Skywalker was previously portrayed by Jake Lloyd as a child in Star Wars: Episode I \u2013 The Phantom Menace (1999). The casting director reviewed about 1,500 other candidates before director George Lucas selected Christensen.[17] Lucas is quoted as saying that he chose Christensen because he \"needed an actor who has that presence of the Dark Side\". This was essential to solidify the story that Lucas was trying to tell: Anakin Skywalker's fall from grace and transformation into Darth Vader.\n",
            "p6": "During the production of Revenge of the Sith, Christensen asked Lucas if a special Vader suit could be constructed to fit his own body, rather than have a different actor don one of the original sets of Vader armour worn by David Prowse.[18] Lucas agreed, and a suit was engineered to fit Christensen's frame, even including extensions to allow for the actor to attain Vader's 6\u00a0ft 6\u00a0in (1.98\u00a0m) height. His voice as the \"robotic\" Vader, however, was dubbed over by James Earl Jones, who first made the voice famous in the original trilogy.[19]\n",
            "p7": "Stock footage of Christensen was used in the 2004 DVD-release edition of Return of the Jedi, where he was inserted to replace Sebastian Shaw as the force ghost of the redeemed Anakin Skywalker.[20] This was one of the most controversial changes.[21][22] Lucas wanted Anakin's inner person to return to who he was before he turned to the dark side.[23] Christensen insisted this was done without his knowledge, an act that was confirmed by Lucasfilm itself in the featurette \"Return of the Jedi: What has changed?\" as seen on the official website to commemorate the 2006 DVDs.[24]\n",
            "p8": "Christensen's performance in both Episode II and III received generally mixed reviews from critics,[25][26][27][28] although contemporary reviews note that his performance was mostly affected by Lucas' directing and the dialogue, and has since seen positive reappraisal in retrospect.[29]\n",
            "p9": "Christensen was named in both People magazine's 50 Most Beautiful People and Teen People's 25 Hottest Stars under 25.[30] For his performance in Episode III, he won the MTV Movie Award for Best Villain.[31]\n"
        },
        {
            "header": "2006\u20132018",
            "p0": "Between 2006 and 2007, he starred in Awake, with Jessica Alba, which tells the story of a man who remains awake but paralyzed during heart surgery,[7][32] and co-starred in Factory Girl, opposite Sienna Miller and Guy Pearce.[7][33] Christensen next co-starred with Samuel L. Jackson, Jamie Bell, and Rachel Bilson in the film Jumper, the story of a young man who discovers he has the ability to teleport; the film was released on February 14, 2008.[34][35] Bilson and Christensen co-starred again in the same segment of the film New York, I Love You.[36] Christensen appeared opposite Mischa Barton in Virgin Territory, which was released directly-to-DVD in North America on August 26, 2008.[37] The film, based on The Decameron, is about a group of people who escape the Black Plague epidemic by hiding out in a Tuscan villa in Italy.[38]\n",
            "p1": "In October 2009, Christensen started shooting the horror film Vanishing on 7th Street, directed by Brad Anderson, with Thandiwe Newton and John Leguizamo.[39][40] Christensen appeared in the crime drama Takers with Idris Elba and Paul Walker, released in the United States on August 27, 2010.[41] Quantum Quest: A Cassini Space Odyssey is the fourth film in which Christensen stars with Samuel L. Jackson.\n",
            "p2": "In 2010, Christensen sued USA Network over allegations that they stole his idea for the TV show Royal Pains. The suit alleges that Christensen met with USA to pitch a similar series entitled Housecalls. During the meeting, Christensen alleges, he was never informed that a similar program was in development.[42][43] Although a federal judge at first dismissed Christensen's lawsuit in 2011, in June 2012, the 2nd Circuit Court of Appeals reversed this decision and remanded the case back to the district court for further proceedings, in what was considered a legal victory for Christensen.[44]\n",
            "p3": "On May 20, 2013, during the Cannes Film Festival, the Russian company Enjoy Movies announced the creation of Glacier Films, an alliance company with Christensen and his brother Tove. Over a three-year period, Glacier Films intends to make 11 \"micro-budget\" movies costing $1.5M each. The first project, American Heist, starring Christensen, Adrien Brody and Jordana Brewster, started filming in June 2013. It is a remake of Steve McQueen's The Great St. Louis Bank Robbery.[45] In 2014, he starred in the American-Chinese-Canadian film Outcast, an action drama, alongside Nicolas Cage.[46]\n",
            "p4": "In 2015, Christensen starred in the film 90 Minutes in Heaven co-starring Kate Bosworth and directed by Michael Polish based on the best-selling novel by the same name. In 2015, filming began of an unreleased World War II Nazi zombies horror movie titled Unt\u00f6t, set to star Christensen.[47] In 2017, he was in the film First Kill alongside Bruce Willis. In 2018 he appeared in the Canadian-American romantic comedy Little Italy with Emma Roberts and in the same year was in The Last Man.\n"
        },
        {
            "header": "2019-present: Return to the Star Wars franchise",
            "p0": "In 2019, Christensen returned to the role of Anakin Skywalker, providing a voice cameo of the character's voice in Star Wars: The Rise of Skywalker.[48] Christensen also received a voice credit as Anakin Skywalker jointly alongside Matt Lanter for the penultimate episode of the final season of the animated television series Star Wars: The Clone Wars entitled \"Shattered\" despite the fact the dialogue used for the episode spoken by Christensen was reused archival audio from Revenge of the Sith.[49] On October 22, 2021, it was reported that Christensen would also reprise the role for the Disney+ series Ahsoka.[50]\n",
            "p1": "In May of 2022, Christensen reprised his role of Anakin Skywalker / Darth Vader for the Obi-Wan Kenobi limited series on Disney+.[51][52] His portrayal earned positive reviews from critics, noting a huge improvement from his performance in the prequel trilogy.[53] He appeared in the documentary special Obi-Wan Kenobi: A Jedi's Return which premiered on September 8, 2022, Disney+ Day.[54]\n"
        }
    ]
}