{
    "id": "nm0140585",
    "name": "Nigel Carrington",
    "career": [
        {
            "header": "Baker McKenzie",
            "p0": "He worked as an international lawyer with Baker McKenzie from 1979 to 2000. He was appointed Managing Partner of the London office at the age of 38, and was also a Member of the firm\u2019s International Executive Committee, and Chairman of its European and Middle East Regional Council.\n"
        },
        {
            "header": "McLaren Group",
            "p0": "In 2000, he joined the McLaren Group as Managing Director,[2][3] becoming Deputy Chairman in 2005, when he undertook a Graduate Diploma in the History of Art at the Courtauld Institute and became a non-executive director of companies, charities and organisations in the public sector.\n"
        },
        {
            "header": "University of the Arts London",
            "p0": "In September 2008 he became Vice-Chancellor of University of the Arts London.[4]\n",
            "p1": "As Vice-Chancellor and Chief Executive, he has overall responsibility for the executive management of the University and chairs the University\u2019s Executive and Academic Boards.\n",
            "p2": "Since joining the University, which has an annual budget in excess of \u00a3250 million,[5] he has managed a number of strategic projects including the University\u2019s \u00a3200m capital development of the Central Saint Martins campus at King\u2019s Cross[6] and the \u00a369m Camberwell College of Arts redevelopment project,[7][8] which officially launched on 5 March 2018.[9]\n",
            "p3": "He has commented publicly on a number of issues affecting Higher Education and the creative industries.[10] These include the importance of studying in the EU,[11] universities\u2019 expansion in the uncapped student numbers environment,[12] tuition fees,[13] student visas,[14] and the impact of Government policy on the design industry.[15] He has also written for the Higher Education Policy Institute arguing that a structural deficit has emerged in higher education across creative subjects because of the expense of teaching art and design subjects.[16]\n",
            "p4": "He has also appeared before the All Party Parliamentary Group (APPG) on Art, Craft & Design in Education.[17]\n",
            "p5": "His initial five-year appointment was extended in 2012 and is now for an indefinite term. He was knighted in the Queen's Birthday Honours 2019 for services to higher education and the creative industries.\n",
            "p6": "Carrington was knighted in the 2019 Birthday Honours for services to higher education and the creative industries.[18]\n"
        },
        {
            "header": "Boards and committees",
            "p0": "He is Chairman of the Henry Moore Foundation,[19] Chair of the Board of Advance HE,[20] a Director of the Creative Industries Federation, a Trustee of The English Concert, a trustee of Cass Sculpture Foundation, chair of trustees at Burgh House & Hampstead Museum[21] from 2017 and a member of the Board at Universities UK. Previous positions held include Non-Executive Director of University College London Hospitals NHS Foundation Trust (2005\u20132008), Trustee of Crisis (2005\u20132011) Trustee of Independent Opera (2006\u20132010),  Trustee and Chairman of Jeans for Genes (2006\u20132008), a Governor of North London Collegiate School, (2007\u20132015), non-executive director of Hornby plc (2007\u20132014) and a Governor of International Students House (2009-2017).[22]\n"
        }
    ]
}