{
    "id": "nm0124294",
    "name": "Alix Bushnell",
    "career": [
        {
            "header": "empty",
            "p15": "Despite a role in the 1994 film, Bread & Roses, Bushnell's early focus was on her musical career; her musical abilities had been recognized by her mother at the age of eight, and Bushnell studied piano and classical singing until her early twenties, when she began to feel stifled by the rigid structure of classical music, and consequently turned her creative focus to acting.[3]\n",
            "p16": "Bushnell auditioned and gained a place at the prestigious New Zealand Drama School: Toi Whakaari. She won the role of Britta McMann, five months before graduating.[4]\n"
        }
    ]
}