{
    "id": "nm0181920",
    "name": "James Cosmo",
    "career": [
        {
            "header": "empty",
            "p11": "At the start of his career he adopted Cosmo, the middle name of his mother Helen, as his stage surname.[2] Cosmo is best known for his film roles as Angus MacLeod in Highlander, Campbell in Braveheart and as Father Christmas in the adaptation of The Chronicles of Narnia: The Lion, the Witch and the Wardrobe.[3] Over the years he has also had roles in other films such as Trainspotting, The Last Legion and 2081.[4] He appeared in Troy with future Game of Thrones cast members Sean Bean and Julian Glover.[5] He also appeared in UFO as SHADO operative Lieutenant Anderson, in Take the High Road as Alex Geddes from 1982 until 1983 and in 1984 played Jock McLeish in the Minder episode Senior Citizen Caine.[6][3] He appeared as Lieutenant-Colonel Philip Drysdale in the seventh series of Soldier Soldier.[6]  He portrayed Jeor Mormont, Lord Commander of the Night's Watch, in the HBO series Game of Thrones.[7] He was involved in the filming of the thriller Breakdown in which he appeared alongside Craig Fairbrass, Bruce Payne, Emmett Scanlan, Olivia Grant and Tamer Hassan.[8] He played the antagonist in the Indian film, Jagame Thandhiram, which released in 2021.[9]\n",
            "p12": "He is a patron of the charity Chance for Childhood.[10]\n"
        }
    ]
}