{
    "id": "nm0126284",
    "name": "Rose Byrne",
    "career": [
        {
            "header": "1994\u20132006: Beginnings",
            "p0": "Byrne obtained her first film role in Dallas Doll (1994) when she was 15 years old.[10] Throughout the 1990s, she appeared in several Australian television shows, such as Wildside (1997) and Echo Point (1995), and starred as an alterna-girl love interest in the film Two Hands (1999), opposite fellow up-and-coming actor Heath Ledger. A role in the award-winning film My Mother Frank (2000) was followed by her first leading role in Clara Law's The Goddess of 1967 (also 2000), which gained her the Volpi Cup for Best Actress at the 57th Venice International Film Festival. Byrne revealed in a post-award interview that, prior to winning the Venice Film Festival Award, she was surprised by her own performance and found it confronting watching the film because her acting was \"too depressing\". Byrne admitted that \"watching myself is confronting because I'm convinced I can't act and I want to get out, that's how insecure I am.\"[5]\n",
            "p1": "On stage, Byrne starred in La Dispute and in a production of Anton Chekhov's classic Three Sisters at the Sydney Theatre Company.[12] In 2002, she made her first appearance in a Hollywood film with a brief appearance as Dorm\u00e9, the handmaiden to Natalie Portman's Senator Padm\u00e9 Amidala, in Star Wars: Episode II \u2013 Attack of the Clones. She also appeared in the 2002 thriller City of Ghosts, with Matt Dillon. Byrne had flown to the UK to shoot I Capture the Castle (2003), Tim Fywell's adaptation of the 1948 novel of the same title by Dodie Smith. In it, she portrayed Rose Mortmain, the elder sister of Romola Garai's Cassandra.\n",
            "p2": "In 2003, Byrne starred in three Australian films; The Night We Called It a Day, with Melanie Griffith and Dennis Hopper; The Rage in Placid Lake, with Ben Lee; and Take Away, alongside Vince Colosimo, Stephen Curry, John Howard and Nathan Phillips. All films were comedies and opened to varying degrees of success at the box office, but The Rage in Placid Lake earned Byrne an AACTA Award nomination for Best Actress. In the epic drama Troy (2004), she took on the role of Briseis, the captured priestess presented to \"amuse\" Brad Pitt's Achilles.[13] Variety's review of the film stated: \"Byrne's spoils-of-war chattel plays more as a convenient invention than as a woman who could possibly turn Achilles\u2019 head and heart around\".[14] In her other 2004 film release, the thriller Wicker Park, Byrne appeared, opposite Josh Hartnett and Diane Kruger, as the girlfriend of a young advertising executive's old friend.[15] Wicker Park director Paul McGuigan described her as the best actress he has worked with, and her Troy co-star Peter O'Toole described her as \"beautiful, uncomplicated, simple, pure actress and a very nice girl\".[16]\n",
            "p3": "Byrne reunited with Peter O'Toole, playing a young servant, in the BBC TV drama Casanova (2005), a three-episode production about 18th century Italian adventurer Giacomo Casanova. In 2005, she also starred with Snoop Dogg in The Tenants, based on Bernard Malamud's novel. In 2006, Byrne portrayed Gabrielle de Polastron, duchesse de Polignac, a French aristocrat and friend of Marie Antoinette, in Sofia Coppola's Marie Antoinette, with Kirsten Dunst; and appeared as a medical examiner who thinks the dead woman she is prepping is her missing sister in the critically acclaimed thriller The Dead Girl,[17] directed by Karen Moncrieff.\n"
        },
        {
            "header": "2007\u20132011: Breakthrough",
            "p0": "In 2007, Byrne had significant parts in two studio sci-fi thriller films. She played a space vessel's pilot[18] in Danny Boyle's[19] Sunshine,[20] alongside Cillian Murphy and Chris Evans, and also an army medical officer in Juan Carlos Fresnadillo's 28 Weeks Later, the sequel to Boyle's 28 Days Later. While Sunshine flopped, 28 Weeks Later was a critical success and grossed over US$64.2 million globally.[21] In 2007, Byrne would begin playing Ellen Parsons, a bright, young attorney, in the FX legal thriller television series Damages, alongside Glenn Close.[22] Her performance was widely praised, with Byrne being nominated twice for a Primetime Emmy Award for Outstanding Supporting Actress in a Drama Series in 2009 and 2010, and twice for a Golden Globe Award for Best Supporting Actress \u2013 Series, Miniseries, or Television Film in 2008 and 2010. She played her role in all fifty nine episodes of the series and until its finale in September 2012.[23]\n",
            "p1": "Following starring roles in the 2008 independent films Just Buried,[24] directed by Chaz Thorne, and The Tender Hook, with Hugo Weaving, Byrne returned to the mainstream with the role of the mother of a teen, alongside Nicolas Cage, in the sci-fi thriller Knowing (2009), which made US$186.5 million worldwide and met with mixed reviews.[25] Back then, Byrne was not being strategic about her film choices. \"You gravitate to where you want to go, but so much is out of your control\", she once remarked. After the success of Damages, she asked her agents to send her out for comedies. \"I was doing all of this really heavy, dramatic stuff, and I just needed a break,\u201d she stated.[13] Her request was met when she obtained the role of a scandalous pop star and the on and off girlfriend of a free-spirited rock star in the comedy Get Him to the Greek (2010), also starring Russell Brand and Jonah Hill. Director Nicholas Stoller admitted that, in her audition, he thought: \"'Why is she here?' Because, you know, very good actress, but very serious\". Nevertheless, he noted that Byrne \"just destroyed [...] Like, destroyed in the way that someone from Saturday Night Live would. And that was that\".[13] The film was a commercial success, with a gross of US$60.9 million in North America.[26]\n",
            "p2": "2011 marked a turning point in Byrne's career, as there were three high-profile films released theatrically featuring her in prominent roles that eventually would lead to a trajectory that included three to four films per year. In her first 2011 release, James Wan's horror film Insidious,[27][28] she starred as one half of a couple whose son inexplicably enters a comatose state and becomes a vessel for ghosts in an astral dimension who want to inhabit his body. Budgeted at US$1.5 million, the film grossed US$97 million and marked the beginning of a whole franchise.[29] The comedy Bridesmaids saw Byrne take on the role of the rich, beautiful, and elite wife of the groom's boss, alongside Kristen Wiig, Maya Rudolph, Melissa McCarthy, Ellie Kemper, and Wendi McLendon-Covey. Bridesmaids was both critically and commercially successful; it grossed US$26 million in its opening weekend, and eventually over US$288 million worldwide.[30][31][32][33]\n",
            "p3": "Byrne appeared in X-Men: First Class, directed by Matthew Vaughn,[34] as Moira MacTaggert, a character she described as: \"a woman in a man's world, she's very feisty and ambitious\u2014you know, she's got a toughness about her which I liked\".[35] She said she was unfamiliar with both the comics and the film series, except for \"what a juggernaut of a film it was\". The actress was cast late into production,[36] which had already begun by the time she was picked for the role. Her third and final 2011 film, First Class was also a box office success, grossing US$353.6 million around the globe.[37]\n"
        },
        {
            "header": "2013\u2013present: Continued comedic roles",
            "p0": "Byrne had four film releases and one short film in 2013. She obtained the part of the newlywed wife, opposite Rafe Spall, in I Give It a Year, a comedy about the trials and tribulations of a couple during their first year of marriage. The Hollywood Reporter found Byrne and Spall to be \"mismatched\",[38] while Variety praised their chemistry and noted: \"Year will do nothing but enhance the reputations of its core actors, especially Byrne, who's shaping up into an ace comedienne perfectly suited to screwball\".[39] The film was a commercial success in the UK and Australia, where it was given a wide release in theaters.[40] In The Place Beyond the Pines, a generational drama directed by Derek Cianfrance, she appeared with Ryan Gosling and Bradley Cooper, as the wife of a police officer who shoots a bank robber and has to deal with the consequences.[41][42] She played a Google executive in the film The Internship, opposite Vince Vaughn and Owen Wilson, as she was drawn to \"the way it addressed the generational gaps and the ever-changing landscape of the technological world\".[43][44]\n",
            "p1": "Byrne filmed The Turning, a short film installment in a Tim Winton omnibus feature,[4] and worked again with fellow Australians Wan and Whannell for the sequel Insidious: Chapter 2, reuniting with Patrick Wilson and Lin Shaye.[45] The film received mixed reviews from critics[46] and became the biggest opening day in North America box office history for the month of September following its release.[47] It eventually made over US$160 million against a budget of US$5 million.[48] 2014 saw Byrne star in the family dramedies Adult Beginners and  This Is Where I Leave You as well as the comedy Neighbors, alongside Seth Rogen and Zac Efron, in which she played one half of a couple who come into conflict with a fraternity that has recently moved in next door. Critics highlighted her performance in Neighbors, with The Atlantic writing: \"Byrne walks away with the film by making [her character] a well-rounded, conflicted person, rather than the film's fun cop who has to tell everyone the boring truth\".[49][50] The film was a box office success, taking in US$270.1 million worldwide.[51][52]\n",
            "p2": "A critically panned but commercially successful remake of the 1982 classic, Annie, was released in December 2014 and featured Byrne playing the role of Grace Farrell, the titular character's mother figure and Mr. Stacks' faithful personal assistant. In 2015, Byrne reunited with Melissa McCarthy and starred with Jude Law and Jason Statham in the hit comedic action film Spy,[53] playing the daughter of an arms dealer, and also starred with Susan Sarandon in the dramedy The Meddler as the daughter of an aging widow who moves to Los Angeles in hopes of starting a new life after her husband passes away. The film was acclaimed by critics and found an audience in limited release.[54] In 2016, she reprised her roles in Neighbors 2: Sorority Rising and X-Men: Apocalypse,[55] and in 2017, she filmed the black comedy I Love You, Daddy, directed by and also starring Louis C.K., but it was dropped by its distributor following sexual misconduct accusations made against C.K.\n",
            "p3": "In 2018, Byrne voiced Jemima Puddle-Duck and played a local woman named Bea who spends her time painting pictures of the rabbits in the live-action comedy Peter Rabbit, which made US$351.2 million worldwide.[56] She reprised her role in the 2021 sequel Peter Rabbit 2: The Runaway.[57] In Juliet, Naked (also 2018), a romantic comedy adapted from Nick Hornby's novel of the same name, she appeared as a woman dating an obscure rock musician (played by Ethan Hawke). The film was an arthouse success, with Rotten Tomatoes' critical consensus reading: \"Juliet, Naked's somewhat familiar narrative arc is elevated by standout work from a charming cast led by a well-matched Rose Byrne and Ethan Hawke.\"[58] I Am Mother (2019) is a thriller and sci-fi movie with Clara Rugaard and Oscar winner Hilary Swank. Byrne also voiced a virtual assistant in the 2019 movie Jexi, costarring Adam Devine, Alexandra Shipp, and Wanda Sykes.\n"
        }
    ]
}