{
    "id": "nm0175262",
    "name": "Billy Connolly",
    "career": [
        {
            "header": "Origin of \"The Big Yin\"",
            "p0": "Connolly's nickname The Big Yin was first used during his adolescent years to differentiate between himself and his father.[1] \"My father was a very strong man. Broad and strong. He had an 18+1\u20442-inch [470\u00a0mm] neck collar. Huge, like a bull. He was \"Big Billy\" and I was \"Wee Billy\". And then I got bigger than him, and the whole thing got out of control. And then I became The Big Yin in Scotland. So, we'd go into the pub and someone would say, 'Billy Connolly was in.' 'Oh? Big Billy or Wee Billy?' 'The Big Yin.' 'Oh, Wee Billy.' If you were a stranger, you'd think, 'What are these people talking about?!'\"[23]\n"
        },
        {
            "header": "1960s",
            "p0": "In the early 1960s, Connolly attended the Edinburgh Festival Fringe for the first time. After spending time on the city's Rose Street, patronising the various drinking establishments, he became enamoured by some long-haired musicians and decided to model himself on them.[24]\n",
            "p1": "In 1965, after he had completed a 5-year apprenticeship as a boilermaker, Connolly accepted a ten-week job building an oil platform in Biafra, Nigeria. Upon his return to the United Kingdom, via Jersey, he worked briefly at John Brown & Company but decided to walk out on a Fair Friday to focus on being a folk singer.\n",
            "p2": "After watching The Beverly Hillbillies, he bought his first banjo at the Barrowland market.[13] He began to tour with the folkie crowd, including regular stints at The Scotia bar, on Stockwell Street, guided by folk singer Danny Kyle. \"I kind of introduced Billy to the folk clubs, such as there were in those days \u2013 there were very few in those days. We used to go to places like Saturday Late or the Montrose Street Glasgow Folk Club.\"[17]\n",
            "p3": "Connolly formed a folk-pop duo called the Humblebums with Tam Harvey. In 1969, they were joined by Gerry Rafferty, who had approached Connolly after a gig in Paisley. The band signed for independent label, Transatlantic Records, and after recording one album (1969's First Collection of Merry Melodies), Harvey left the trio and Connolly and Rafferty went on to release two more albums: The New Humblebums (1969) and Open up the Door (1970). Connolly's time with Rafferty possibly influenced his future comedy, because years later he would recall how Rafferty's expert prank telephone calls, made while waiting to go on stage, used to make him \"scream\" with laughter. Connolly's contributions were primarily straightforward pop-folk with quirky and whimsical lyrics, but he had not especially focused on comedy at this point.\n",
            "p4": "In 1968,[15] a 26-year-old Connolly married Springburn native and interior designer Iris Pressagh, with whom he had two children. They initially lived on Redlands Road in Glasgow's West End, but when fans began to wait out in the street, they moved to Drymen near the south-eastern shore of Loch Lomond.\n",
            "p5": "Later that year,[15] Connolly's mother went to meet him backstage after a Humblebums gig in Dunoon, where she was working in the cafeteria at Dunoon General Hospital. It was the second and final meeting between them since she had abandoned Connolly.[13] She had been living in the town with her partner, Willie Adams, with whom she had three daughters and a son.[25] \"I went home to her house and stayed the night, instead of the hotel. The sadness is... She was a very nice woman, but we never got along. We both tried to like each other, and I don't think she liked me very much. I don't regret it, but I'm sad about it. I wish I'd liked her. And I wish she'd liked me.\"[15]\n",
            "p6": "In 1971, the Humblebums broke up, with Rafferty going on to record his solo album Can I Have My Money Back? Connolly returned to being a folk singer. His live performances featured humorous introductions that became increasingly long. The head of Transatlantic Records, Nat Joseph, who had signed The Humblebums and had nurtured their career, was concerned that Connolly find a way to develop a distinctive solo career just as his former bandmate, Gerry Rafferty, was doing.[citation needed] Joseph saw several of Connolly's performances and noted his comedic skills. Joseph had nurtured the recording career of another Scottish folk entertainer, Hamish Imlach, and saw potential in Connolly following a similar path. He suggested to Connolly that he drop the folk-singing and focus primarily on becoming a comedian.[citation needed]\n"
        },
        {
            "header": "1970s",
            "p0": "In 1972, Connolly made his theatrical debut, at the Cottage Theatre in Cumbernauld, with a revue called Connolly's Glasgow Flourish.[6] He played the Edinburgh Festival Fringe with poet Tom Buchan, with whom he had written The Great Northern Welly Boot Show, and in costumes designed by the artist and writer John Byrne, who also designed the covers of the Humblebums' records.[6]\n",
            "p1": "Also in 1972, Nat Joseph produced Connolly's first solo album, Billy Connolly Live!, a mixture of comedic songs and short monologues that hinted at what was to follow. In late 1973, Joseph produced the breakthrough album that propelled Connolly to British stardom. Recorded at a small venue, The Tudor Hotel in Airdrie, the record was a double album titled Solo Concert. Releasing a live double-album by a comedian who was virtually unknown (except to a cult audience in Glasgow) was an unusual gambit by Joseph but his faith in Connolly's talent turned out to be warranted. Joseph and his marketing team, which included publicist Martin Lewis, promoted the album to chart success on its release in 1974. It featured one of Connolly's most famous comedy routines\u00a0\u2014 \"The Crucifixion\"\u00a0\u2014 in which he likens Christ's Last Supper to a drunken night out in Glasgow. The recording was banned by many radio stations at the time.\n",
            "p2": "In 1974, he sold out the Pavilion Theatre in his home town.[6] In 1975, the rapidity and extent of Connolly's breakthrough was used to secure him a booking on Britain's premier TV chat show, the BBC's Parkinson. Connolly made the most of the opportunity and, ignoring objections from his manager,[6] told a bawdy joke about a man who had murdered his wife and buried her bottom-up so he'd have somewhere to park his bike. This ribald humour was unusually forthright on a primetime Saturday night on British television in the mid-1970s, and his appearance made a great impact. \"When I finished that show, I came back to Glasgow, and I was coming through the airport and the whole airport started to applaud.\"[27] Connolly became a good friend of the host, Michael Parkinson, and now holds the record for appearances on the programme, having been a guest on fifteen occasions.[28] Referring to that debut appearance, he later said: \"That programme changed my entire life.\" Parkinson, in the documentary, Billy Connolly: Erect for 30 Years, stated that people still remember Connolly telling the punchline to the 'bike joke' three decades after that TV appearance. When asked about the material, Connolly stated, \"Yes, it was incredibly edgy for its time. My manager, on the way over, warned me not to do it, but it was a great joke and the interview was going so well, I thought, 'Oh, fuck that!!' I don't know where I got the courage in those days, but Michael did put confidence in me.\"[28] Connolly's success spread to other English-speaking countries: Australia, New Zealand, and Canada. However, his broad Scottish accent and British cultural references made success in the US improbable.\n",
            "p3": "His increased profile led to contact with other celebrities; including musicians such as Elton John. John at that time was trying to assist British performers whom he personally liked to achieve success in the United States (he had released records in the US by veteran British pop singer Cliff Richard on his own Rocket label). John tried to give Connolly a boost in America by using him as the opening act on his 1976 US tour, but the well-intentioned gesture was a failure. John's American fans had no interest in being warmed-up by an unknown comedian\u00a0\u2013 especially a Scotsman whose accent they found incomprehensible. \"In Washington, some guy threw a pipe and it hit me right between my eyes\", he told Michael Parkinson two years later. \"It wasn't my audience. They made me feel about as welcome as a fart in a spacesuit.\"[29] The quip caused fellow guest Angie Dickinson to laugh uncontrollably.[30]\n",
            "p4": "Connolly continued to grow in popularity in the UK. In 1975, he signed with Polydor Records. Connolly continued to release live albums and he also recorded several comedic songs that enjoyed commercial success as novelty singles including parodies of Tammy Wynette's song \"D.I.V.O.R.C.E.\" (which he performed on Top of the Pops in December 1975) and the Village People's \"In the Navy\" (titled \"In the Brownies\").[6]\n",
            "p5": "In 1976, Connolly's first play, An' Me wi' a Bad Leg, Tae, opened in Irvine and toured in London. It was there that, after consuming a sizable amount of cocaine and alcohol, he collapsed on the floor of a recording studio.[6] In 1979, Connolly met Pamela Stephenson, the New Zealand-born comedy actress, for the first time when he made a cameo appearance on the BBC sketch show, Not the Nine O'Clock News, in which she was one of the four regular performers.[6]\n",
            "p6": "Returning to the stage, Connolly embarked on his Big Wee Tour of Britain, performing 69 dates in 84 days. While backstage in Brighton, he met Stephenson for a second time. He confided in her that he was unhappy and that his current marriage was over. Back at his hotel, where they began an affair, he reportedly drank thirty brandies. \"What I saw of him\u00a0\u2013 particularly in that dressing room\u00a0\u2013 was that he was about to die,\" Stephenson said. \"He was very suicidal. He was throwing everything away, desperately trying to feel no pain at all. You know how you get a sense from some people when they are very self-destructive that there is something they are trying to bury? They've got something they are trying to forget, or they are trying to drown their sorrows? He was hurting in a very deep way. I thought, 'If I leave this man, he's going to die.'\"[6]\n",
            "p7": "Also in 1979, Connolly was invited by producer Martin Lewis to join the cast of The Secret Policeman's Ball, the third in the series of The Secret Policeman's Balls fundraising shows for Amnesty International. Connolly was the first comedic performer in the series who was not an alumnus of the Oxbridge school of middle-class university-educated entertainers and he made the most of his appearance. Appearing in the company of long-established talents such as John Cleese and Peter Cook helped elevate the perception of Connolly as one of Britain's leading comedic talents. Lewis also teamed Connolly with Cleese and Cook to appear in the television commercial for the album.\n"
        },
        {
            "header": "1980s",
            "p0": "In 1981, John Cleese and Martin Lewis invited Connolly to appear in that year's Amnesty show, The Secret Policeman's Other Ball. The commercial success of the special US version of The Secret Policeman's Other Ball film (Miramax Films, 1982) introduced Connolly to a wider American audience, who were attracted to the film because of the presence of Monty Python members. His on-screen presence alongside these performers\u00a0\u2013 who were already familiar to Anglophile comedy buffs\u00a0\u2013 helped lay down a marker for Connolly's eventual return to the US in his own right eight years later.\n",
            "p1": "En route to begin filming Water (1985) in Saint Lucia, Connolly drank an excessive amount of alcohol on the plane. Upon arriving on the island, he had dinner with the cast and crew, including Michael Caine.\n",
            "p2": "In 1985, he divorced Iris Pressagh, his wife of sixteen years (they had separated four years earlier), and he was awarded custody of their children Jamie and Cara.[20][25] That same year, he performed An Audience with..., which was videotaped at the South Bank Television Centre in front of a celebrity audience for ITV. The uncut, uncensored version was subsequently released on video. In July 1985, Connolly performed at Live Aid at Wembley Stadium, immediately preceding Elton John, whom he introduced on stage.[31]\n"
        },
        {
            "header": "1990s",
            "p0": "Although Connolly had performed in North America as early as the 1970s and had appeared in several movies that played in American theatres, he nonetheless remained relatively unknown until 1990 when he was featured in the HBO special Whoopi Goldberg and Billy Connolly in Performance, produced by New York's Brooklyn Academy of Music. Soon after, Connolly succeeded Howard Hesseman as the star of the sitcom, Head of the Class for its final season. He would also take part on its spin-off series Billy. Connolly joined boxer Frank Bruno and Ozzy Osbourne when singing \"The War Song of the Urpneys\" in the British animated television series The Dreamstone.[32]\n",
            "p1": "In 1991, HBO released Billy Connolly: Pale Blue Scottish Person, a standup performance recorded at the Wilshire Ebell Theatre in Los Angeles, California.[33]\n",
            "p2": "On 4 June 1992, Connolly performed his 25th-anniversary concert in Glasgow. Parts of the show and its build-up were documented in The South Bank Show, which aired later in the year.[34] In early January 1994, Connolly began a 40-date World Tour of Scotland, which would be broadcast by the BBC later in the year as a six-part series. It was so well received he did Billy Connolly's World Tour of Australia for the BBC in 1995. The eight-part series followed Connolly on his custom-made Harley Davidson trike. Also in 1995, Connolly recorded a BBC special, entitled A Scot in the Arctic, in which he spent a week by himself in the Arctic Circle. He voiced Captain John Smith's shipmate, Ben, in Disney's animated film, Pocahontas.[35]\n",
            "p3": "In 1996, he appeared in Muppet Treasure Island as Billy Bones. In 1997, he starred with Dame Judi Dench in Mrs Brown, in which he played John Brown, the favoured Scottish servant of Queen Victoria. He was nominated for the BAFTA Award for Best Actor in a Leading Role and a BAFTA Scotland Award for Best Actor, as well as a Screen Actors Guild Award for Best Supporting Actor for his performance.[36]\n",
            "p4": "In 1998, Connolly's best friend, Danny Kyle, died. \"He was my dearest, dearest, oldest friend\", Connolly explained to an Australian audience on his Greatest Hits compilation, released in 2001. It was Kyle who helped Connolly overcome his habit of recoiling on being touched by others, a remnant of the abuse he endured as a child. \"Every time it happened, Danny would just collapse with hysterics,\" said Pamela Stephenson.[13] \"'That's not normal, Billy,' Danny tried to be patient with him. 'You'll have to relax. It's touchy-feely, you know, the way we live. We like to touch each other and we kiss: we're different. You'll have to calm down or you'll always be fighting.'\"[13]\n",
            "p5": "He performed a cover version of the Beatles' song, \"Being for the Benefit of Mr. Kite\" on George Martin's 1998 album, In My Life. In November 1998, Connolly was the subject of a two-hour retrospective entitled, Billy Connolly: Erect for 30 Years, which included tributes from Dench, Sir Sean Connery, Whoopi Goldberg, Robin Williams, Dustin Hoffman, and Eddie Izzard.[37]\n",
            "p6": "In 1999, after forming Tickety-Boo management company with Malcolm Kingsnorth, his tour manager and sound engineer of 25 years, Connolly undertook a four-month, 59-date sellout tour of Australia and New Zealand. Later in the year, he completed a five-week, 25-date sellout run at London's Hammersmith Apollo.\n"
        },
        {
            "header": "2000s",
            "p0": "In 2000, Connolly starred in Beautiful Joe alongside Sharon Stone. The following year, he completed the third in his \"World Tour\" BBC series, this time of England, Ireland and Wales, which began in Dublin and ended in Plymouth. It was broadcast the following year. Also in 2001, Stephenson's first biography of her husband, Billy, was published. Much of the book is about Connolly the celebrity but the account of his early years provides a context for his humour and point of view. A follow-up, Bravemouth, was published in 2003.\n",
            "p1": "A fourth BBC series, World Tour of New Zealand, was filmed in 2004 and aired that winter. Also in his 63rd year, Connolly performed two sold-out benefit concerts at the Oxford New Theatre in memory of Malcolm Kingsnorth. He has continued to be a much in-demand character actor, appearing in several films such as White Oleander (2002), The Last Samurai (2003), and Lemony Snicket's A Series of Unfortunate Events (2004). He has played an eclectic collection of leading roles in recent years, including a lawyer who undertakes a legal case of Biblical proportions in The Man Who Sued God (2001), and a young boy's pet zombie in Fido (2006).[38]\n",
            "p2": "Also in 2005, Connolly and Stephenson announced, after fourteen years of living in Hollywood, they were returning to live in the former's native land. They purchased a 120-foot (37\u00a0m) yacht with the profits from their house-sale and split the year between Malta and the 12-bedroom Candacraig House in Strathdon, Aberdeenshire, which they had purchased in 1998 from Dame Anita Roddick.[38][39]\n",
            "p3": "Later in the year, Connolly topped an unscientific poll of \"Britain's Favourite Comedian\" conducted by the network Five, placing him ahead of performers such as John Cleese, Ronnie Barker, Dawn French, and Peter Cook. In 2006, he revealed he has a house on the Maltese island of Gozo.[40] He and his wife also have an apartment in New York City near Union Square.[41]\n",
            "p4": "On 30 December 2007, Connolly escaped uninjured from a single-car accident on the A939 near Ballater, Aberdeenshire.[42]\n"
        },
        {
            "header": "2010s",
            "p0": "In 2011, Connolly and his wife were living full-time in New York City, whilst retaining their Candacraig residence.[43] The Connollys decided to sell Candacraig House in September 2013, with a price of \u00a32.75 million.[38]\n",
            "p1": "In 2012, Connolly provided the voice of King Fergus in Pixar's Scotland-set animated film Brave, alongside fellow Scottish actors Kelly Macdonald, Craig Ferguson, Robbie Coltrane, Emma Thompson, and Kevin McKidd. Connolly appeared as Wilf in Quartet, a 2012 British comedy-drama film based on the play Quartet by Ronald Harwood, directed by Dustin Hoffman.\n",
            "p2": "In 2014, he appeared in The Hobbit: The Battle of the Five Armies as D\u00e1in II Ironfoot, a great dwarf warrior and cousin of Thorin II Oakenshield. Peter Jackson stated: \"We could not think of a more fitting actor to play Dain Ironfoot, the staunchest and toughest of dwarves, than Billy Connolly, the Big Yin himself. With Billy stepping into this role, the cast of The Hobbit is now complete. We can't wait to see him on the battlefield.\"[44]\n",
            "p3": "Steve Brown, Connolly's manager of 32 years, died in December 2017 at the age of 72.[45] In 2018, Connolly, now resident in Florida, held his first art exhibition. He stated at the time that he would no longer be touring as a comedian.[46]\n"
        },
        {
            "header": "2020s",
            "p0": "As of 2021, he and his wife live in Florida. He published an autobiography, Windswept and Interesting, in October 2021.[47]\n",
            "p1": "In May 2022, Connolly received a BAFTA Fellowship in celebration of his five-decade long career.[48]\n"
        }
    ]
}