{
    "id": "nm0271501",
    "name": "Julian Fellowes",
    "career": [
        {
            "header": "Television",
            "p0": "Fellowes moved to Los Angeles in 1981 and played a number of small roles on television for the next two years, including a role in Tales of the Unexpected. He believed that his breakthrough had come when he was considered to replace Herv\u00e9 Villechaize as the assistant on the television series Fantasy Island, but the role went to actor Christopher Hewett instead.[8] He was unable to get an audition for the Disney film Baby: Secret of the Lost Legend (1985) in Los Angeles, but was offered the role when he was visiting England. When he asked the film's director why he was not able to get an interview in Los Angeles, he was told that they felt the best actors were in Britain.[9]\n",
            "p1": "After this, Fellowes decided to move back to England to further his career, and soon played a leading role in the 1987 TV series Knights of God as Brother Hugo, the \"ambitious and ruthless second-in-command\" of a futuristic military cult.  Subsequently, in 1991 he played Neville Marsham in Danny Boyle's For the Greater Good and Dr. Jobling in the 1994 BBC adaptation of Martin Chuzzlewit. Other notable acting roles included the role of Claud Seabrook in the acclaimed 1996 BBC drama serial Our Friends in the North and the 2nd Duke of Richmond in the BBC drama serial Aristocrats. He portrayed George IV as the Prince Regent twice: first in the film The Scarlet Pimpernel (1982) and the second in the 1996 adaptation of Bernard Cornwell's novel Sharpe's Regiment, as well as playing Major Dunnett in Sharpe's Rifles. He also played the part of Kilwillie on Monarch of the Glen. He appeared as the leader of the Hullabaloos in the television adaptation of Arthur Ransome's Coot Club, called Swallows and Amazons Forever!.\n",
            "p2": "Aside from acting, he launched a new series on BBC One in 2004, Julian Fellowes Investigates: A Most Mysterious Murder, which he wrote and introduced onscreen. He was the presenter of Never Mind the Full Stops, a panel game show broadcast on BBC Four from 2006 to 2007. He created the hugely successful and critically acclaimed period drama Downton Abbey for ITV1 in 2010.[10] He won a Primetime Emmy for outstanding writing and a Broadcasting Press Guild award for writing Downton Abbey. He wrote a new Titanic miniseries that was shown on ITV1 in March\u2013April 2012.[11]\n",
            "p3": "In April 2015, The Hollywood Reporter reported that Fellowes was at work on a new period drama series for NBC television, to be set in late 19th-century New York City, entitled The Gilded Age.[12] Fellowes suggested that a younger version of Maggie Smith's Dowager Countess character from his Downton Abbey drama might appear in the new series, saying: \"Robert Crawley would be in his early teens, Cora would be a child. A young Violet [the Dowager Countess] could make an appearance.\"[12] As the title suggests, the series would be set during the time of America's so-called Gilded Age \u2013 the industrial boom era in the United States in the late 19th and early 20th centuries \u2013 and portray the upper echelons of New York's high society during that period.[12]\n",
            "p4": "Production and writing for The Gilded Age was updated in January 2016 indicating that filming would start at the end of 2016. As reported in RadioTimes: \"NBC's The Gilded Age is set to start shooting later this year, Fellowes tells RadioTimes.com. Asked whether he'd written the script yet, Fellowes replied, 'No I haven't, no. I'm doing that this year', before adding: 'And then hopefully shooting at the end of the year.'\"[13]\n",
            "p5": "In April 2016, it was announced that Fellowes would be the producer of The Gilded Age when it was reported that Fellowes is \"about to begin writing The Gilded Age for NBC, a sort of American Downton about fortunes made and lost in late 19th century New York, which he will also produce.\"[14]\n",
            "p6": "On 4 June 2016, Fellowes was asked by The Los Angeles Times, \"Where does The Gilded Age stand?\" Fellowes replied, \n",
            "p7": "In August 2016, Fellowes indicated that his plans for The Gilded Age would not overlap substantially with the characters in Downton Abbey since most of them would have been children in those earlier \"prequel\" decades. Writing for Creative Screenwriting, Sam Roads asked Fellowes, \"Will there be any connection between The Gilded Age and Downton Abbey?\" to which Fellowes stated:\n",
            "p8": "Fellowes wrote an adaptation of the novel Doctor Thorne by one of his favorite writers, Anthony Trollope.[17][18] The ITV adaptation aired on 6 March 2016.[19]\n",
            "p9": "A report in early September 2018 stated that Fellowes had two projects underway, both in development: the Netflix series The English Game and The Gilded Age for NBC.[20] In May 2019, The Gilded Age moved to HBO.[21]\n"
        },
        {
            "header": "Films",
            "p0": "Fellowes wrote the script for Gosford Park, which won the Oscar for Best Screenplay Written Directly for the Screen in 2002.[22] He also won a Writers Guild of America award for it. In late 2005, Fellowes made his directorial d\u00e9but with the film Separate Lies, for which he won the award for Best Directorial D\u00e9but from the National Board of Review.[23]\n",
            "p1": "In 2009, Momentum Pictures and Sony Pictures released The Young Victoria, starring Emily Blunt, for which Fellowes wrote the original screenplay. Other screenwriting credits include Vanity Fair, The Tourist and From Time to Time, which he also directed, and which won Best Picture at the Chicago Children's Film Festival, the Youth Jury Award at the Seattle International Film Festival, Best Picture at the Fiuggi Family Festival in Rome, and the Young Jury Award at Cinemagic in Belfast. His greatest commercial success was The Tourist, which grossed US$278 million worldwide, and for which he co-wrote the screenplay with Christopher McQuarrie and Florian Henckel von Donnersmarck.[24]\n",
            "p2": "Other films in which Fellowes has appeared include Full Circle (1977), Priest of Love (1981), The Scarlet Pimpernel (1982), Goldeneye: The Secret Life of Ian Fleming (1989, as No\u00ebl Coward), Damage (1992), Shadowlands (1993), Jane Eyre (1996), Tomorrow Never Dies (1997), Regeneration (1997) and Place Vend\u00f4me (1998). He has continued his acting career while writing.  He unsuccessfully auditioned for the role of Master of Lake-town in the 2012\u20132014 The Hobbit series.[22]\n",
            "p3": "Fellowes was the screenwriter and one of the producers for Downton Abbey, which was released in September 2019, and its sequel, Downton Abbey: A New Era. Most members of the cast of the television programme appear in the movie versions.[20][25]\n"
        },
        {
            "header": "Novels",
            "p0": "Fellowes's novel Snobs was published in 2004. It focuses on the social nuances of the upper class and concerns the marriage of an upper middle-class girl to a peer. Snobs was a Sunday Times best-seller. In 2009 his novel Past Imperfect was published. Another Sunday Times best-seller, it deals with the d\u00e9butante season of 1968, comparing the world then to the world of 2008.\nHe also wrote, under the pseudonym Rebecca Greville, several romantic novels in the 1970s.[26]\nA period novel, Belgravia began broadcast, in 11 weekly episodes, from April 2016 and is available, via an app, in audio and text format.[27]\n"
        },
        {
            "header": "Theatre",
            "p0": "As an actor, Fellowes began his acting career at the Royal Theatre, Northampton. He has appeared in several West End productions, including Samuel Taylor's A Touch of Spring, Alan Ayckbourn's Joking Apart and a revival of No\u00ebl Coward's Present Laughter. He appeared at the National Theatre in The Futurists, written by Dusty Hughes. As a writer, he penned the script to the West End musical Mary Poppins, produced by Sir Cameron Mackintosh and Disney, which opened on Broadway in December 2006. He wrote the book for the musical School of Rock which opened at The Winter Garden on Broadway in December 2015.  In May 2016 he was nominated for a Tony.[28]\n"
        },
        {
            "header": "Writing credits"
        },
        {
            "header": "Parliament",
            "p0": "On 13 January 2011, Fellowes was elevated to the peerage, being created Baron Fellowes of West Stafford, of West Stafford in the County of Dorset,[30] and on the same day was introduced in the House of Lords,[31] where he sits on the Conservative Benches.[32]\n"
        },
        {
            "header": "Other interests",
            "p0": "Fellowes is involved in volunteer work.[33] He is Chairman of the RNIB appeal for Talking Books. He is a vice-president of the Weldmar Hospicecare Trust[34] and Patron of a number of charities: the southwest branch of Age UK, Changing Faces, Living Paintings, the Rainbow Trust Children's Charity, Breast Cancer Haven and the Nursing Memorial Appeal. He also supports other causes, including charities concerned with the care of those suffering from Alzheimer's disease. He recently opened the Dorset office of the southwest adoption charity, Families for Children. On May 19, 2022, Julian Fellowes was awarded The Saint Nicholas Society of the City of New York, Washington Irving Medal for Literary Excellence. Prior Award winners include author Tom Wolfe, Louis Auchincloss, and David McCullough. Author Washington Irving founded the Society in 1835.Fellowes sits on the Appeal Council for the National Memorial Arboretum and is a Patron of Moviola, an initiative aimed at facilitating rural cinema screenings in the West Country.[35] He also sits on the Arts and Media Honours Committee.\n"
        }
    ]
}