{
    "id": "nm0235960",
    "name": "Robin Atkin Downes",
    "career": [
        {
            "header": "empty",
            "p16": "Downes has voiced characters in animated films such as Ack in How to Train Your Dragon, David in the English dub of Steamboy, and Manchester Black in Superman vs. The Elite. His live-action television roles include Pockla in Angel, Byron and Morann Babylon 5, and Machida in Buffy the Vampire Slayer, while his voice work on television includes The Master on The Strain and various roles on Regular Show, Star Wars: The Clone Wars, The Avengers: Earth's Mightiest Heroes, and ThunderCats.\n",
            "p17": "Downes' video game roles include various characters in Gears of War and Metal Gear, Travis Touchdown in No More Heroes, Captain Slag in Ratchet & Clank, a selectable voice for the male protagonist in Saints Row: The Third, the Medic in Team Fortress 2, Spider in Destiny 2: Forsaken, the Prophet of Regret in Halo 2, Brynjolf in Skyrim, Robert in The Last of Us, Captain Conrad Roth in Tomb Raider, various characters across the Uncharted franchise, The Prince in Prince of Persia: Warrior Within, and Cyclops and Pyro in X-Men Legends.[2][3]\n",
            "p18": "Downes maintains a personal YouTube channel, on which he uploads behind-the-scenes footage of his work over the years.[4]\n"
        }
    ]
}