{
    "id": "nm0249528",
    "name": "Adrian Edmondson",
    "career": [
        {
            "header": "empty",
            "p4": "In 1984, Edmondson formed the spoof Heavy Metal band Bad News as part of The Comic Strip Presents... series with Comic Strip regulars Rik Mayall, Nigel Planer and Peter Richardson. The band proved popular, and they released two singles (neither of which reached the top 40) and two studio albums. They also played a series of small gigs around the country, culminating in their performance at the Monsters of Rock festival in 1986.\n",
            "p5": "In 1986, Edmondson achieved a number one hit in the UK Singles Chart when he and his co-stars from The Young Ones teamed up with Cliff Richard to record a new version of \"Living Doll\" for the inaugural Comic Relief campaign. Despite having been killed off in the final episode of the series, Edmondson played Vyvyan one last time in the video. The same year he co-wrote the book How to be a Complete Bastard together with Mark Leigh and Mike Lepine.\n",
            "p6": "Edmondson has directed pop videos for \"Fiesta\" (1988) by the Pogues, \"Prime Mover\" (1987) by Zodiac Mindwarp, \"Like the Weather\" (1988) by 10,000 Maniacs, \"Please Help the Cause Against Loneliness\" (1988) by Sandie Shaw and \"Hourglass\" by Squeeze (1987). The latter won Best Video at the MTV awards.\n",
            "p7": "He also directed and appeared in \"International Rescue\" (1989) by Fuzzbox[27] and appeared in the music video \"Terry\" (1983) by Kirsty MacColl.[28]\n",
            "p8": "In 1991, Edmondson formed the Bum Notes, who were a jazz instrumental band and conceived exclusively to perform theme music for Bottom.\n",
            "p9": "A fan of the Bonzo Dog Doo Dah Band, Edmondson performed vocals with them as part of their 2006 reformation and countrywide tour. He also contributed vocals and writing for their 2007 album Pour l'Amour des Chiens.[29]\n",
            "p10": "Together with Maartin Allcock, Andy Dinan and Troy Donockley, Edmondson founded the band the Bad Shepherds in 2008, performing punk and new wave classics on traditional folk instruments. The band released three albums and first toured in 2009, playing at places such as the Trowbridge Village Pump Festival. The Bad Shepherds also headlined the first ever Looe Music Festival in 2011. They disbanded in October 2016.[30]\n",
            "p11": "In 2010, he founded the Idiot Bastard Band with Simon Brint, Rowland Rivron, Neil Innes and Phill Jupitus. The Idiot Bastard Band perform original comedy songs as well as cover versions, and their shows often feature guest performers. The group continued to perform following the death of Brint in 2011.[31]\n"
        },
        {
            "header": "Discography"
        }
    ]
}