{
    "id": "nm0290693",
    "name": "Anna Francolini",
    "career": [
        {
            "header": "empty",
            "p0": "After appearances in Godspell and Oliver during the early part of her career, Francolini appeared in two acclaimed musical productions at the Donmar Warehouse - Company (1995) and Merrily We Roll Along (2000),[2] both by Stephen Sondheim. She also played the Baker's Wife in the Royal Opera House production of Sondheim's Into the Woods in 2007. She won the 2009 TMA Award for Best Performance in a Play with her portrayal of Jean Brodie in Muriel Spark's The Prime of Miss Jean Brodie,[3] which was staged at the Royal & Derngate in Northampton. During the period from December 1997 to December 2004 Anna Francolini was a mainstay of London's tiny but influential Bridewell Theatre during the latter part of its decade as a professional venue. In December 1997 to January 1998 she played lead role Helen in the historic fully staged premiere of Stephen Sondheim's Saturday Night.[4] This was to be followed in 1999 by Floyd Collins and later on during 2000-1 Anna appeared in revue shows created from the work of Jason Robert Brown, Adam Guettel and John La Chiusa, one of which, The Cutting Edge transferred to the Donmar Warehouse in 2002. Further Bridewell Theatre work included There's Always A Woman (2002); The Ballard Of Little Jo (2003) and an appearance at the venue's 10th Anniversary Farewell Concert on 12 December 2004. Following the demise of the Bridewell Theatre as a professional venue, Anna's other appearances included Caroline, or Change at the National Theatre (2006),[5] Three Sisters On Hope Street at the Liverpool Everyman (2008) and Wolves At The Window at the Arcola Theatre during the same year, which gave her a New York debut at 59E59 in 2009.[6]\n",
            "p1": "In 2010, she played the role of Maria Callas in Martin Sherman's play Onassis at the Novello Theatre.[7] During the following year, Anna played the role of Beatrice in Arthur Miller's A View From The Bridge at Manchester's Royal Exchange,[8] a venue to which she was to return in 2014 as Enid in That Day We Sang.[9] 2012 saw her take the lead role in Victor/Victoria at Southwark Playhouse[10] and in February 2015 she made an appearance in Stephen Sondheim's Assassins at the Menier Chocolate Factory.[11] July 2015, she was part of the premiere cast of Damon Albarn's new musical Wonder.land at the Manchester International Festival which transferred to the National Theatre later during the same year.[12] 25 October 2015 saw Anna make an appearance in Stephen Sondheim's 85th Birthday Tribute Hey Old Friends. In 2016 she appeared as a female Captain Hook at the National Theatre in  Peter Pan.[13] From March to October 2018 she appeared in  Strictly Ballroom at the Piccadilly Theatre.[14] Her screen credits include the movies Topsy-Turvy and Solo: A Star Wars Story and the TV series Rome, New Tricks and Vera.[15] In 2019, she voices Gina on Thomas and Friends in US/UK Versions.\n"
        }
    ]
}