{
    "id": "nm0233027",
    "name": "Martin Donovan",
    "career": [
        {
            "header": "empty",
            "p6": "Donovan has appeared in fourteen episodes of the Showtime television series Weeds, which stars Mary-Louise Parker, for which he was nominated for a SAG Award for Outstanding Performance by An Ensemble in a Comedy Series. He has also acted with Parker in Saved!, Pipe Dream and The Portrait of a Lady. For the latter film, he won the National Society of Film Critics' Award for best supporting actor.[2]\n"
        }
    ]
}