{
    "id": "nm0237065",
    "name": "Ashley Eckstein",
    "career": [
        {
            "header": "empty",
            "p1": "Eckstein began as a child actress under her birth name, Ashley Drane. At age 12, she played disability advocate Helen Keller in a community-theater production of The Miracle Worker. Following more stage as well and television and TV-commercial work in Orlando, she moved to Los Angeles, where she played Lisa Rossbach, Admiral Chegwidden's goddaughter, on the military-justice drama series JAG.[1] In 2002, she became the latest in a line of actresses to play Jan Brady, essaying the role in the TV-movie The Brady Bunch in the White House. She played the recurring role of Muffy on the Disney Channel sitcom That's So Raven. She also played small roles as Alicia in the film Sydney White and Ms. Cole in the film Alice Upside Down (both 2007).\n",
            "p2": "Most prominently, she provides the voice of Ahsoka Tano on Star Wars: The Clone Wars, Star Wars Rebels, Star Wars Forces of Destiny, and Star Wars: The Rise of Skywalker.[5] Eckstein reprised her role as Ahsoka with a short voice cameo in Star Wars: The Rise of Skywalker.[6]\n",
            "p3": "In 2010, Eckstein started Her Universe, a fashion brand of science-fiction-themed clothing targeted at girls and women.[7][8] In 2012, Disney began selling Her Universe products at Disneyland and Disney World.[9]\n",
            "p4": "Eckstein has joined UNICEF Kid Power, along with Aly Raisman and David Ortiz, as a brand ambassador Kid Power Champion.[10][11]\n",
            "p5": "She and E. K. Johnston co-wrote the short story \"By Whatever Sun\", which appeared in the 2017 Star Wars book From a Certain Point of View.[12]\n"
        }
    ]
}