{
    "id": "nm0293461",
    "name": "K. Todd Freeman",
    "career": [
        {
            "header": "empty",
            "p8": "Born in Houston, Texas, Freeman went to the local High School for the Performing and Visual Arts before later graduating from the University of North Carolina School of the Arts in 1987.[1]\n",
            "p9": "Freeman has been an ensemble member of the Steppenwolf Theatre Company in Chicago, Illinois since 1993.[2] In the same year, he was nominated for the Tony Award for Best Actor in a Play for his lead performance in the Apartheid drama The Song of Jacob Zulu.[3] More recently, Freeman has played the role of Doctor Dillamond from Wicked in the first North American tour, Chicago and Broadway productions. In 2015, he was nominated for his second Tony Award, this time for Best Featured Actor in a Play as Sissy Na Na in Airline Highway.[4] He won the Drama Desk Award for Outstanding Featured Actor in a Play for the same role.[5]\n",
            "p10": "He has also had supporting roles in various films such as Eraser (1996), Grosse Pointe Blank (1997), The Cider House Rules (1999), and The Dark Knight (2008). On television, he earned a recurring role on Buffy the Vampire Slayer as Mr. Trick.[6]\n",
            "p11": "He performed in the Steppenwolf Theatre Company's production of Downstate, which concluded its run on November 18, 2018.\n",
            "p12": "He portrayed Mr. Poe in the 2017 Netflix comedy drama series A Series of Unfortunate Events.[7]\n"
        }
    ]
}