{
    "id": "nm0226819",
    "name": "Richard Dillane",
    "career": [
        {
            "header": "empty",
            "p2": "Dillane's other film work includes The Dark Knight (as Acting Commissioner), Mindscape with Mark Strong, The Dinosaur Project, The Edge of Love, The Jacket, Tristan & Isolde and as Cole Porter's last lover Bill Wrather (a composite character) in Irwin Winkler's biopic De-Lovely, which starred Kevin Kline.[citation needed]\n",
            "p3": "Recent television work includes Giri/Haji, The Last Kingdom, Peaky Blinders, Counterpart, Outlander, The Last Post, and Star Wars: Andor.\n",
            "p4": "In 2015, he played Duke of Suffolk in the BBC TV series Wolf Hall[citation needed], and in 2016 he appeared in the lead role of DCI Michael Waite in a double episode of the BBC TV series Silent Witness.[citation needed]\n",
            "p5": "Prior to this, he played the captain of the shape-changing justice robot Teselecta in two episodes of Doctor Who (\"Let's Kill Hitler\" and \"The Wedding of River Song\"), rogue spy John Richardson in Spooks, Australian conman Graham Poole in Hustle, photographer and old flame Miles Brodie in Cold Feet, posh drug addict Theodore Platt in the first episode of Lewis and the relationship counsellor Ben in Men Behaving Badly as well as regular characters Sean Anderson in Casualty and Australian sergeant Brad Connor in the award-winning[clarification needed] ITV series Soldier Soldier.[citation needed]\n",
            "p6": "On stage, Dillane has performed at the National Theatre of Great Britain in London and the Royal Shakespeare Company in Stratford-upon-Avon. In 2000, he was the 1st Duke of Suffolk in the Olivier Award-winning Michael Boyd productions of Henry VI parts 1, 2 and 3 in Stratford, London and Michigan.[citation needed] At 24, he played Hamlet in Perth, Australia, directed by Ray Omodei.\n",
            "p7": "He is also a regular radio actor and voice-over artist.\n"
        }
    ]
}