{
    "id": "nm0293509",
    "name": "Martin Freeman",
    "career": [
        {
            "header": "empty",
            "p7": "Freeman attended the Central School of Speech and Drama[6] and has appeared in at least 18 TV shows, 14 theatre productions, and several radio productions. He is notable for his role as Tim Canterbury in The Office, a role which, he said in 2004, \"cast a very long shadow\" for him as an actor.[7] He appeared in the sitcom Hardware (2003\u20132004). He also appeared in several films, including Ali G Indahouse (2002) and Love Actually (2003).[6]\n",
            "p8": "Freeman began to move into more serious dramatic roles on television with his appearance as Lord Shaftesbury in the 2003 BBC historical drama Charles II: The Power and The Passion. He can also be seen making a brief appearance in the first episode of the second series of This Life. Freeman also starred in the BBC television series The Robinsons and had a cameo in Episode 1 of Black Books. In 2007, he appeared in The All Together written and directed by Gavin Claxton, as well as the Bill Kenwright theatre production of The Last Laugh. Freeman is featured in the video for Faith No More's cover of \"I Started a Joke\".[8] In May 2009, he starred in Boy Meets Girl, a four-part drama that charts the progress of characters Veronica and Danny after an accident which causes them to swap bodies.[9]\n",
            "p9": "Freeman played Dr. John Watson in Sherlock, the BBC contemporary adaptation of the Sherlock Holmes detective stories. The first episode of Sherlock, \"A Study in Pink\", was broadcast on 25 July 2010 to critical acclaim. For his performance in the role, he won the 2011 BAFTA award for Best Supporting Actor and the Primetime Emmy Award for Outstanding Supporting Actor in a Miniseries or a Movie.\n",
            "p10": "Freeman played Bilbo Baggins, the main character, in the three-part Peter Jackson's The Hobbit film series.[10][11] Accolades that his performance in the first part, The Hobbit: An Unexpected Journey, garnered him include Best Hero at the 2013 MTV Movie Awards[12] and Best Actor at the 18th Empire Awards.[13]\n",
            "p11": "Freeman appeared in all three films of Simon Pegg and Edgar Wright's comedic Three Flavours Cornetto trilogy, commencing with a brief non-speaking role in Shaun of the Dead as Yvonne's boyfriend, Declan, followed by a brief cameo in Hot Fuzz as a police officer. He was a main cast member in the 2013 finale to the trilogy, The World's End. On 5 October 2013, he was presented with a fellowship bearing his name by the members of University College Dublin's Literary & Historical Society. In April 2014, he played insurance salesman Lester Nygaard in the dark comedy-crime drama series Fargo.[14] For his performance in this series, he was nominated for a Primetime Emmy Award,[15] a Golden Globe Award,[16] and a Critics' Choice Television Award.[17] He opened in the title role in Shakespeare\u2019s play Richard III in July 2014 at Trafalgar Studios.[18]\n",
            "p12": "In 2015, Freeman starred as producer Milton Fruchtman in the television film The Eichmann Show, based on blacklisted TV director Leo Hurwitz's filming of the 1961 trial of Nazi war criminal Adolf Eichmann. The film intercut dramatic scenes with historical footage from the trial. The Daily Telegraph described the film as \"absolutely enthralling\".[19][20] He also played Everett K. Ross,[21] a Central Intelligence Agency agent in Captain America: Civil War, which was released in May 2016.[22]\n",
            "p13": "In 2017, Freeman starred in Cargo, which premiered at the Adelaide Film Festival on 6 August 2017.[23] The film is a feature-length remake of a 2013 short film of the same name.[24] Later in the year he appeared opposite Tamsin Greig in Labour of Love, a political comedy by James Graham, at the No\u00ebl Coward Theatre.[25] Labour of Love charts both the evolution of the UK Labour Party in recent decades and its presence in a tight-knit Nottinghamshire community. Freeman portrays fictional Labour MP David Lyons, whose modernising ideas pit him against the traditional left-wing constituency agent Jean Whittaker (Greig).[25]\n",
            "p14": "In 2018, he reprised his role as Everett K. Ross in Black Panther, which was set around two weeks after the event in Captain America: Civil War, making it his second appearance in Marvel Cinematic Universe.[26][27] Between May 2017 and July 2019, Freeman starred in numerous adverts for Vodafone.\n",
            "p15": "In June 2018, Freeman was part of To Provide All People, a BBC Wales drama celebrating 70 years of the National Health Service.[28]\n",
            "p16": "Since March 2020, Freeman has starred in the FX/Sky One comedy series Breeders. Freeman also serves as creator and an executive producer for the series.[29] On 18 May 2020 FX and Sky One renewed Breeders for a second season.[30]\n"
        }
    ]
}