{
    "id": "nm0255213",
    "name": "Larry Ellison",
    "career": [
        {
            "header": "empty",
            "p12": "While working at Ampex in the early 1970s, he became influenced by Edgar F. Codd's research on relational database design for IBM.  That led in 1977 to the formation of the company which later became Oracle. Oracle became a successful database vendor to mid- and low-range systems, later competing with Sybase (created 1984) and Microsoft SQL Server (a port of Sybase created in 1989) which led to Ellison being listed by Forbes as one of the richest people in the world.\n"
        },
        {
            "header": "1977\u20131994",
            "p0": "During the 1970s, after a brief stint at Amdahl Corporation, Ellison began working for Ampex Corporation. His projects included a database for the CIA, which he named \"Oracle\". Ellison was inspired by a paper written by Edgar F. Codd on relational database systems called \"A Relational Model of Data for Large Shared Data Banks\".[16] In 1977, he founded Software Development Laboratories (SDL) with two partners and an investment of $2,000; $1,200 of the money was his.\n",
            "p1": "In 1979, the company renamed itself Relational Software Inc.  Ellison had heard about the IBM System R database, also based on Codd's theories, and wanted Oracle to achieve compatibility with it, but IBM made this impossible by refusing to share System R's code. The initial release of the Oracle Database in 1979 was called Oracle version 2; there was no Oracle version 1.[17] In 1983, the company officially became Oracle Systems Corporation after its flagship product.  In 1990, Oracle laid off 10% of its workforce (about 400 people) because it was losing money.[18] This crisis, which almost resulted in the company's bankruptcy, came about because of Oracle's \"up-front\" marketing strategy, in which sales people urged potential customers to buy the largest possible amount of software all at once. The sales people then booked the value of future license sales in the current quarter, thereby increasing their bonuses. This became a problem when the future sales subsequently failed to materialize. Oracle eventually had to restate its earnings twice, and had to settle class-action lawsuits arising from its having overstated its earnings. Ellison would later say that Oracle had made \"an incredible business mistake\".[19]\n",
            "p2": "Although IBM dominated the mainframe relational database market with its DB2 and SQL/DS database products, it delayed entering the market for a relational database on Unix and Windows operating systems. This left the door open for Sybase, Oracle, Informix, and eventually Microsoft to dominate mid-range systems and microcomputers. Around this time, Oracle fell behind Sybase. From 1990 to 1993, Sybase was the fastest-growing database company and the database industry's darling vendor, but soon it fell victim to merger mania. Sybase's 1996 merger with Powersoft resulted in a loss of focus on its core database technology. In 1993, Sybase sold the rights to its database software running under the Windows operating system to Microsoft Corporation, which now markets it under the name \"SQL Server\".\n",
            "p3": "In his early years at Oracle, Ellison was named an Award Recipient in the High Technology Category for the Ernst and Young Entrepreneur of the Year Program.[20]\n"
        },
        {
            "header": "1994\u20132010",
            "p0": "In 1994, Informix overtook Sybase and became Oracle's most important rival. The intense war between Informix CEO Phil White and Ellison was front-page Silicon Valley news for three years. In April 1997, Informix announced a major revenue shortfall and earnings restatements. Phil White eventually landed in jail, and IBM absorbed Informix in 2001. Also in 1997, Ellison was made a director of Apple Computer after Steve Jobs returned to the company. Ellison resigned in 2002. With the defeat of Informix and of Sybase, Oracle enjoyed years of industry dominance until the rise of Microsoft SQL Server in the late 1990s and IBM's acquisition of Informix Software in 2001 to complement their DB2 database. As of 2013[update] Oracle's main competition for new database licenses on UNIX, Linux, and Windows operating systems comes from IBM's DB2 and from Microsoft SQL Server. IBM's DB2 still dominates the mainframe database market.\n",
            "p1": "In 2005, Oracle Corporation paid Ellison a $975,000 salary, a $6,500,000 bonus, and other compensation of $955,100.[21] In 2007, Ellison earned a total compensation of $61,180,524, which included a base salary of $1,000,000, a cash bonus of $8,369,000, and options granted of $50,087,100.[22] In 2008, he earned a total compensation of $84,598,700, which included a base salary of $1,000,000, a cash bonus of $10,779,000, no stock grants, and options granted of $71,372,700.[23] In the year ending May 31, 2009, he made $56.8\u00a0million.[24] In 2006, Forbes ranked him as the richest Californian.[25] In April 2009, after a tug-of-war with IBM and Hewlett-Packard, Oracle announced its intent to buy Sun Microsystems.[26] On July 2, 2009, for the fourth year in a row, Oracle's board awarded Ellison another 7 million stock options.[27] On August 22, 2009, it was reported that Ellison would be paid only $1 for his base salary for the fiscal year of 2010, down from the $1,000,000 he was paid in fiscal 2009.[24][28]\n"
        },
        {
            "header": "2010\u2013present",
            "p0": "The European Union approved Oracle's acquisition of Sun Microsystems on January 21, 2010, and agreed that Oracle's acquisition of Sun \"has the potential to revitalize important assets and create new and innovative products\".[29] The Sun acquisition also gave Oracle control of the popular MySQL open source database, which Sun had acquired in 2008.[30] On August 9, 2010, Ellison denounced Hewlett-Packard's board for firing CEO Mark Hurd, writing that: \"The HP board just made the worst personnel decision since the idiots on the Apple board fired Steve Jobs many years ago.\" (Ellison and Hurd were close personal friends.)[31] Then on September 6, Oracle hired Mark Hurd as co-president alongside Safra Catz. Ellison remained in his current role at Oracle.[32]\n",
            "p1": "In March 2010, the Forbes list of billionaires ranked Ellison as the sixth-richest person in the world and as the third-richest American, with an estimated net worth of US$28\u00a0billion.[25] On July 27, 2010, The Wall Street Journal reported that Ellison was the best-paid executive in the last decade, collecting a total compensation of US$1.84\u00a0billion.[33] In September 2011, Ellison was listed on the Forbes list of billionaires as the fifth richest man in the world and was still the third richest American, with a net worth of about $36.5\u00a0billion. In September 2012, Ellison was again listed on the Forbes list of billionaires as the third richest American citizen, behind Bill Gates and Warren Buffett, with a net worth of $44\u00a0billion. In October 2012, he was listed just behind David Hamilton Koch as the eighth richest person in the world, according to the Bloomberg Billionaires Index.[34] Ellison owns stakes in Salesforce.com, NetSuite, Quark Biotechnology Inc. and Astex Pharmaceuticals.[35][36] In June 2012, Ellison agreed to buy 98\u00a0percent of the Hawaiian island of Lana'i from David Murdock's company, Castle & Cooke. The price was reported to be between $500\u00a0million and $600\u00a0million.[37] In 2005, Ellison agreed to settle a four-year-old insider-trading lawsuit by offering to pay $100\u00a0million to charity in Oracle's name.[38]\n",
            "p2": "In 2013, according to The Wall Street Journal, Ellison earned $94.6\u00a0million.[39] On September 18, 2014, Ellison appointed Mark Hurd to CEO of Oracle from his former position as president; Safra Catz was also made CEO, moving from her former role as CFO. Ellison assumed the positions of chief technology officer and executive chairman.[40][41]\n",
            "p3": "In November 2016, Oracle bought NetSuite for $9.3\u00a0billion. Ellison owned 35% of NetSuite at the time of the purchase making him $3.5\u00a0billion personally.[42]\n",
            "p4": "In 2017, Forbes estimated that Ellison was the 4th richest person in tech.[43]\n",
            "p5": "In June 2018, Ellison's net worth was about $54.5\u00a0billion, according to Forbes.[44]\n",
            "p6": "In December 2018, Ellison became a director on the board of Tesla, Inc., after purchasing 3 million shares earlier that year.[45][2] Ellison left the Tesla Board in August 2022.[46]\n",
            "p7": "As of June 2020, Ellison is said to be the seventh wealthiest person in the world, with a net worth of $66.8 billion.[47]\n",
            "p8": "As of 2022, Ellison owns 42.9 percent of the shares of Oracle Corporation,[48] and 1.5 percent of the shares of Tesla.[49]\n"
        }
    ]
}