{
    "id": "nm0201696",
    "name": "Paul Darrow",
    "career": [
        {
            "header": "empty",
            "p1": "Darrow worked extensively in theatre and television.\n",
            "p2": "His television appearances include: Emergency \u2013 Ward 10, The Saint, Z-Cars, Dixon of Dock Green, Within These Walls, as the Sheriff of Nottingham in the 1975 BBC series The Legend of Robin Hood, as Mr. Tallboy in the 1973 adaptation of Dorothy L. Sayers' Murder Must Advertise, as Thomas Doughty in the television film Drake's Venture, Dombey and Son, Maelstrom, Making News, Pie in the Sky, Hollyoaks, Toast of London and Little Britain. He provided the voiceover for Biblical quotations in Richard Dawkins's The Root of All Evil?. He had a one-off appearance in the 1990 series of Cluedo but did not play the murder victim. He was also the presenter of the BBC3 reality series Hercules (2004).[4]\n",
            "p3": "Darrow appeared as the character Avon, for which he was best known, in all but the first episode of Blake's 7. Proud of his work on that series, Darrow acted as its most prolific spokesman, both in the UK and the US, during the late 1980s. In the mid-to-late 1990s, he purchased the rights to Blake's 7 and attempted to produce a big-budget follow-up mini-series, Blake's 7: A Rebellion Reborn. According to Darrow, it would have begun 25 years after the ending of the original series[5] and might have included an ageing Avon passing the torch to a new generation.[citation needed]\n",
            "p4": "His film credits are few, but include roles as doctors in The Raging Moon (1971) and the Bond movie Die Another Day (2002), for which he filmed but much of his material was deleted before the film went on release to cinemas. Darrow appears briefly in the final product.\n",
            "p5": "Darrow recorded voice-overs and straplines for UK JACKfm station in Oxfordshire. He also provided the voice of the character Grand Moff Tarkin in the computer game Star Wars: Empire at War.[6] He also voiced the character of Zarok in the PlayStation game MediEvil; his recordings were re-used in the game's 2019 remake. Darrow appeared in Emmerdale from 13 July 2009, playing Eddy Fox, Alan Turner's friend; he knows Turner as \"Tank\".[citation needed] He also played the character of Kaston Iago in the Kaldor City audio releases.\n",
            "p6": "Darrow also provided the voice of a main character in the PC game Hostile Waters: Antaeus Rising. The actress Glynis Barber, who played Soolin in Blake's 7, provided the voice for the main female character. The game was narrated by Tom Baker of Doctor Who fame.[7]\n",
            "p7": "Darrow played the role of Sam Vimes in the 1998/99 touring production of the play based on Terry Pratchett's Discworld novel Guards! Guards!.[8]\n",
            "p8": "In 2004, Darrow was the subject of the fourth volume of MJTV's \"The Actor Speaks\" audio CDs, featuring frank interviews and dramatic pieces, alongside guest Peter Miles, with a piece specifically written by Tanith Lee.\n",
            "p9": "Darrow narrated the 2008 audio book of Terry Nation's classic children's story Rebecca's World: Journey to the Forbidden Planet (2008)\n",
            "p10": "In December 2011, Darrow voiced the character of Overseer Tremel in the Bioware MMORPG release Star Wars: The Old Republic.\n",
            "p11": "In 2012, Darrow returned to the role of Kerr Avon in Big Finish Productions' Blake's 7: The Liberator Chronicles, a series of dramatic readings which take place during Series One, Two and Three of the original show. He also reprised the part in Blake's 7: The Classic Audio Adventures, a full-cast audio drama series.\n",
            "p12": "In 2015, Darrow starred as Paul Rand, the enigmatic business man in charge of the business institute Atlas in the interactive video game Contradiction: Spot the Liar!. A sequel was planned in 2016, but never came to fruition.\n",
            "p13": "Darrow was Patron of the University of York Astronomy Society (AstroSoc) from 1981 to 1984.\n",
            "p14": "An extinct crocodile from the Miocene of Australia, Baru darrowi, was named after Darrow.[9]\n",
            "p15": "On 27 October 2018, Darrow appeared on (and won) a celebrity sci-fi edition of the quiz show Pointless, along with fellow Blake's 7 star Michael Keating.[10]\n"
        }
    ]
}