{
    "id": "nm0365713",
    "name": "Lisa Harrison",
    "career": [
        {
            "header": "empty",
            "p15": "After graduating from Tennessee in 1993, Lisa played one season (1998-1999) for the Columbus Quest of the American Basketball League and two seasons (1997\u20131999) for the Portland Power.\n",
            "p16": "In the 1999 WNBA Draft, she was selected by the Phoenix Mercury in the third round (34th pick overall).  In the WNBA, Lisa was once ranked eighth in free throw shooting accuracy at 86.4% in 2001.\n"
        }
    ]
}