{
    "id": "nm0339460",
    "name": "Judy Greer",
    "career": [
        {
            "header": "empty",
            "p7": "Greer made her film debut in the horror film Stricken (1998), playing a college student involved in a fatal prank.[12] This was followed by a small role in the Chicago-filmed drama Kissing a Fool (1998). She was cast in her first major role as Fern Mayo, a nerdy teenager who uncovers her classmates' murder of their friend, in Darren Stein's black comedy Jawbreaker (1999).[13] The film went on to earn a cult following.[13] Greer followed this with small parts in the romantic comedy films What Women Want (2000)[14] and The Wedding Planner (2001), opposite Jennifer Lopez.[15] She was cast in a 2002 pilot for NBC alongside Stephen Colbert, Untitled Ken Finkleman Project (Imagine Entertainment), based on the Canadian show The Newsroom from Ken Finkleman. Colbert portrayed Finkleman and Greer played his sister.[8]\n",
            "p8": "Greer had a recurring role on the Fox comedy series Arrested Development (2003\u20132005, 2013, 2018), playing Kitty Sanchez in ten episodes total and appearing in each of the series' three original seasons. In a 2009 interview, Greer said that she is most recognized for this role.[16] She also had a supporting role in Adaptation (2002).\n"
        },
        {
            "header": "2004\u20132010: \"Best friend\" roles in romantic comedies",
            "p0": "In 2004, Greer co-starred in the romantic comedy 13 Going on 30, starring Jennifer Garner as a girl who wakes up one morning as a 30-year-old woman. Greer played Lucy, an untrustworthy fellow editor of Garner's at a fashion magazine where both work.[17] The film was a commercial success, grossing $96.5 million worldwide, and received mostly positive reviews from critics.[18][19] Greer next played a supporting role in M. Night Shyamalan thriller The Village, about a village whose population lives in fear of creatures inhabiting the woods beyond it. Despite mixed reviews, the film was a success at the box office, grossing $256.7 million worldwide.[20][21] Retrospective reviews for the film have since been more positive, and has become regarded as one of Shyamalan's best films.[22][23] Greer then played another supporting role in Jenna Fischer's directorial debut, the comedy LolliLove, which premiered at the St. Louis International Film Festival to positive reviews from critics, though it was ultimately released straight-to-DVD.[24][25][26]\n",
            "p1": "In 2005, Greer first played a female werewolf in Wes Craven's horror film Cursed, starring Christina Ricci and Jesse Eisenberg. The film was a failure at the box office and was widely panned by critics, with Craven later expressing disappointment in the film.[27] Greer then starred in the comedy-drama The Great New Wonderful, which depicts the lives of several New Yorkers one year after the September 11th attacks. In her character's vignette, Greer played a woman struggling to keep her marriage together. The film premiered at the Tribeca Film Festival to mostly positive reviews.[28] Ty Burr of the Boston Globe called the film \"an actor's playpen\", and remarked that \"Greer has been stuck so long in goofball supporting roles that she tears into this part \u2013 a smart, loving mother frightened of her own son \u2013 as if it were prime rib.\"[29] Following an appearance in the drama In Memory of My Father, Greer featured in Cameron Crowe's tragic-romantic comedy Elizabethtown, starring Orlando Bloom, Kirsten Dunst, Alec Baldwin, and Susan Sarandon. The film premiered at the Venice International Film Festival and garnered negative reviews from critics.[30]\n",
            "p2": "Following an appearance in Paul Weitz's comedy American Dreamz, Greer starred in the comedy-drama The TV Set (both 2006), as a personal manager to the scriptwriter (David Duchovny) of a television series.[31] The film premiered at the Tribeca Film Festival to generally positive reviews from critics.[32][33] Dana Stevens of Slate noted that \"[...] Judy Greer, an Anne Heche lookalike with Lisa Kudrow's comic timing, nearly steals the movie as Mike's desperately chirpy manager.\"[34] Greer also starred in short-lived CBS comedy-drama series Love Monkey (2006).[35] The following year, Greer made brief appearances in the independent road film The Go-Getter and the comedy The Grand (both 2007).[36][37] During this period, Greer became a frequent guest star for producer Chuck Lorre, having appeared in his sitcoms Two and a Half Men (2007\u20132015), The Big Bang Theory (2010), and Mom (2015).[38]\n",
            "p3": "In 2008, Greer starred opposite Zach Galifianakis in the independent satire Visioneers, and played the best friend of Katherine Heigl's character in the romantic comedy 27 Dresses.[39][40] The latter film received mostly negative reviews from critics, but was a commercial success, grossing $162.6 million worldwide.[41][42] Greer played a similar role in the romantic drama Love Happens (2009), starring Jennifer Aniston.[43] Greer also took on the leading role in the ABC sitcom Miss Guided (2008), in which she played a guidance counselor working at a high school. The series was cancelled after one season.[44] That same year, Greer appeared as a yoga instructor in the \"Get a Mac\" advertisements, which also featured John Hodgman and Justin Long.[45] Beginning in 2009, Greer has provided the voice of Cheryl Tunt in the FX animated adult sitcom Archer, as well as Wendy Park in the Nick at Nite stop-motion animated sitcom Glenn Martin, DDS (2009\u20132011).[46]\n",
            "p4": "In 2010, Greer first starred in the comedy Barry Munday, in which she played a woman who becomes pregnant by a lonely womanizer (Patrick Wilson). The film premiered at the South by Southwest Film Festival to mixed reviews.[47] Joe Leydon of Variety praised Greer's performance, commending the actress for bringing \"some welcome emotional truth\" to her \"almost too convincing\" role.[48] Following roles in the family comedy Marmaduke and the romantic crime comedy Henry's Crime, Greer featured in the comedy-drama Peep World.[49][50] Greer played Laura Meyerwitz, a pregnant wife whose husband (Michael C. Hall) is revealed to have an addiction to pornography from his brother's thinly-veiled novel about their family. The film premiered at the Toronto International Film Festival, and in spite of largely negative reviews, critics singled out Greer's performance for praise.[51][52] Both Manohla Dargis of The New York Times and Elizabeth Weitzman of the New York Daily News considered Greer's performance to be the most \"genuine\" of the cast.[53][54] Greer also played a supporting role in the romantic comedy-drama Love & Other Drugs, which was a commercial success, grossing $102.8 million worldwide.[55]\n"
        },
        {
            "header": "2011\u20132014: The Descendants and professional expansion",
            "p0": "In 2011, Greer first starred in the crime thriller The Key Man, as the wife of a salesman who becomes involved in an insurance scam. The film premiered at  South by Southwest.[56] Though Seth Freilich of Pajiba considered Greer to be \"lovely as always\", he felt that she was \"underused\", and called for the film industry to offer her better roles.[57] Greer next played a supporting role in Alexander Payne's drama The Descendants, starring George Clooney.[58] Greer played Julie Speer, a woman who discovers that her husband had an extramarital affair with the now-comatose wife of Clooney's character. The film premiered at the Telluride Film Festival to critical acclaim.[59] Greer herself received particularly strong reviews for her performance; David Thomson of The New Republic found Greer to be \"touching\", while Philip Kemp of Sight & Sound praised Greer for turning \"her few brief scenes [...] into a moving portrayal of undeservedly broken trust.\"[60][61] For her performance in the film, Greer received the Screen Actors Guild Award nomination for Outstanding Performance by a Cast in a Motion Picture, and a nomination for the Satellite Award for Best Supporting Actress \u2013 Motion Picture.[62][63]\n",
            "p1": "That same year, Greer also starred in the comedy-drama Jeff, Who Lives at Home, directed by brothers Jay and Mark Duplass, in which Ed Helms and she played a couple whose marriage is failing.[64] The film premiered at the Toronto International Film Festival to positive reviews, with Roger Ebert of the Chicago Sun-Times calling it a \"a whimsical comedy [that depends] on [...] the discontent of Helms and Greer.\"[65][66] For her work in both The Descendants and Jeff, Who Lives at Home, Greer received the John Cassavetes Award at the Denver Film Festival, becoming the first female actor to be the recipient of the award.[67] Greer then starred in the short-lived CBS sitcom Mad Love, about a group of people in their 30s trying to find love.[68] David Hinckley of New York Daily News felt that Greer played her role \"perfectly\" in the series, which was cancelled after one season.[69][70] Greer also hosted an online series of exercise videos titled Reluctantly Healthy, which was later adapted by Litton Entertainment as part of their Saturday-morning One Magnificent Morning block for The CW.[71]\n",
            "p2": "Following a role in the critically panned romantic comedy Playing for Keeps, starring Gerard Butler, Greer made her Broadway debut in Theresa Rebeck's comedy Dead Accounts, alongside Katie Holmes, Norbert Leo Butz, Jayne Houdyshell, and Josh Hamilton (both 2012).[72][73] The play received negative reviews, with Ben Brantley of The New York Times criticizing Greer for not \"transcend[ing] her character's function as a visitor-from-another-planet plot device.\"[74] In Carrie (2013), starring Chlo\u00eb Grace Moretz and Julianne Moore, Greer portrayed Miss Desjardin, a gym teacher who becomes involved with the titular character (Moretz), a shy high-school student and outcast, who secretly possesses telekinesis.[75] The film, which serves as an adaptation of Stephen King's 1974 novel of the same name and a re-make of Brian de Palma's 1976 film, received mixed reviews from critics, who considered it to be a \"unnecessary\" adaptation.[76] Nevertheless, Michael Phillips of the Chicago Tribune, who gave the film a positive review, remarked, \"The acting's strong; in addition to Moretz and Moore, Judy Greer is a welcome presence in the [...] role of the sympathetic gym instructor.\"[77]\n",
            "p3": "In 2014, Greer first appeared in the supernatural drama Jamie Marks Is Dead, about a deceased boy who returns to his friends as a ghost.[78] The film premiered at the Sundance Film Festival to positive reviews.[79][80][81][82] Greer next portrayed the motion-capture role of the female chimpanzee Cornelia in the science fiction action film Dawn of the Planet of the Apes (2014).[83] The film received positive reviews and was a success at the box office, grossing $708.8 million worldwide.[84][85] Greer then played a supporting role in Jason Reitman's drama Men, Women & Children, which premiered at the Toronto International Film Festival.[86][87] The film was widely panned by critics, with Jason Bailey of FlavorWire criticizing the plot surrounding Greer's character, a single mother promoting her daughter on a modeling website: \"I cannot begin to tell you how effectively this wholly unbelievable thread manages to single-handedly unravel the narrative, but I can assure you that when even Judy Greer can't sell a plot point, it should not be employed.\"[88][89]\n",
            "p4": "That same year, Greer made her directorial debut with the AOL short film Quiet Time, which focuses on how transcendental meditation can be used for stress relief. In an interview with Glamour, Greer revealed that she had wanted to venture into directing and contacted AOL herself, which was impressed by her passion for the meditation.[90] Greer also released her first autobiographical collection of essays, titled I Don't Know What You Know Me From: Confessions of a Co-Star, which details her life experiences and career in the film industry.[91] The book received positive reviews; Kirkus Reviews noted that \"This is not a Hollywood roman \u00e0 clef; Greer doesn't dish and is amazed by and grateful for her good fortune [...] Greer is an engaging and witty storyteller, at turns wistful (of her beloved hometown, she writes, \"Detroit is America's sad family member who can't catch a break\") and unsparingly honest (\"I used to be more ugly\u201d).\"[92] Greer starred in the FX comedy series Married (2014\u20132015), in which she and Nat Faxon played a long-married couple.[93] Willa Paskin of Slate praised Greer's chemistry with Faxon, referring to them both as \"charismatic, jangly, scene-stealing performers.\"[94]\n"
        },
        {
            "header": "2015\u20132018: Franchise films and directorial debut",
            "p0": "In 2015, Greer appeared in two major film franchises\u2014Jurassic World, and the Marvel Cinematic Universe entry, Ant-Man.[95][96] In Jurassic World, Greer played the mother of two of the film's protagonists, Gray and Zach. The film was a massive success at the box-office, grossing $1.670 billion worldwide, and earned positive reviews.[97][98] In Ant-Man, Greer played Maggie, the ex-wife of the film's titular hero, played by Paul Rudd. The film was another critical and commercial success, grossing $519.3 million worldwide.[99][100] Greer subsequently reprised her role in the sequel Ant-Man and the Wasp (2018).[101] Following a supporting role as Lily Tomlin's love interest in Paul Weitz's critically acclaimed comedy-drama Grandma, Greer took on a leading role in Jamie Babbit's dark comedy Addicted to Fresno, in which  Natasha Lyonne and she play sisters who work as housekeepers in a hotel who find themselves in trouble when Greer's character accidentally kills a guest.[102][103] While the film itself received largely negative reviews, Greer's performance drew praise from critics. Jason Bailey of FlavorWire asserted that Greer and Lyonne \"anchor [the film] with a priceless good sister/bad sister dynamic [...] Greer, as a bitter burnout, puts a sharp little spin on every line, turning each into a little dagger [...]\"[104]\n",
            "p1": "Greer also made appearances in the Walt Disney Studios science-fiction film Tomorrowland and the comedy Entourage (both 2015), based on the HBO television series of the same name.[105][106] Greer's only releases of 2016 were the little-seen dramas All We Had and Ordinary World, neither of which left an impression on critics.[107][108] That same year, she also provided the voice of Beep in the Netflix children's animated programs Ask the StoryBots and StoryBots Super Songs.[109][110] Greer's first two films of 2017\u2014the comedy-dramas Lemon and Wilson\u2014held their world premieres at the Sundance Film Festival.[111][112] Greer then reprised her motion-capture role as Cornelia in the sequel War for the Planet of the Apes.[113] Like its predecessor, the film was a critical and commercial success, grossing $490.7 million worldwide.[114][115] After playing the daughter of Robert Redford's character in the Netflix drama Our Souls at Night, Greer starred in the comedy Adventures in Public School, in which she played a mother whose son enters public after years of her homeschooling.[116][117] The film premiered at the Toronto International Film Festival, and Greer received praise for her performance.[118] Sherri Linden of The Hollywood Reporter highlighted Greer's \"long-proven down-to-earth magic,\" while Dennis Harvey of Variety remarked that \"Greer proves a resourceful comedienne, as usual [...]\"[119][120]\n",
            "p2": "That same year, Greer made her feature-film directorial debut in the comedy-drama A Happening of Monumental Proportions, which depicts one day in the lives of students and staff at a Los Angeles private school. In an interview with Variety, Greer discussed her motivations towards making the film: \"I wanted to tell a story where adults act like kids and kids act like adults [...] As I age I'm noticing that more and more, as we see our kids pointing things out to us that we really should know ourselves, you start to realize that you and your adult friends are king of acting like idiots sometimes. We\u2019re regressing, clawing at the walls as if to say, I don't want to grow up.\"[121] The film featured actors Allison Janney, Katie Holmes, Bradley Whitford, Jennifer Garner (Greer's co-star from 13 Going on 30), and rapper Common, and received largely negative reviews from critics.[122]\n",
            "p3": "In 2018, Greer first played a supporting role in Clint Eastwood's biographical drama The 15:17 to Paris, as the mother of U.S. Air Force Staff Sergeant Spencer Stone. As part of an overall negative response, Tim Grierson of ScreenDaily lamented that Greer and co-star Jenna Fischer were \"trapped playing supportive-parent clich\u00e9s.\"[123] Greer followed with Jim Loach's comedy-drama Measure of a Man. Mick LaSalle of the San Francisco Chronicle felt she was \"wasted\" in the role of a mother whose teenage son is experiencing bullying.[124][125] Greer co-starred in the biographical comedy Driven, in which she played the wife of Jason Sudeikis' character, a man who gets busted by the FBI for trying to smuggle cocaine and subsequently becomes an informant. The film premiered at the Venice International Film Festival.[126] Guy Lodge of Variety remarked that Greer was \"reliably game in a princess-to-patsy part,\" while Boyd Van Hoeij of The Hollywood Reporter felt that Greer was \"especially good\" in a scene where she finds a wire on her husband.[127][128]\n",
            "p4": "Greer then co-starred opposite Jamie Lee Curtis in Halloween (2018), a direct sequel to John Carpenter's original 1978 horror film, in which she played Karen Nelson, the daughter of Laurie Strode. The film grossed $255.6 million worldwide, breaking numerous box-office records, most notably for having the second-highest opening weekend in the month of October and for being the highest-grossing film of the franchise.[129][130] Halloween was also well received by critics; Eric Kohn of IndieWire felt that while Greer was \"underutilized\" in the film, she \"nevertheless provides a warm antidote to Curtis\u2019 stern resolve\", while Jonathan Barkan of Dread Central considered Greer's role to be \"vital\" to the story, and that she played it \"wonderfully.\"[131][132] Several media outlets considered a scene where Greer's character feigns weakness only to lure Michael Myers and shoot him to be one of the film's highlights.[133][134] Greer starred in the Showtime comedy-drama series Kidding (2018\u20132020), opposite Jim Carrey, playing his estranged ex-wife.[135] Karen Han of Vox credited the show's success partly due to its \"uniformly terrific performances, particularly Greer's [...]\" Greer has also provided the voice of the titular character, Luna, in the PBS children's animated television series Let's Go Luna!.[136]\n"
        },
        {
            "header": "2019\u20132022: Supporting roles and streaming projects",
            "p0": "In 2019, Greer starred opposite Zoey Deutch in the comedy-drama Buffaloed, playing a hairdresser whose daughter (Deutch) becomes a debt collector.[137] The film premiered at the Tribeca Film Festival to positive reviews.[138][139] Kristy Strouse of Film Inquiry remarked, \"Greer, who has proven to always be counted on in any role, is wonderful\", and considered her character's relationship with Deutch's character to be \"compelling\", while Carla Renata of The Curvy Film Critic felt that Greer \"flips her comedy prowess upside down while tackling a more serious role with verve and power.\"[140][141] Greer then appeared in Richard Linklater's comedy-drama Where'd You Go, Bernadette, starring Cate Blanchett, and the family comedy film Playing with Fire, in which she played the love interest of John Cena's character.[142][143] Neither film was particularly successful with critics nor audiences.[144][145][146][147] For the latter, Steve Davis of the Austin Chronicle bemoaned that \"As for Greer's turn [...] she's given the dubious honor of reciting its most memorable \u2013 and not in a good way \u2013 line, one dispensing advice about child-rearing...\"[148]\n",
            "p1": "In 2020, Greer first featured in comedy-drama Uncle Frank, about a gay man living in the 1970s who confronts his past. The film premiered at the Sundance Film Festival to positive reviews.[149][150] Greer then appeared in the musical romantic comedy Valley Girl, a remake of the 1983 film of the same name, in which she played Julie Richman's mother, in a role originated by Colleen Camp.[151] Greer next guest starred in an episode of the Hulu horror anthology series Into the Dark. In the episode \"Good Boy\", Greer took on the lead role of Maggie, a woman who adopts an emotional support dog that murders people who escalate Maggie's anxiety.[152] Matt Donato of Slashfilm considered it to be one of the \"stronger\" episodes in the series, praising it for not \"shov[ing] [Greer] into an ancillary role\", and stated that Greer \"sells her character's midlife crisis and eventual lovestruck relationship with Reuben [...] Greer evokes the blackest comedy notes as she tiptoes around police investigations and scolds Reuben for devouring her problems.\"[153]\n",
            "p2": "In 2021, Greer first starred in the comedy Lady of the Manor, alongside Melanie Lynskey, Ryan Phillippe, and Justin Long, who made his directorial debut in the film. Greer played Lady Wadsworth, a ghost who resides in a historic mansion, where Lynskey's character is employed.[154] The film premiered at the Gasparilla International Film Festival.[155] Despite critics largely dismissing the comedy, Greer's performance earned praise.[156] Angie Han of The Hollywood Reporter found Greer's chemistry with Lynskey to be \"warm and genuine\", while Sarah Bea Milner of Screen Rant remarked that \"Greer plays against type, mainly being the straight character to Lynskey's over-the-top antics [...] Greer imparts a lot of personality on a role that easily could have felt stilted or wooden in less capable hands.\"[157][158] Greer next provided the voice of Martha Washington in Netflix's adult animated comedy America: The Motion Picture, which received negative reviews from critics.[159]\n",
            "p3": "Greer then reprised her role as Karen Nelson in Halloween Kills, which takes place the same night as its predecessor.[160] The film premiered at the Venice International Film Festival, grossing $131.6 million worldwide.[161][162] Brian Truitt of USA Today considered the film to be a step back in the franchise, but was nonetheless impressed by Greer's performance, \"with Karen proving herself worthy of the Strode name.\"[163][164][165] Greer's films of 2022\u2014Three Months, Family Squares, and Hollywood Stargirl\u2014were released directly to streaming services and were positively received by critics.[166][167] In the lattermost, Greer played Ana Carraway, the mother of young singer Susan \"Stargirl\" Carraway, having replaced actress Sara Arrington.[168] Courtney Howard of Variety commended Greer for bringing \"depth and dimension to Ana, providing a nuanced sense of parental guilt in balancing dreams with pragmatic reality.\"[169] Greer also lent her voice to the Netflix animated film My Father's Dragon, which premiered at the BFI London Film Festival.[170][171]\n",
            "p4": "That same year Greer played supporting roles in two miniseries\u2014The Thing About Pam and The First Lady\u2014having received praise for her respective performances.[172][173] In The Thing About Pam, Greer portrayed the real-life Leah Askey, the Lincoln County prosecutor who tried Russ Faria twice for the murder of his wife, Betsy, which was actually committed by neighbor Pam Hupp, portrayed by Ren\u00e9e Zellweger. Liam Matthews of TVGuide felt that Greer \"perfectly played [Askey] with spiteful ineptitude,\" whereas Gwen Ihnat of The A.V. Club described Greer's performance as \"uncharacteristically wily [...] refusing to admit that she may have fingered the wrong guy and crafting any number of implausible theories to make that accusation stick.[174][175] The series garnered strong ratings for NBC, and Greer received a Hollywood Critics Association award nomination for Best Supporting Actress in a Broadcast Network or Cable Limited Series.[176][177] In Showtime's The First Lady, Greer replaced Pamela Adlon as Nancy Howe, the personal confident of First Lady Betty Ford, portrayed by Michelle Pfeiffer.[178] While the series received mixed reviews, Meghan O'Keefe published an article on Decider asserting that Greer \"[almost] single-handedly\" saved the series, further stating that \"Greer might be the only actor in the whole cast who is able to make the didactic, obvious dialogue sound natural and fun.\"[179][180]\n"
        },
        {
            "header": "2022\u2013present",
            "p0": "Greer starred in the Hulu comedy series Reboot (2022\u2013present), replacing Leslie Bibb as Bree Marie Jensen, a former sitcom actress who subsequently reprises her role when the series gets rebooted.[181] The series premiered to positive reviews, with Greer receiving considerable praise for her performance.[182][183] Tom Long of The Detroit News remarked that \"All the actors are in fine form but Greer still manages to stand out, building a Bree that\u2019s self-involved and silly but still a bit sexy and warm.\"[184] Carrie Wittmer of Uproxx commented on how Greer was given the opportunity to play a substantial leading role as opposed to an insignificant supporting role, writing \"While Greer\u2019s all-consuming warmth and vitality give even the dullest [...] movie a lifeline, Greer is consistently underused, with roles that barely scratch the surface of what she\u2019s capable of or roles that almost do but not quite [...] As Bree Marie Jensen, Greer is doing what she does best: being both confident and anxious, fast-talking in her signature high, comforting voice, and bouncing off her co-stars.\"[185]\n",
            "p1": "Greer will star in the sports drama film Flint Strong.[186] Greer also joined the cast of the HBO miniseries The White House Plumbers, which depicts the Watergate scandal. Greer was cast as Fran Liddy, the wife of G. Gordon Liddy (Justin Theroux).[187]\n"
        }
    ]
}