{
    "id": "nm0325635",
    "name": "Goldie",
    "career": [
        {
            "header": "Music",
            "p0": "By 1991, Price had become fascinated by the British breakbeat music scene when his girlfriend, DJ Kemistry, introduced him to the pioneering jungle and drum and bass producers Dennis \"Dego\" McFarlane and Mark \"Marc Mac\" Clair, known as 4hero.[2] He went on to execute some design and A&R work for 4hero's Reinforced Records label.\n",
            "p1": "In 1992, Price made his first record appearance by contributing to an EP by Icelandic group Ajax Project that included the track Ruffige.[4] For many years, the track was repeatedly misattributed to Price himself, perhaps because of his subsequent use of \"Rufige\" as moniker for his own releases.[citation needed]\n",
            "p2": "His releases Killa Muffin b/w Krisp Biscuit and the Dark Rider EP were released under the alias \"Rufige Cru\"[note 1] on Reinforced.[7] His track \"Terminator\", released under the name \"Metalheads\" in 1992,[8] was a hit in the jungle scene and is noted for pioneering the use of time stretching.[9] In 1993, he released Angel, another 12\" on the Synthetic Hardcore Phonography label. 1994 saw him setting up his own record label, Metalheadz.[7]\n",
            "p3": "His first studio album, Timeless, followed in 1995. Timeless entered the UK Albums Chart at number seven.[10] The album fused the breakbeats and basslines common in jungle with orchestral textures and soul vocals by Diane Charlemagne. The album's title track was a 21-minute symphonic piece. \"Inner City Life\", a track from the album, reached number 39 in the UK Singles Chart.[10] Timeless helped to popularise drum and bass as a form of musical expression.[11] The music critic Simon Reynolds noted that Price's credentials as a musical innovator \u2013 and particularly as one of the key driving forces of innovation in the jungle/breakbeat scene \u2013 were exceptional. \"Goldie revolutionised jungle not once but thrice\", he noted in The Wire magazine, continuing, \"First there was 'Terminator' (pioneering the use of time stretching), then 'Angel' (fusing Diane Charlemagne's live vocal with David Byrne/Brian Eno samples to prove that hardcore could be more 'conventionally' musical), now there's 'Timeless', a 22-minute hardcore symphony.\"[9]\n",
            "p4": "In 1996, he released the Toasted Both Sides Please remix of the Bush song \"Swallowed\", which topped charts in the US and Canada.[12][13][14]\n",
            "p5": "Price released his second album, Saturnz Return, in 1998. The album's opening track, \"Mother\", is an hour-long orchestral drum and bass piece. The album featured appearances by David Bowie, Noel Gallagher and KRS-One. The album met with mixed reviews. David Brown of Entertainment Weekly called the album \"ambitious but monotonous and overlong \u2013 Pink Floyd with a gold tooth\".[15]\n",
            "p6": "In 2002, Price said that he had been working for three years on a film called Sine Tempus,[16] described as a coming-of-age story of a young paintbrush artist.  In 2006, he announced the soundtrack as his new album.[17] The album was released via the Metalheadz website in 2008, but the film has not been released.\n",
            "p7": "Price is known for his work as the leader of Rufige Kru. The group has no fixed members and has included drum and bass producers such as Technical Itch, Heist, Cujo, Agzilla Da Ice, Danny J, Doc Scott and Rob Playford.[citation needed]\n",
            "p8": "March 2013 saw the release of The Alchemist: The Best of Goldie 1992\u20132012, featuring prominent tracks from throughout Price's musical career.[18] A subsequent compilation, the three-CD Masterpiece set released by Ministry of Sound in 2014, brought together tracks that influenced him (Soul II Soul's \"Back To Life\", Roy Ayers' \"Everybody Loves The Sunshine\") with cuts that soundtracked his entry into the rave scene and key moments from the drum'n'bass scene.[19]\n",
            "p9": "In 2017, the Goldie album The Journey Man was released, which Price described as his \"magnum opus\" and \"the most important thing that I've ever made.\"[3]\n",
            "p10": "In 2020, Goldie launched his new record label, Fallen Tree 1Hundred.[20]\n"
        },
        {
            "header": "Acting",
            "p0": "Price has appeared in Guy Ritchie's Snatch and several other films, most notably the James Bond film, The World Is Not Enough. He also played gangster Angel Hudson in the British soap opera EastEnders (2001\u20132002). Price starred in Everybody Loves Sunshine (1999) (aka B.U.S.T.E.D. \u2013 United States title) with David Bowie.\n"
        },
        {
            "header": "Television appearances",
            "p0": "In the late 1980s, Price appeared on Central Weekend, a Friday evening topical debate show on Central TV, promoting graffiti as an art form. He had a small documentary made about his own art on Central TV's Here and Now programme featuring Pogus Caesar's photographs of New York. He has appeared on various young people's TV shows as part of a breakdance crew, the Bboys from Wolverhampton. In 1995, he appeared on Passengers, and in a Channel 4 documentary about himself in 1998.\n",
            "p1": "His next TV appearance was hosting Crime Business on the digital TV channels Bravo and Ftn.  He presented the documentary series The World's Deadliest Gangs on Bravo in 2002.\n",
            "p2": "Price appeared on the second series of Celebrity Big Brother in 2002. He was the first celebrity to be \"evicted\". In 2006, he was scheduled to appear in The Games, a UK reality TV show on Channel 4, but during training for the water-ski jump event he fractured his femur and was unable to take part in the show. He was replaced by Adam Rickitt. In 2009, he was reported to be suing the producers of the show for damages as a result of the injury.[21]\n",
            "p3": "During August and September 2008, the BBC broadcast Maestro, a reality television show in which eight celebrities, including Price, learned to conduct a concert orchestra.[3] Price was placed second, behind Sue Perkins.\n",
            "p4": "On 31 July 2009, the first of a two-part television programme Classic Goldie was broadcast, showing how in the wake of his success in the Maestro programme he learns to write a score for a large orchestra and choir. The resulting composition, commissioned by the BBC and entitled Sine Tempore (Timeless), was performed at two children's Promenade concerts in the Royal Albert Hall on 1 and 2 August 2009, which featured music connected with Charles Darwin and the creation and evolution of the world.[22]\n",
            "p5": "He appeared on Celebrity Mastermind on 27 December 2009 and came fourth behind Paul O'Grady, Gail Emms and Loyd Grossman. On 11 September 2010, he was announced as part of the line-up in Strictly Come Dancing, staying in the competition for two weeks.\n",
            "p6": "On 22 December 2010, he appeared in a Celebrity Come Dine with Me Christmas special.[23]\n",
            "p7": "On 26 March 2011, he appeared in a three-part reality television series,  Goldie's Band: By Royal Appointment in which he led a group of music experts as they conducted a nationwide search for young talented musicians and then selected and coached 12 of them, who collaborated to create some musical pieces for a performance at Buckingham Palace.[24]\n",
            "p8": "On 24 August 2012, he appeared in the Channel 4 documentary Idris Elba's How Clubbing Changed the World (hosted by Idris Elba) to explain how he invented the revolutionary technique of time stretching by misusing an HF ultra-harmoniser, which is usually used for guitars. He then went on to say that when he crossed this with digital breakbeat, the sound evolved from jungle into drum and bass.\n",
            "p9": "In 2014, he appeared on the telethon BBC Children in Need.\n"
        },
        {
            "header": "Art",
            "p0": "In 2007, Price returned to the art world with an art exhibition, \"Love Over Gold\", which was held at the Leonard Street Gallery, London.[25] In 2008, he teamed up with Pete Tong to provide much of the artwork for Tong's new Wonderland club night at Eden nightclub in San Antonio, Ibiza.[26]\n",
            "p1": "There was an exhibition of Price's art in Berlin from 13 to 26 June 2008.[27] In April 2009, a retrospective exhibition titled \"Kids Are All Riot\" took place in Shoreditch, London, coinciding with the release of his screenprint \"Apocalypse Angel\".\n",
            "p2": "Around 2008, Price's art work was displayed on the London Underground by the arts company Art Below.[28]\n\nIn 2021, he modeled for Louis Vuitton Menswear Spring/Summer and contributed a song.\n"
        }
    ]
}