{
    "id": "nm0328709",
    "name": "Meagan Good",
    "career": [
        {
            "header": "Childhood",
            "p0": "In the early stages of her career, Good worked as an extra on television shows such as Doogie Howser, M.D. and Amen.[6] When she was 13, she was cast in her first film, the 1995 comedy Friday.[1] She first gained critical recognition for her performance as the troubled teen Cisely Batiste in Kasi Lemmons' 1997 film Eve's Bayou; she received two award nominations, including her first NAACP Image Award nomination.\n"
        },
        {
            "header": "Adulthood",
            "p0": "After taking on small film and television roles for the next few years, Good began to transition into more mature roles in the early 2000s. Good believes she was able to move into adult roles due to playing characters several years younger than her.[8] From 1998 to 2001, she appeared as Nina on Nickelodeon's TV show Cousin Skeeter. Good landed small roles in the films 3 Strikes and House Party 4: Down to the Last Minute.\n",
            "p1": "In 2003, a major year for Good, she landed roles in the action-drama Biker Boyz and the romantic-comedy Deliver Us from Eva, which helped her transition from child to adult actress. She also appeared as the character Vanessa for one season of My Wife and Kids, before being replaced by another actor.[9] In 2004, Good starred alongside Jordana Brewster, Sara Foster, and Jill Ritchie in the action film D.E.B.S., and received a Best Actress nomination at the 2005 Black Movie Awards. She also had small roles in The Cookout, Lance \"Un\" Rivera's directorial debut, and the teen dance film You Got Served.\n",
            "p2": "In 2005, Good co-starred in the horror film Venom, as well as the well-received neo noir film Brick. She played opposite rapper/actor Bow Wow in Malcolm D. Lee's Roll Bounce. In 2006, Good played the role of Coco, which she felt was her first true lead actress role, in the urban action-drama Waist Deep.[6] Good also voiced a character for the video game Scarface: The World Is Yours that same year.[10] The following year, Good landed a role in the dance movie Stomp the Yard, starring with Ne-Yo and childhood and personal \nfriend Columbus Short.[1] In 2008, Good appeared in the horror film One Missed Call as an ill-fated college student, Shelley Baum. She appeared as an angry trophy wife in the Mike Myers comedy The Love Guru, and in the latter half of the year, she was one of the victims/gameplayers in Saw V. She starred in 2009's The Unborn with Gary Oldman and Odette Yustman.\n",
            "p3": "She was part of the ensemble cast in 2012's Think Like a Man, a movie based on Steve Harvey's 2009 book Act like a Lady, Think like a Man. In 2013, Good starred in Anchorman 2: The Legend Continues. Good returned to television from January to March 2013, starring in Deception. Good was contacted by her agents about the series while leaving a hair salon. She sat in her car \"and cried for 30-minutes like a nerd, by myself.\"[11] In 2014, Good reprised her role for Think Like a Man Too, the sequel to Think Like a Man. Good stated she \"had a really good time\" while filming the sequel after initially being nervous \"because there's so much energy that only Vegas can give.\" Filming Think Like a Man Too was Good's first time in Las Vegas shortly before she got married.[12]\n",
            "p4": "Good has also appeared in many music videos, by artists such as 50 Cent, (21 Questions), Imajin, Isyss (of which Good's sister La'Myia Good is a member), Lil' Johnny, Memphis Bleek, Tyrese, and Will Smith.\n",
            "p5": "She has started her own production company, Freedom Bridge Entertainment, with Marlon Olivera and fellow actors Tamara Bass and Ty Hodges.[13]\n",
            "p6": "Good wore a royal blue dress designed by Michael Costello to the June 30, 2013 BET Awards ceremony. The dress featured a plunging neckline down to her midriff and a front slit that rose to midthigh,[14] It was sometimes compared to the Green Versace dress worn by Jennifer Lopez to the 42nd Annual Grammy Awards in 2000.[15] Fashion & Style editors selected Good as \"worst dressed\" at the ceremony.[16]\n",
            "p7": "The dress was controversial also because Good was presenting the BET Award for Best Gospel Artist. According to Christine Thomasos of The Christian Post, Good has a history of defending her stylistic choices of presenting herself as a \"sexy Christian\". She had said earlier that year:\n",
            "p8": "Good responded on Instagram, expressing sadness that judgment had been passed on her, her character and her husband over what she wore to the ceremony. She said she picked the dress because she liked it and tried to express her individuality in her dress.[17][19]\n"
        }
    ]
}