{
    "id": "nm0313232",
    "name": "Carrie Genzel",
    "career": [
        {
            "header": "empty",
            "p13": "Genzel had several recurring roles in soap operas during the 1990s, including The Bold and the Beautiful, Days Of Our Lives, and as Skye Chandler on All My Children from 1996 to 1997.[5][6][7] She appeared television series such as Picket Fences, Beverly Hills 90210, The Outer Limits, Stargate SG-1, Smallville, Married... with Children, Wizards of Waverly Place, Under One Roof and Supernatural.[8][9][10][11][12] Her film roles include The Imaginarium of Dr. Parnassus, Dead Rising: Watchtower, They're Watching,[13][14][15][16] and Watchmen.[17]\n",
            "p14": "In 2012, Genzel won the Best Actress award at the Los Angeles International Underground Film Festival for the role of Emma in The Ballerina and the Rocking Horse.[18][19]\n"
        }
    ]
}