{
    "id": "nm0369854",
    "name": "Andrew Havill",
    "career": [
        {
            "header": "Theatre",
            "p0": "Beginning his carrer with the Royal Shakespeare Company, Havill was in The Woman in Black at London's Fortune Theatre in 1989 and 1996, played Lysander in A Midsummer Night's Dream in 1989, and Reynaldo in Hamlet the same year.\n",
            "p1": "Throughout the 1990s, Havill performed in a number of plays at London's West End and elsewhere. He portrayed several characters at the Barbican Theatre in an RSC production of A Clockwork Orange and at The Pit London in A Woman of No Importance. In conjunction with the RSC, Havill's focus was Shakespeare; in 1990, he portrayed George Seacoal in Much Ado About Nothing, Peter Arnold in Two Shakespearean Actors and The Merchant in The Comedy of Errors; from 1991 to 1992, he portrayed Sir William Bagot in an RSC production of Richard II at the Barbican Theatre in London. \n",
            "p2": "In the 2000s, his theatre roles included working with Alan Ayckbourn on his play Virtual Reality, a West End production of Jean Anouilh's Ring Around the Moon, and roles in director Chris Luscombe's productions of The Comedy of Errors and The Merry Wives of Windsor at Shakespeare's Globe. Of the latter, the Guardian's Lyn Gardner wrote: \"Havill's comic timing is a joy\" (21 June 2008).[6]\n",
            "p3": "Havill also appeared as Frank Ford in The Merry Wives of Windsor US tour of 2010. Ben Brantley commented in The New York Times (31 October 2010), \"As Ford... the excellent Mr. Havill is exactly as serious as he needs to be, reminding us that one of comedy\u2019s main functions is to defuse bombs that in real life often explode and destroy.\"[7] In 2012 and 2013, he was part of the original cast of James Graham's play This House, at the National Theatre, directed by Jeremy Herrin.[8] His work has included three roles at Hampstead Theatre in the plays Farewell to the Theatre, Drawing the Line, and Wonderland,[9] and a portrayal of the English physician Sir Gilbert Wedgecroft in a National Theatre production of Waste, with Anne Cox writing \"Havill offers excellent support... as always\" (23 November 2015).[10] In 2019, Havill portrayed Warren Lewis at the Chichester Festival Theatre's production of Shadowlands,[11] along with actors Hugh Bonneville and Liz White; Havill starred alongside Bonneville in the Downtown Abbey film of the same year.\n"
        },
        {
            "header": "Television",
            "p0": "Havill made his television debut in Lucy Gannon's Soldier Soldier in 1993, followed by a portrayal of English critic John Davenport in The House of Elliot Series 3 the following year. From 1997 to 1998, Havill worked with Lynda La Plante on her drama series Trial & Retribution, playing Clarence Oxley on Trial & Retribution I and Crispin Oxley on Trial & Retribution II. Havill starred in two 1999 television mini series: Aristocrats and Wives and Daughters as Charles Bunbury and Sir Charles Morton respectively.\n",
            "p1": "In the 2000s, his television roles included portraying Manet onThe Impressionists, and docudramas including Elizabeth David, Daphne and The Tudors. He played the Chief Steward in the Christmas Doctor Who episode Voyage of the Damned[12] and was in the BBC drama Spooks Series 8.\n",
            "p2": "In 2011, Havill portrayed the Reverend Conrad Walker on ITV's Midsomer Murders (The Night of the Stag). In 2012, he played the Royal Equerry, Harry, in Sherlock (A Scandal in Belgravia), with WhatCulture's Christian Bone saying he was \"known for playing well-spoken upper-class types\" (27 July 2015).[13] His work of the 2010s includes playing Victor McKinley on the BBC's Father Brown, Edward Sidwell on The Coroner Series 1, episode 8 (Napoleon's Violin), and Gareth Anderson on Vera (Natural Selection) in 2017.\n",
            "p3": "Havill played factory owner, Douglas Broome in the 2021 series, The Nevers,[14] and Professor Lucius Stamfield in Endeavour the same year. In the fifth season of The Crown (2022), he played Robert Fellowes, the Queen's private secretary and brother-in-law of Princess Diana.\n"
        },
        {
            "header": "Film",
            "p0": "Havill made his film debut in 1995, portraying Galant on Michael Hoffman's Restoration. Following this, he played Algernon in Brian Gilbert's 1997 film Wilde and Piers in Clare Kilner's 1999 film Janice Beard.\n",
            "p1": "In the 2000s, Havill's film work included roles in Thaddeus O'Sullivan's 2002 period drama The Heart of Me, Douglas McGrath's 2002 period comedy-drama Nicholas Nickleby, Christine Jeffs' 2003 biographical drama Sylvia, and Sean Ellis' 2008 horror film The Broken as Doctor Myers.\n",
            "p2": "Beginning with The King's Speech in 2010, in which he portrayed the royal sound engineer Robert Wood, Havill has starred in a number of historical dramas in Britain and elsewhere. In 2011, he played the cabinet secretary to Meryl Streep's Margaret Thatcher in The Iron Lady; in 2012, he played Cameron, welcoming Olivia Colman's Queen Elizabeth the Queen Mother and Samuel West's King George VI to the United States in Hyde Park on Hudson; in 2014, he played Turing's professor in The Imitation Game; he portrayed the Archbishop of Canterbury in David Mich\u00f4d's 2019 film The King and the 6th Earl of Harewood, Henry Lascelles, in the 2019 Downtown Abbey film.[15] In Star Wars: The Rise of Skywalker of the same year, Havill played a First Order Officer warning Richard E. Grant's Allegiant General Pryde \"they\u2019re targeting the navigation tower, so the fleet can\u2019t deploy\". His work of the 2010s includes roles in The Awakening as George Vandermeer, Cloud Atlas as Mr. Hotchkiss, Dad's Army as Captain Meeks, My Cousin Rachel as Parson Pascoe, Gold as Sir James Benson, and Lyrebird as Maarten Wooning.\n",
            "p3": "Havill portrayed Sir Philip Hendy in Roger Michell's 2020 film The Duke, along with actors Jim Broadbent and Helen Mirren. In 2021, he played Enid Baines' father George in Censor, delivering \"sterling work\" as a \"button-down\" parent (Vincent Gaine; 6 October 2021).[16] He played General Reginald Dyer in Bollywood's Sardar Udham of the same year.\n"
        }
    ]
}