{
    "id": "nm0372279",
    "name": "Steve Healey",
    "career": [
        {
            "header": "empty",
            "p3": "Whilst at university, Healey had decided that the British Army would be his new career path.[3] Having recovered from his sporting injuries, he joined the Army in 2007.[4] Choosing the officer career path, he first attended the Royal Military Academy Sandhurst in Berkshire, England.[3] He chose to join the infantry for the challenge, and the Royal Welsh regiment specifically due to his Welsh origins.[4] Attached to the light infantry battalion the 1st Battalion (Royal Welch Fusiliers) of the Royal Welsh regiment (1 WELSH), Healey was based in his native Cardiff, in south Wales.[5]\n",
            "p4": "As part of the War in Afghanistan, OP Herrick 11, in 2009 the 1st Battalion was deployed to Helmand Province, which became Healey's first tour to the country.[5] The tour ran from December 2009 to April 2010, and latterly saw the battalion contribute to Operation Moshtarak.[13]\n",
            "p5": "In January 2010, while leading a vehicle convoy Healey survived a first improvised explosive device (IED) attack on his Mastiff PPV (Protected Patrol Vehicle).[4][5] According to Healey there were around 12 Mastiffs in the convoy moving through a sparse village area, with no outward signs an IED attack was imminent.[3] Healey was seated in the gun turret, with eight soldiers and an interpreter in the cabin below, when the IED exploded directly beneath the vehicle. While there were no resultant deaths, the force of the blast was sufficient to snap machine gun barrels, and rendered the vehicle beyond use.[4][5] Once the area was secured and the vehicle recovered, the platoon had the night off, before returning to patrols the next day.[3]\n",
            "p6": "Having returned from Afghanistan, in Summer 2010, Healey and another Lieutenant led a group of 26 soldiers of 1 WELSH on a 224 miles (360\u00a0km) charity run across Wales, starting in Chester on 22 June and finishing in Cardiff on 26 June, crossing the line on Armed Forces Day, which was being held in the city. It raised funds for the Army Benevolent Fund, the visually imparied soldiers charity St Dunstan's, and their colleagues injured in Afghanistan.[14][15]\n",
            "p7": "Healey received a Mention in Despatches, announced in the Operational Honours and Awards list of 24 September 2010.[16] This was for his outstanding leadership during one particular ambush during his first Afghan tour. While his unit were providing protection for a team clearing IEDs from a road, they came under significant enemy attack pinning some of his men down. He drew enemy fire three times in order to expose their positions, so that his unit could return accurate fire.[13]\n",
            "p8": "On his first tour of Afghanistan, Healey was a Lieutenant, serving as platoon commander of the battalion's B Company.[13] He was promoted to Captain following the tour.[5] Speaking in 2010, he stated he wanted a full career in the Army, intending to stay for at least 12 years.[3] He continued to play football, occasionally turning out for the full army team.[4] In Summer 2010, he joined the Swansea-based Welsh Football League Division One team Garden Village.[12]\n",
            "p9": "In February 2011 Healey trained with the battalion in Sennybridge Training Area in preparation for their tour to Kenya on exercise Askari Thunder.[5] The 1st Battalion redeployed to Afghanistan in early March 2012 on OP Herrick 16,[5] and it was during this mobilisation that Healey was killed.\n"
        }
    ]
}