{
    "id": "nm0341743",
    "name": "Richard Griffiths",
    "career": [
        {
            "header": "empty",
            "p11": "After graduating, Griffiths won a contract on BBC Radio with their Radio Drama Company.[9] He also worked in small theatres, sometimes acting and sometimes managing.[10] He built up an early reputation as a Shakespearean clown with portrayals of Pompey in Measure for Measure and Bottom in A Midsummer Night's Dream with the Royal Shakespeare Company and went on to play the Kings in Love's Labour's Lost and in Henry VIII.[3] He eventually settled in Manchester and began to get lead roles in plays.[3] From there, he began to appear on television and then got his big break in film in It Shouldn't Happen to a Vet (1976). By the early 1980s, he was selected for the lead role in Bird of Prey, an early computer-conspiracy thriller. His character Henry Jay was reprised in Bird of Prey 2 (1984).[11] In 1981, he also gave a memorable performance as Chilean secret police victim William Beausire in an edition of the BBC Prisoners of Conscience series.[12] Griffiths went on to supporting roles in a number of major films, including The French Lieutenant's Woman, Chariots of Fire and Gandhi.[13] On stage, in 1985\u20131986, he performed the role of Verdi in Julian Mitchell's After Aida, in Wales and at the Old Vic Theatre in London. He appeared in The World of Peter Rabbit and Friends.\n",
            "p12": "Griffiths' film roles were in both contemporary and period pieces, such as Gorky Park (1983), Withnail and I (1987), King Ralph (1991), The Naked Gun 2+1\u20442: The Smell of Fear (1991), Guarding Tess (1994) and Sleepy Hollow (1999).[14] Later, he was seen as Harry Potter's bitter uncle Vernon Dursley in the Harry Potter series, appearing in five of the eight films: Philosopher's Stone, Chamber of Secrets, Prisoner of Azkaban, Order of the Phoenix and Deathly Hallows \u2013 Part 1.[15]\n",
            "p13": "He appeared as Inspector Henry Crabbe, disillusioned policeman and pie chef extraordinaire, in Pie in the Sky,[11] a role which was created for him.[citation needed] He also made an extended appearance in the 2005 version of Charles Dickens' Bleak House.[16] In 2004, he originated the role of Hector (the teacher) in Alan Bennett's play The History Boys, directed by Nicholas Hytner, winning the 2005 Laurence Olivier Award for Best Actor.[3] During the play's United States run, he added a Drama Desk Award, an Outer Critics Circle Award and a Tony Award.[17][3][2] He reprised his role in the film version, which was released in October 2006.[18] In 2007 he starred in Ballet Shoes with his Harry Potter co-stars Emma Watson and Gemma Jones.\n",
            "p14": "Together with his Harry Potter co-star Daniel Radcliffe, he appeared in a stage revival of Peter Shaffer's Equus at the Gielgud Theatre in London and later from October 2008 in a short run of the play at the Broadhurst Theatre on Broadway, which ended in February 2009.[19][20] Later, in 2009, he replaced Michael Gambon as W. H. Auden prior to the premiere of The Habit of Art at the National Theatre, once again directed by Hytner.[21]\n",
            "p15": "Griffiths was considered for the part of The Doctor in Doctor Who, following Tom Baker's departure in 1981, but was unavailable. He was strongly considered once again to take on the role of the Eighth Doctor, had the series continued past 1989.[22] He performed in adaptations of the Hitchhiker's Guide to the Galaxy, providing the voice for Slartibartfast for the radio adaptation of Life, the Universe and Everything and playing the Vogon Jeltz in the film version of The Hitchhiker's Guide to the Galaxy.[23][24] He appeared in Bedtime Stories with Adam Sandler and as a special guest in A Muppets Christmas: Letters to Santa.[25][26]\n",
            "p16": "In 2005 he asked a member of the audience to leave a performance of Heroes after her phone rang three times.[27] This interruption of a performance because of audience distraction happened three times in his career.[28]\n",
            "p17": "Griffiths appeared as George II in Disney's Pirates of the Caribbean: On Stranger Tides.[29] He appeared in the first episode of the television series Episodes as Julian Bullard.[30] In April 2012, Griffiths starred, with Danny DeVito, in a revival of the Neil Simon play The Sunshine Boys. The show previewed at the Savoy Theatre from 27 April 2012, opening on 17 May and playing a limited 12-week season until 28 July.[31]\n"
        }
    ]
}