{
    "id": "nm0354937",
    "name": "Jennifer Hale",
    "career": [
        {
            "header": "empty",
            "p0": "Hale's first big break in acting was in 1988 for the made-for-television movie A Father's Homecoming,[8] which was an NBC movie of the week. She was also selected among a group of about six thousand girls in a nationwide search to be in several episodes of the Santa Barbara soap opera television series. After doing more regional work, she eventually moved to Los Angeles, where she took on sporadic guest roles typical for young actresses on shows such as Melrose Place, ER, and Charmed.[2] Her first major voice-over role in cartoons was the main character Ivy in Where on Earth Is Carmen Sandiego? which was based on the computer game series. As it was her first cartoon, she sought extra classes and training.[2][16] The show spanned multiple seasons until its final broadcast in 1999. Hale enjoyed the project and noted that it was one of the first network TV cartoons that met the educational requirements. Hale's next animation project was Skeleton Warriors where \"there were ten cast members, [two] of whom were girls, and we blew stuff up and cartoon maimed each other every week.\"[16]\n",
            "p1": "The development of a tie-in video game for Carmen Sandiego gave Hale the opportunity to do her first ever voice-over for a video game. She describes her time with the game as a \"really confusing experience\" as it required a lot more lines and time than the show did.[2][16] Her next major video game was with BioWare on their Baldur's Gate series on various roles, which would eventually lead to large roles in Mass Effect and other titles.[17][18] She has been involved in many other cartoons. In 1994, she was cast as Felicia Hardy/Black Cat in Spider-Man, the first in a long line of Marvel Comics characters she has voiced.[19] She plays Cinderella and Princess Aurora in various Disney projects, as well as voicing Dory from Finding Nemo throughout the Disney parks, filling in for Ellen DeGeneres. In 2003, Hale voiced Mrs. Little in the short-lived Stuart Little TV series.\n",
            "p2": "Hale has provided the voice of lead character Sam and rival character Mandy in the French- and Canadian-produced animated television series Totally Spies!. In a 2004 interview, she said \"I'm so happy that David (Michel, creator and producer), Jamie (Simone, voice director) and everyone gave me the opportunity to be part of the show, it's been one of my absolute favorite experiences.\" She describes Sam as \"smart and adventurous, but now you see more of her wacky side and her girly side as well,\" and Mandy as a \"total snot, which is fun too.\"[20] She voiced the two characters as well as others for the show's six seasons and its feature movie.[21]\n",
            "p3": "Hale voiced Bastila Shan in Star Wars: Knights of the Old Republic and returned for a brief appearance in the sequel Star Wars: Knights of the Old Republic II \u2013 The Sith Lords. She later voiced the female version of Jaden Korr in Star Wars: Jedi Knight: Jedi Academy.[22] In the BioWare MMOPRG Star Wars: The Old Republic, Hale voiced the Republic Trooper Female as well as the recurring NPC Jedi Grand Master Satele Shan. Hale interpreted the voices of Fall-From-Grace and Deionarra in the role-playing computer game Planescape: Torment. She is also known as the \"voice\" of Samus Aran in all three games in the Metroid Prime trilogy, providing grunts and screams as the player moves and takes damage. Hale is also known for playing several voices in the Metal Gear Solid series (Naomi Hunter in Metal Gear Solid and Metal Gear Solid 4: Guns of the Patriots, and Emma Emmerich in Metal Gear Solid 2: Sons of Liberty).[3]\n",
            "p4": "Hale was also the voice of Jean Grey in Wolverine and the X-Men and Marvel vs. Capcom 3: Fate of Two Worlds as well as a small role in Swat Kats. She also voiced British mercenary Jennifer Mui in Mercenaries: Playground of Destruction and Mercenaries 2: World in Flames. In 2011, she was the voice of Ms. Marvel (Carol Danvers) on Avengers: Earth's Mightiest Heroes. She provided the voice of Leah in Diablo III, and appeared as Rosalind Lutece in BioShock Infinite. Hale also played the role of Krem in BioWare's Dragon Age: Inquisition.[23]\n",
            "p5": "Hale was selected to voice Commander Shepard, the main player character in the Mass Effect series. She had said that she is very invested in helping to \"create\" the stories of video games, though she herself is not a gamer.[16][24] Although Hale does object to certain lines if they seem out-of-character in other works, she prefers not to mess with the words for Shepard and BioWare.[24] Although reports showed that only 18% of players chose to play as a female Shepard in Mass Effect 2,[25][26] vocal support for her character was high, leading to the fan-driven nickname \"FemShep\"[27] and an e-mail campaign to put her character on the cover of Mass Effect 3.[28] She was nominated for \"Best Performance by a Human Female\" at the 2010 Spike Video Game Awards,[29]  in 2012, she was nominated again for Mass Effect 3.[30]\n"
        }
    ]
}