{
    "id": "nm0384032",
    "name": "Amy Hill",
    "career": [
        {
            "header": "empty",
            "p19": "Hill first became noticed in the industry for her involvement on Margaret Cho's short-lived sitcom All-American Girl in the role of grandmother Yung-hee, better known as Grandma or Grandma Kim. Through the run of the show her character eventually became the show's breakout character and this was noted in the show's 2006 DVD release in an interview with Hill and former co-star Margaret Cho.\n",
            "p20": "Following the cancellation of All-American Girl she was cast in the role of Kay Ohara on Maybe This Time, which would eventually lead her to working and co-starring with TV legend Betty White and former All American Girl co-star Ashley Johnson.\n",
            "p21": "She starred in the films Max Keeble's Big Move, Big Fat Liar, The Cat in the Hat, Let's Go To Prison, Lilo & Stitch, and as Dr. Barrenbottom in 2013's Big Gay Love, but her most well-known film role was as Sue in the film 50 First Dates.\n",
            "p22": "She guest-starred on Night Court, Six Feet Under, Desperate Housewives, Two and a Half Men, King of the Hill, 3rd Rock from the Sun, The Sarah Silverman Program, and My Wife & Kids. She had recurring roles on TV shows as well, such as the lesbian daughter of D. L. Hughley's neighbor (played by Pat Morita) on The Hughleys, the upstairs neighbor of Monica and Rachel on Friends, Mrs. DePaulo on That's So Raven, Mama Tohru on Jackie Chan Adventures, Mrs. Hasagawa on Lilo & Stitch: The Series, Penny Candy on The Puzzle Place, Maureen Nervosa, the owner of Cafe Nervosa on Frasier, Mah Mah the adopted mother of Francine on American Dad!, Dr. Lauren Brown on General Hospital, and Suji on The Naked Truth. In the sixth-season finale of Seinfeld, she played the part of Frank Costanza's long-lost girlfriend during his Korean War service. She played Pang Bing, the final antagonist of the series finale of Kung Fu Panda: Legends of Awesomeness.\n",
            "p23": "She had regular roles on Strip Mall and as \"Ah-Mah\" Jasmine Lee on The Life and Times of Juniper Lee. Hill has recurring roles as Beverley on Mom and Ms. Mannering on Preacher.\n"
        }
    ]
}