{
    "id": "nm0396812",
    "name": "Danny Huston",
    "career": [
        {
            "header": "empty",
            "p17": "Huston made his acting debut at the age of 12 in the George Kennedy-starring thriller film The \"Human\" Factor (1975).\n",
            "p18": "In 1988, Huston directed Mr. North, which was an adaptation of Thornton Wilder's Theophilus North. The film was produced by his father, who died before its completion.[18][19] In 1995, Huston played Bartender #2 in Leaving Las Vegas and directed the film The Maddening.[20][21]\n",
            "p19": "Huston was nominated for Best Male Performance at the Independent Spirit Awards in 2003 for his performance in the independent film Ivans Xtc.[1]\n",
            "p20": "Huston appeared in Martin Scorsese's The Aviator. The ensemble cast was nominated for a 2004 SAG Award.[2] In 2006, Huston received the Golden Satellite Award for Best Supporting Actor for his performance as Sandy Woodrow in Fernando Meirelles' The Constant Gardener.[22] Huston starred in the Australian western The Proposition.[23]\n",
            "p21": "Huston starred in Alpha Male and Oliver Parker's Fade to Black, in which he played Orson Welles.[24][25] He starred in The Kreutzer Sonata, which premiered at the 2008 Edinburgh International Film Festival.[26]\n",
            "p22": "His other film credits include Birth, Silver City, Marie Antoinette, The Number 23, The Kingdom, How to Lose Friends & Alienate People, and 30 Days of Night. He portrayed Samuel Adams in the award-winning HBO miniseries John Adams and Colonel William Stryker in X-Men Origins: Wolverine, a prequel to the original trilogy of X-Men films.[27]\n",
            "p23": "Huston has been featured in Boogie Woogie, The Warrior's Way, Edge of Darkness, Clash of the Titans, Robin Hood, You Don't Know Jack, and Medallion.[27]\n",
            "p24": "Huston played gangster Ben \"The Butcher\" Diamond on Mitch Glazer's Magic City, for which was nominated for the Golden Globe Award for Best Supporting Actor \u2013 Series, Miniseries or Television Film in 2013.[28] He portrayed The Axeman in the FX thriller series American Horror Story: Coven and Massimo Dolcefino in American Horror Story: Freak Show.[11] Huston starred as General Erich Ludendorff in the 2017 film Wonder Woman and as Wade Jennings in Angel Has Fallen.[9][10]\n"
        }
    ]
}