{
    "id": "nm0355097",
    "name": "Jackie Earle Haley",
    "career": [
        {
            "header": "empty",
            "p4": "Haley has appeared in numerous films, including Damnation Alley, John Schlesinger's The Day of the Locust, and Losin' It, as well as guest roles on TV. A well-known child actor, he starred as Kelly Leak in the comedy The Bad News Bears, as well as the sequels The Bad News Bears in Breaking Training and The Bad News Bears Go to Japan.\n",
            "p5": "He played Moocher in Peter Yates's acclaimed 1979 film Breaking Away and later in the short-lived TV series of the same name. Throughout the 1970s, he often played a tough, angry, pimply, long-haired misfit; although in his feature debut, the offbeat 1972 film, The Outside Man, he played Eric, a boy apparently so desperately lonely that he tries to impress the mob assassin holding him and his mother (Georgia Engel) hostage. Haley also shot a pilot for an American version of the popular British comedy The Young Ones titled Oh, No! Not THEM!. In 1974 he played Norm a misfit kid in the 12th episode of the Saturday morning children's show, Shazam! [12]\n",
            "p6": "Haley's acting career went dormant during most of the 1990s and early 2000s, when he moved to San Antonio, and eventually turned to directing,[13] finding success as a producer and director of television commercials.[14]\n",
            "p7": "With the recommendation of Sean Penn, Haley returned to acting in 2006, first appearing in Steven Zaillian's  All the King's Men alongside Penn as Sugar Boy, his bodyguard, before giving a critically acclaimed performance as a recently paroled sex offender in Todd Field's Little Children. He stated that his preparation for the role was greatly influenced by the relationship shared between his mother and his brother True, who battled a heroin addiction before he died of an overdose.[15]  Haley was nominated for an Academy Award for Best Supporting Actor for this portrayal and in 2007 was invited to join the Academy of Motion Picture Arts and Sciences.[16]\n",
            "p8": "Haley owns a production company, JEH Productions, in San Antonio. In 2008, he appeared in Semi-Pro and starred in Winged Creatures with Kate Beckinsale, Guy Pearce and Dakota Fanning.[17] He also stars in Zack Snyder's 2009 adaptation of the Alan Moore graphic novel, Watchmen, as Rorschach, a masked vigilante working to find the identity of a costumed hero killer, a role which earned Haley praise from many reviewers.[18] The film also reunited him with Little Children co-star Patrick Wilson who played Nite Owl II, former partner of Rorschach. Also in 2010, Haley appeared in Shutter Island, directed by Martin Scorsese,[19] playing a patient of a hospital for the criminally insane.\n",
            "p9": "In 2010, Haley played the role of Freddy Krueger in the A Nightmare on Elm Street remake.[20][21] He had signed on to play the role in a sequel which was not produced.[22]\n",
            "p10": "Haley has dismissed rumors that he accompanied Johnny Depp to auditions for Wes Craven's original A Nightmare on Elm Street (1984) to audition for the role Depp was eventually cast in.[23] Haley had originally auditioned for the role of the film's antagonist, Freddy Krueger, but ended up losing out to Robert Englund for the 1984 version of the film.[2][unreliable source?]\n",
            "p11": "Haley was a series regular on Human Target as Guerrero, an ally of the main character, Christopher Chance. The series premiered on January 17, 2010, on Fox,[24][25] and lasted for two seasons before being cancelled in May 2011.\n",
            "p12": "He played Willie Loomis in the 2012 film adaptation of Dark Shadows, directed by Tim Burton, and played Confederate States Vice President Alexander H. Stephens in Lincoln, directed by Steven Spielberg.[26] He played the supervillain \"The Terror\" in Amazon's re-boot of The Tick.[27]\n"
        }
    ]
}