{
    "id": "nm0434444",
    "name": "Hakeem Kae-Kazim",
    "career": [
        {
            "header": "empty",
            "p2": "After working alongside Brian Cox and Ian McKellen for The Royal National Theatre, Kae-Kazim made a successful transition into British television, appearing in The Bill, Trial & Retribution and multiple episodes of popular BBC series Grange Hill.[4] He then moved to South Africa, where he became well known for film and television roles.[4] However, it was his role as Georges Rutaganda in the critically acclaimed and Oscar nominated film Hotel Rwanda, which brought him to international attention.[7]\n",
            "p3": "Following the success of Hotel Rwanda, Kae-Kazim re-located to Los Angeles, which brought a range of new opportunities his way. He went on to appear in Slipstream alongside Sean Astin and The Front Line before starring in the hugely successful Pirates of the Caribbean: At World's End as Captain Jocard. He followed it with a role in the blockbuster, X-Men Origins: Wolverine.[7]\n",
            "p4": "Kae-Kazim appeared in various hit television shows including Lost, Law & Order: Special Victims Unit and Criminal Minds.[4] He also starred as Colonel Ik\u00e9 Dubaku in season 7 of the Fox television series 24 and the television movie tie-in 24: Redemption. Kae-Kazim continued to build up a following with roles in Gotham and Dominion, although his longest running role has been in the Michael Bay produced Starz series, Black Sails. Speaking about his character, Mr Scott, Kae-Kazim claimed to have based him on pirate of the time, Black Caesar.[5] He played Samson in part one of the 2016 miniseries remake Roots.[8] In November 2017, Kae-Kazim was cast in the recurring role of Cesil Colby on The CW reboot series Dynasty.[9]\n",
            "p5": "Kae-Kazim is currently starring in the BBC fantasy series Troy: Fall of a City as Zeus, king of the Olympians.\n"
        }
    ]
}