{
    "id": "nm0419005",
    "name": "Joris Jarsky",
    "career": [
        {
            "header": "empty",
            "p5": "After graduating the National Theatre School in 1999, he was cast in the play The Awakening and received a Dora Award nomination for 'Outstanding Performance by a Male'.[3]\nJarsky was also nominated for a 2009 Actra Award (Best performance by a Male) for his role as a troubled young man in \"Toronto Stories\" .\n",
            "p6": "In 2008 three different films in which he appeared, Toronto Stories, The Green Door, and Blindness all screened at the 2008 Toronto International Film Festival.[3]  He had lead roles in Toronto Stories and The Green Door.[4]\n"
        }
    ]
}