{
    "id": "nm0446465",
    "name": "Jean Louisa Kelly",
    "career": [
        {
            "header": "empty",
            "p8": "Before attending college, she already had roles in the original Broadway cast of Sondheim's Into the Woods[2] (as Snow White and understudy to Rapunzel and Little Red Ridinghood) and as Tia Russell in the film Uncle Buck with John Candy.  She also took roles in college productions, including with the Barnard College Gilbert and Sullivan Society.[3]\n",
            "p9": "In the mid-1990s, after graduating from Columbia University, Kelly became well known  for a series of television commercials she did for MCI long distance,[2] in which she played a telephone operator who challenged AT&T. In 1995, she starred as Luisa in the musical film The Fantasticks with Joey McIntyre and Joel Grey, although the film was shelved until 2000. The same year, she appeared as Rowena Morgan, the muse for the title character of Mr. Holland's Opus.  In the 1990s, other films followed, including \u201cOrigin of the Species,\u201d \u201cThe Day Lincoln was Shot\u201d and  Landfall (2001).  Kelly appeared Off Broadway at the York Theatre in the title role in Paul McKibbins and B.T. McNicholl's The It Girl, based on the 1927 movie It. She also appeared in the York's \"Musicals in Mufti\" series as Lois Lane in It's a Bird, It's a Plane, It's Superman.\n",
            "p10": "In 1996, Kelly voiced the title role in the second season of the animated series Princess Gwenevere and the Jewel Riders. After several made-for-TV movies, Kelly's broadest exposure came from her roles in situation comedies, first guest starring in such shows as Mad About You, and then as a cast member of the short-lived NBC version of Cold Feet. From 2000 to 2006, she starred as Kim Warner on the long-running sitcom Yes, Dear. In 2006 she guest starred in the ABC drama Grey's Anatomy. After her series ended, she guest starred on numerous television shows and starred in movies of the week. She recurred as Bernice Pope in the Yahoo production of Sin City Saints.\n",
            "p11": "She played opposite William Fichtner in the movie \u201cThe Neighbor\u201d and opposite John Diehl in \u201cOut of the Wild\u201d in 2015. In 2019 she played opposite Bradley Whitford in \u201cCall of the Wild,\u201d and played Jane Doe/Serena May in the James Wan movie \u201cMalignant.\u201d\n",
            "p12": "[4]\n",
            "p13": "She released an album of children's music called Color of Your Heart in 2013.[5][6]  In 2015, she released a five-song EP called Willing,[7] and in 2017 she released an album titled \"For My Folks\", which features a collection of standards.[8]\n",
            "p14": "Kelly appears as Sarah Kazansky - wife of Val Kilmer's character Tom \"Iceman\" Kazansky - in the 2022 action drama movie Top Gun: Maverick.[9]\n"
        }
    ]
}