{
    "id": "nm0424167",
    "name": "Gottfried John",
    "career": [
        {
            "header": "empty",
            "p4": "During the 1970s and early 1980s, John was cast by director Rainer Werner Fassbinder in several of his projects, in particular as Reinhold in the Berlin Alexanderplatz (1980) mini-series.[citation needed]\n",
            "p5": "He was internationally known for his portrayal of General Arkady Ourumov in the James Bond film GoldenEye and Julius Caesar in Asterix and Obelix take on Caesar.[citation needed]\n"
        }
    ]
}