{
    "id": "nm0590342",
    "name": "Gordon Milne",
    "career": [
        {
            "header": "empty",
            "p5": "Milne turned to management and coaching with Wigan Athletic as player-manager in January 1970.[3] He managed Wigan from 1970 to 1972, making 73 Northern Premier League appearances for the club,[4] and guided them to a league title and an FA Cup run, which ended with a narrow defeat to Manchester City at Maine Road.\n",
            "p6": "Milne also became the part-time manager of the England Youth team in 1972, helping them to win the European Youth Championship that year.\n",
            "p7": "Milne joined Joe Mercer at Coventry City as team manager in June 1972, taking full control in 1974, upon Mercer's elevation to the Board.[5] He was shortlisted for the England management role following the departure of Sir Alf Ramsey, but was overlooked in favour of Don Revie. He continued at Coventry until 1981, producing several exciting teams and securing the club's First Division status. The 1977\u201378 season saw Coventry's most exciting top-flight team. Gordon Milne settled on an attacking 4\u20132\u20134 formation. A side containing Tommy Hutchison, Mick Ferguson, Ian Wallace, Terry Yorath, Graham Oakey, Bobby MacDonald and Jim Blyth played attacking football that swept many teams aside, often by large margins of victory.\n",
            "p8": "Milne became boss at Leicester City in August 1982, winning promotion in 1982\u201383 and staying until 1986.[6] He managed Be\u015fikta\u015f in Turkey for seven years(1987\u20131994) (where he won three successive titles, during the early 1990s).[7] He has succeeded in creating one of the most successful periods in the history of Be\u015fikta\u015f J.K. and is still a legend for the Be\u015fikta\u015f fans. He also managed Nagoya Grampus Eight in Japan before returning to Turkey to take charge of Bursaspor (1996\u20131997) and then Trabzonspor (1998\u20131999).\n",
            "p9": "Milne then accepted the role of Director of Football at Newcastle United, and worked alongside manager Bobby Robson between 1999 and 2004.\n",
            "p10": "After a spell as chief executive of the League Managers Association, Milne was employed as Director of Football at Be\u015fikta\u015f JK Istanbul, Turkey in 2006.[8]\n"
        }
    ]
}