{
    "id": "nm0519023",
    "name": "Jodi Long",
    "career": [
        {
            "header": "empty",
            "p4": "Long had roles in many feature films including Patty Hearst, RoboCop 3, Striking Distance, The Hot Chick, and Shang-Chi and the Legend of the Ten Rings. On television she appeared as a regular on such series as Cafe Americain, All-American Girl[3] and Miss Match, all of which were short-lived. She played a therapist in Desperate Housewives, a \"power lesbian\" Patty in Sex and the City and a bar owner in Sullivan and Son.[4]\n",
            "p5": "Partway through the color music video clip of the 1986 song \"Bizarre Love Triangle\" by the English rock band New Order, Long makes a cameo appearance arguing with E. Max Frye about reincarnation.\n",
            "p6": "On stage, she appeared in the 2002 Broadway revival of Flower Drum Song, winning an Ovation Award for her performance during the Los Angeles tryout. Her parents, both of whom were vaudeville-style performers, appeared on The Ed Sullivan Show on May 7, 1950 as the singing, dancing, comedy act, Larry and Trudie Leung. They were the subjects of a documentary film, Long Story Short, which was directed by Christine Choy, an Academy Award-nominated director and written by Long.[3] The documentary won the 2008 Los Angeles Asian Pacific Film Festival's Grand Jury's Honorable Mention for a Documentary Award as well as the Audience Award. She was recently starring as Korean American mother Ok Cha in Sullivan & Son which was cancelled on November 20, 2014, by TBS.[3]\n"
        }
    ]
}