{
    "id": "nm0597235",
    "name": "Robert Moloney",
    "career": [
        {
            "header": "empty",
            "p12": "Moloney was trained at the Langara College in Vancouver, where he took the theatre Arts program Studio 58.[1] In 1995 he made his first TV appearance as Kevin McSwain in Highlander.[2] In 2001 he appeared as Borren in Stargate SG-1, in 2008 as Koracen in Stargate: Atlantis.[3] In 2007 he got Leo Award as Best Lead Performance by a Male in a Feature Length Drama for playing Lou Boyd in Christmas on Chestnut Street.[4] In K-9 Moloney played the main character Professor Alistair Gryffen.[5] In 2012 Moloney appeared as David in Random Acts of Romance.[6] Next to his appearances in film and television, Robert Moloney also appears on theatre. For his role in the play Clybourne Park Robert Moloney got the Jessie Richardson Theatre Award as best supporting actor.[7] He also appeared as Astrov in Uncle Vanya.[8] Furthermore he played the radio host Tommy Bane in Except in the Unlikely Event of War.[9] Known to cut his own hair with a Flowbee vacuum hair trimming device.\n"
        }
    ]
}