{
    "id": "nm0565569",
    "name": "Stephen McHattie",
    "career": [
        {
            "header": "empty",
            "p19": "McHattie was born in Antigonish, Nova Scotia, on February 3, 1946 (the year of his birth has also been cited as 1945, 1947, and 1948). An alumnus of the American Academy of Dramatic Arts, he has appeared in many films and television shows including Star Trek: Deep Space Nine, Star Trek: Enterprise, Highlander: The Series, and American Playhouse's Life Under Water (1989). His roles include  300, A History of Violence, The Fountain, Secretary, Shoot 'Em Up, Life with Billy, One Dead Indian, Beverly Hills Cop III. In Canada, he appeared in Canada: A People's History as Canadian hero Major-General Sir Isaac Brock, and in The Rocket  as coach Dick Irvin.[3]\n",
            "p20": "He portrayed an extraordinary USMC sniper (based on real life sniper Carlos Hathcock) in the JAG season one episode \"High Ground\". In 1976, he played iconic American actor James Dean in the television movie James Dean, a television adaptation of the biography written by James Dean's friend and writer Bill Bast.[3] McHattie appeared in several mini-series, including Centennial and Roughnecks.[3]\n",
            "p21": "McHattie appeared in several episodes of Seinfeld (beginning with \"The Pitch\") as Dr. Reston, Elaine Benes's manipulative psychiatrist boyfriend; he also appeared in two episodes of The X-Files. From 1998 to 2000, he had a recurring role in the Canadian-made TV series Emily of New Moon, based upon the 1923 novel by Lucy Maud Montgomery. From 1999 to 2001, he portrayed Sgt. Frank Coscarella in the Canadian police procedural drama, Cold Squad. Since 2005, he has appeared as Captain Healy, Massachusetts State Police Homicide Division Commander, in the first eight of the Jesse Stone series TV movies, which are based on the novels of Robert B. Parker. He did not appear in the ninth instalment however.[3] He appeared in the pilot of Sabbatical, voiced the villain The Shade in Justice League, and portrayed Hollis Mason, the first Nite Owl, in the film adaptation of Watchmen.[4]\n",
            "p22": "McHattie had a memorable and well-received[5] appearance in the acclaimed sixth-season episode \"In the Pale Moonlight\"\nof Star Trek: Deep Space Nine, as the acerbic and skeptical Romulan Senator Vreenak who is the target of a Federation false flag operation to deceive the neutral Romulan Empire into declaring war on the Dominion. The episode has often been cited as one of the best episodes of Star Trek ever produced,[6][7][8] and McHattie's outraged, hissing reading of the line \"It\u2019s a Fake!,\" upon the discovery of a forged data rod, has been ranked amongst the greatest moments in Star Trek[9] and spawned a popular and enduring online meme.[10]\n",
            "p23": "In 2009, McHattie appeared in the Canadian IFC film Pontypool and in the Canadian thriller Summer's Blood as Gant Hoxey, alongside Twilight actress Ashley Greene, who portrays Summer. He co-starred with Felicia Day and Kavan Smith in the Gothic adaptation of Red Riding Hood, Red: Werewolf Hunter.[11] In 2015, he appeared in the supernatural thriller Pay the Ghost.[3]\n"
        }
    ]
}