{
    "id": "nm0526019",
    "name": "Diego Luna",
    "career": [
        {
            "header": "Acting",
            "p0": "Luna acted in his first play at age seven. As a child actor, he appeared in several telenovelas and films.[10] In 1992, he had arcs on Televisa's El abuelo y yo and \u00c1ngeles sin para\u00edso. As a teenager, Luna was part of the main casts of El premio mayor (1995\u20131996) and La vida en el espejo (1999\u20132000), playing the main characters' son;[11][12] he also starred in the films Un hilito de sangre (A Trickle of Blood; 1995), El cometa (The Comet; 1999), and Un dulce olor a muerte (A Sweet Scent of Death; 1995), all which made him a teen star.[13] He had small roles in the films Todo el poder (Gimme the Power; 2000) and Before Night Falls (2000), Luna's first international film.\n",
            "p1": "Luna starred as Tenoch Iturbide alongside Gael Garc\u00eda Bernal in Y tu mam\u00e1 tambi\u00e9n (2001), a Mexican road trip film directed by Alfonso Cuar\u00f3n.[10] A critical and box office success, the role brought him international stardom.[10] The film was the beginning series of high-profile collaborations with childhood friend Garc\u00eda Bernal,[9] with whom he would costar in several films and go on to establish Canana Films. For these roles and others, the two are considered to be faces of the Nuevo Cine Mexicano film movement.[14]\n",
            "p2": "In the following two years, Luna acted in Mexican films along with English-language productions like the miniseries Fidel, Vampires: Los Muertos, the Kevin Costner western Open Range, and the Academy Award-winning Frida. He starred in the 2003 film Nicotina, which was critically and commercially succesful in Mexico. 2004 was a significant year for Luna as he starred in Steven Spielberg's The Terminal alongside Tom Hanks, the Dirty Dancing: Havana Nights (a Cuban-based reimagining of Dirty Dancing), and the indie crime film Criminal opposite John C. Reilly. He subsequently had starring roles in the films Fade to Black (2006) and Harmony Korine's Mister Lonely (2007), and also appeared in the critically acclaimed biopic Milk (2008). In Spanish-language film, he starred in S\u00f3lo Dios sabe opposite Alice Braga (Only God Knows; 2006), crime thriller Solo quiero caminar (Walking Vengeance; 2008)\u2014for which he was nominated for a Goya Award\u2014and the soccer comedy Rudo y Cursi (2008), one of the highest grossing Mexican films of all time.  \n",
            "p3": "\nIn the early 2010s, Luna co-starred in the Will Ferrell Spanish-language comedy Casa de mi Padre (2012) and appeared in the action films Contraband and Elysium.[15] He appeared opposite Katy Perry in her music video for \"The One That Got Away;\" as of 2022, the music video has nearly 1 billion views on YouTube.[16] He starred in the animated musical comedy The Book of Life (2014) whose soundtrack charted in numerous countries. In 2015, the pilot episode of the Amazon Studios series Casanova, in which Luna stars as Giacomo Casanova.[17][18] The show was not picked up to series.",
            "p4": "In August 2015, it was announced that Luna was part of the cast of what was then known as Star Wars: Rogue One.[19] Rogue One: A Star Wars Story premiered in 2016, and his portrayal of portrayed Cassian Andor,[20] a captain and intelligence officer of the Rebel Alliance, brought him international attention. He reprised the role in Andor (2022\u2013present), the Disney+ series centered around the character. The show was originally announced in 2018 but production was delayed until November 2020 by the development process and the COVID-19 pandemic.[21] A second and final season began production in Fall 2022 and is expected to wrap in August 2023; the season will be released in 2024.[22][23] Luna is an executive producer of the series.[24]\n",
            "p5": "In 2017, it was announced that he would star in a Scarface remake;[25] however, the film went through multiple rewrites and directorial changes in the following years, losing Luna as the lead in the process.[26]\n",
            "p6": "Luna starred as Mexican drug cartel leader Miguel \u00c1ngel F\u00e9lix Gallardo in the Netflix series Narcos: Mexico,[27] which premiered in November 2018.[28] He appeared in the first two seasons of the show. Film roles around this time included ensemble roles in the auteur films If Beale Street Could Talk (2018) and A Rainy Day in New York (2019), and a starring role in the 2020 indie drama Wander Darkly. Luna had a number of voice acting roles in children's animation, including the 2022 box office hit DC League of Super-Pets; notably, he is part of every installment of Guillermo del Toro's Tales of Arcadia television franchise: Trollhunters (2016), 3Below (2018), Wizards (2020) and the film Trollhunters: Rise of the Titans (2021).\n"
        },
        {
            "header": "Producing and directing",
            "p0": "With frequent collaborator Gael Garc\u00eda Bernal and producer Pablo Cruz, Luna created the production company Canana Films in 2005.[29][30] Together, they have produced dozens of Mexican film and television productions. Notably, they executive produced the 2009 Cary Fukunaga film Sin nombre, which was honored by the Sundance Film Festival and Independent Spirit Awards, the 2011 thriller Miss Bala which was submitted as Mexico\u2019s foreign-language Oscar submission,[31] and the 2015 drama The Chosen Ones. In 2015, Luna and Cruz launched the branded entertainment studio Gloria for Latin American talent.[32]\n",
            "p1": "Luna and Garc\u00eda Bernal departed Canana in 2018, subsequently founding a new production company, La Corriente del Golfo.[33] In October 2019, it was announced that Luna and Garc\u00eda Bernal were joining the Creative Advisory Board for the TV and film development company EXILE Content.[34] In 2020, they signed a first-look deal with Amazon Studios.[35]\n",
            "p2": "In 2007, Luna directed his first film, a documentary about Mexican boxer Julio C\u00e9sar Ch\u00e1vez.[36][37] His first feature film, the dramedy Abel, premiered at the 2010 Sundance Film Festival and received positive reviews.[38][39]\n",
            "p3": "In 2012, Luna directed the biopic Cesar Ch\u00e1vez; the film starred Michael Pe\u00f1a as Cesar Ch\u00e1vez, the founder of the United Farm Workers, America Ferrera, and Rosario Dawson.[40] The film premiered at the 64th Berlin International Film Festival and was awarded an Audience Award for Narrative Feature at the 2014 SXSW Film Festival.[41] The film received mixed reviews.[42] The following year, he created and directed the docu-series Back Home, which follows celebrity guests on a journey to their family homelands.[43][44] The show was broadcast on Fusion TV. \n",
            "p4": "His next feature film was Mr. Pig, also known as Sr. Pig, which premiered at the 2016 Sundance Film Festival. The film stars Danny Glover and Maya Rudolph whose characters travel on a road trip through Mexico.[45]\n",
            "p5": "It was announced in 2019 that Luna and Garc\u00eda Bernal would executive produce an epic miniseries Cortes for Amazon starring Javier Bardem as conquistador Hern\u00e1n Cort\u00e9s, then described as \"the largest Spanish-language production of all time.\"[46] Two weeks into production in 2020, the production was canceled due to the COVID-19 pandemic.[47]\n",
            "p6": "\nIn 2020, Luna created the Amazon Prime Video talk show Pan y Circo, which he produced, directed, and hosts; the following year, he received a Daytime Emmy Award for Outstanding Daytime Talent in a Spanish Language Program.[48] He created his first scripted television series, the satirical drama Everything Will Be Fine\u00a0[es], which was released on Netflix in 2021. Luna is also an executive producer of his series Andor which premiered in 2022."
        },
        {
            "header": "Other work",
            "p0": "Luna, Garc\u00eda Bernal, and Elena Fortes co-founded Ambulante, also known as the Ambulante Documentary Film Festival, an organization and film festival whose mission is for documentary films to be used as tools for transformation.[49][50] The organization received the prestigious Washington Office on Latin America's Human Rights Award in 2011.[51][better\u00a0source\u00a0needed] In January 2015, Luna narrated a video of theirs about the obstacles faced by children migrating from their home countries and seeking refuge in the U.S.[52][better\u00a0source\u00a0needed]\n",
            "p1": "Luna was a repeat host of the 2000s-era MTV Video Music Awards Latinoam\u00e9rica, hosting in 2002, 2003, and 2007; he presented an award at the 2006 ceremony. In 2004, he co-hosted the 18th Goya Awards with Cayetana Guill\u00e9n Cuervo.[53] He has also presented at the 2005 MTV Europe Music Awards, Premio Lo Nuestro 2014, 2014 MTV Fandom Awards, 74th Golden Globe Awards, 2018 MTV Europe Music Awards, 91st Academy Awards, and 74th Primetime Emmy Awards. \n",
            "p2": "Luna was a jury member at the 2008 Sundance Film Festival. He was a member of the 2016 jury for the Un Certain Regard section of the Cannes Film Festival.[54] In 2017, he was part of the International Jury at the 67th Berlin International Film Festival.[55]\n"
        }
    ]
}