{
    "id": "nm0534822",
    "name": "Hemky Madera",
    "career": [
        {
            "header": "empty",
            "p1": "Madera was born in Queens, to Luis and Gisela Madera. He was born prematurely when his mother came to visit relatives in New York, and his family then moved him back to Santiago, Dominican Republic. After college, he decided to act full-time and moved to New York City where he worked on the production of The Bookie's Lament (2000) with Gabriel Macht, but later returned to the Dominican Republic, where he starred in the mini-series Asalto en la Lincoln as well as in the sitcoms Ciudad Nueva and Los Electrolocos, in which he took the lead.[1]\n",
            "p2": "After returning to the United States, he has appeared in the feature films Dreaming of Julia (2003) with Harvey Keitel and Gael Garc\u00eda Bernal, in The Lost City (2005) with Andy Garc\u00eda, Dustin Hoffman, and Bill Murray, in The Wrath of Cain (2010) with Ving Rhames and Robert Patrick as well as doing voice work in Rango (2011) alongside Johnny Depp amongst others.[1]\n",
            "p3": "On stage, he first appeared in Pantallas at Santo Domingo's Great National Theater. In the United States he has appeared in Inverse Theater's production of Icarus and Aria and the New York Spanish Repertoire's production of Feast of the Goat as well as assorted other stage productions, i.e. Life is a Dream, The Mistress of the Inn, Chronicles of a Death Foretold, Blood Weddings, Midnight Brainwash Revival, Burning the Bridges, and Belisa's Capriciousness.\n",
            "p4": "On television, he has appeared in single episodes of hit television series Law & Order: Criminal Intent, The Shield, Brothers & Sisters, My Name Is Earl, and The Good Guys as well as 17 episodes of Weeds as Mexican drug cartel criminal Ignacio, his best-known role. He also has a recurring role as a retired baseball player on the IFC TV series Brockmire.\n",
            "p5": "He starred as Pote G\u00e1lvez in the USA Network television series Queen of the South.[2] He was originally asked to audition for the role of the father but he knew that he was too young for the part. \"But I said, 'Let me just do my best, and see what happens.'\u201d A few days later, they called him in to audition for the role of Pote.[3]\n",
            "p6": "He had a minor role in Spider-Man: Homecoming, which Madera has stated was one of his favorite roles.[4]\n"
        }
    ]
}