{
    "id": "nm0555146",
    "name": "Joaqu\u00edn Mart\u00ednez",
    "career": [
        {
            "header": "empty",
            "p5": "His professional breakthrough came in the 1967 Mexican dramatic film, Pedro P\u00e1ramo, which was directed by Carlos Velo and premiered at the Cannes Film Festival that same year.[1] He moved to Los Angeles, California, shortly after making Pedro P\u00e1ramo, where he worked as a professional film, television and stage actor for more than thirty years.[1]\n",
            "p6": "In Jeremiah Johnson, which was set in the American West shortly after the Mexican American War, Mart\u00ednez's and Robert Redford's characters come into conflict, but come to an understanding and peace in the film's silent, unspoken finale.[2] In addition to Jeremiah Johnson and Ulzana's Raid, both released in 1972, Mart\u00ednez was cast opposite Anthony Quinn and Kevin Costner in the 1990 movie, Revenge, as well as the 1993 film, The House of the Spirits.[1] Mart\u00ednez's appearance in Revenge reportedly fulfilled a longtime dream to work with Anthony Quinn, who was also originally from Mexico.[2]\n",
            "p7": "Film director Lee Tamahori specifically cast Mart\u00ednez in the James Bond film, Die Another Day, due to his performance in the Ulzana's Raid.[1] Mart\u00ednez was cast by Tamahori in 2001 and Die Another Day was released in 2002.[1]\n",
            "p8": "Mart\u00ednez often appeared in western films, television, and miniseries, such as Stones for Ibarra, Centennial, How the West Was Won, and Ishi: The Last of His Tribe in 1978.[1] He guest-starred in Death Valley Days, Gunsmoke, Bonanza, and The High Chaparral.[1] Mart\u00ednez's guest roles in non-western series included Quincy, M.E., Northern Exposure, L.A. Law, Marcus Welby, M.D., Dynasty, Ironside, and opposite Bill Cosby in The Bill Cosby Show.[1][2]\n",
            "p9": "On stage, Mart\u00ednez was an original cast member for Zoot Suit, which broke sales records for live theater when it opened in Los Angeles in July 1978.[1][2] In 1988, he co-starred in Summer and Smoke with Christine Lahti and Christopher Reeve at the Ahmanson Theatre in Los Angeles.[1][2]\n",
            "p10": "Mart\u00ednez's last film was Castingx, a 2005 Dutch movie directed by Ad Bol.[2]\n"
        }
    ]
}