{
    "id": "nm0564768",
    "name": "Rick McCallum",
    "career": [
        {
            "header": "empty",
            "p3": "After leaving Lucasfilm, McCallum settled in Prague in the Czech Republic.[10] His Prague-based company, Film United, develops film projects and provides production services for Czech and European feature films.[11][12] Films that McCallum is developing include R'ha, a science fiction feature film based on an earlier short film, to be directed by Kaleb Lechowski and written by Matthew Graham;[11] In the Fog, a World War II film by Ukrainian director Sergei Loznitsa;[13] So Far So Good (Zat\u00edm dobr\u00fd), based on the novel by Jan Nov\u00e1k about the Ma\u0161\u00edn brothers;[10][14] and (as executive producer) A Long Way Home, directed by Paki Smith and written by Alex Rose.[15]\n"
        }
    ]
}