{
    "id": "nm0565250",
    "name": "Melissa McCarthy",
    "career": [
        {
            "header": "1997\u20132010: Early work, Gilmore Girls and Samantha Who?",
            "p0": "McCarthy made her first television appearance in an episode of the NBC comedy series Jenny, opposite her cousin Jenny McCarthy. She made her feature film debut in a minor role in the 1999 comedy Go, and later had roles in the movies Drowning Mona, Disney's The Kid, Charlie's Angels, Charlie's Angels: Full Throttle, The Third Wheel and The Life of David Gale. She also worked in three episodes of Kim Possible, voicing DNAmy.[19] In 2000, McCarthy was cast as Sookie St.\u00a0James, the upbeat and klutzy best friend of Lorelai Gilmore, on The\u00a0WB television series Gilmore Girls. Throughout the series, Sookie is Lorelai's business partner and cheerleader.[20] On April 7, 2016, McCarthy announced on The Ellen DeGeneres Show that she would be returning for the show's revival, Gilmore Girls: A Year in the Life, on Netflix.[21] The latter was released November 25, 2016 and McCarthy appeared in one of its four episodes.\n",
            "p1": "In 2007, she starred opposite Ryan Reynolds in the science fantasy psychological thriller The Nines, written and directed by John August. She later starred in the independent comedies The Captain, Just Add Water, and Pretty Ugly People.[22] Also in 2007, McCarthy starred as Dena Stevens on the ABC sitcom Samantha Who?.[23] McCarthy played Samantha's socially awkward childhood best friend, whom Samantha hasn't seen since seventh grade. When Samantha wakes from her coma, Dena convinces Samantha that they have always been best friends. While Andrea eventually forces her to reveal the truth, Samantha still remains friends with Dena.[24] She guest starred in Rita Rocks and on Private Practice.[25] In 2010, McCarthy played supporting roles in films The Back-Up Plan and Life as We Know It.[26]\n"
        },
        {
            "header": "2011\u20132015: Mike and Molly, Bridesmaids and success",
            "p0": "On September 20, 2010, McCarthy was cast in a leading role on the CBS sitcom Mike\u00a0& Molly.[27] In 2011, McCarthy had a breakout performance in the comedy movie Bridesmaids alongside Kristen Wiig, Maya Rudolph, Rose Byrne, Wendi McLendon-Covey and Ellie Kemper. McCarthy received an Academy Award nomination for her performance. In fall 2011, after achieving fame from Bridesmaids, she received her first Emmy Award for Outstanding Lead Actress in a Comedy Series for her role on Mike\u00a0& Molly.[28][29] In June 2011, she hosted the Women in Film Crystal\u00a0+ Lucy Awards.[30] McCarthy later had supporting roles in This Is 40 (2012), the spinoff to Judd Apatow's film Knocked Up,[31] and The Hangover Part III (2013). She was invited to join the Academy of Motion Picture Arts and Sciences in June 2012 along with 175 others.[32] McCarthy hosted Saturday Night Live on October 1, 2011, April 6, 2013, February 1, 2014, February 13, 2016, and May 12, 2017.[33] She was nominated five times for a Primetime Emmy Award for Outstanding Guest Actress in a Comedy Series for her appearances on the television show from 2011 to 2017, winning in 2017.[29]\n",
            "p1": "In 2013, McCarthy co-starred in the crime comedy Identity Thief with Jason Bateman.[34][35] Identity Thief opened at No. 1 at the box office, and grossed $174 million worldwide[36] despite negative reviews.[37]\n",
            "p2": "In 2013, McCarthy co-starred with Sandra Bullock in the buddy cop comedy The Heat. The film was released in the United States and Canada on June 28, 2013, to both critical and commercial success.[38] With McCarthy being called \"box office gold,\" The Heat grossed $229 million worldwide.[39]\n",
            "p3": "McCarthy co-wrote the script for the movie Tammy, which was released on July 2, 2014. McCarthy's character loses her job and her car, and then learns that her husband has been unfaithful. To get away, she is forced to rely on her alcoholic grandmother (Susan Sarandon) for transportation as they embark on a journey of self-discovery.[40]\n",
            "p4": "McCarthy produced a CBS pilot which starred her husband, Ben Falcone.[41] McCarthy played the female lead, opposite Bill Murray, in the 2014 comedy film St. Vincent, directed and written by Theodore Melfi.[42] On November 19, 2014, it was announced that McCarthy would portray fairy heroine Tinker Bell in the untitled comedy-adventure directed by Shawn Levy.[43] She would also produce the film.[44] In addition, McCarthy was the lead in frequent collaborator Paul Feig's spy comedy Spy (2015),[45][46] a role that earned McCarthy her first Golden Globe Award nomination.\n",
            "p5": "In May 2015, McCarthy received a star on the Hollywood Walk of Fame.[47][48] In August 2015, Forbes ranked her as the third highest-paid actress of 2015, with earnings of $23 million.[2]\n"
        },
        {
            "header": "2016\u2013present: Dramatic roles and awards recognition",
            "p0": "In 2016, McCarthy starred in The Boss, a comedy film based on a character which McCarthy had created in the Los Angeles Groundlings \u2013 a wealthy businesswoman \"who goes to jail for insider trading, and struggles to reinvent herself as America's new sweetheart when she's released\".[49] Also that year, she played an author and scientist in the all-female reboot of Ghostbusters, directed by Paul Feig.[50][51][52][53]\n",
            "p1": "On May 31, 2016, McCarthy was cast as celebrity biographer Lee Israel in the dark comedy-drama film Can You Ever Forgive Me? directed by Marielle Heller. She replaced Julianne Moore, who was fired shortly before shooting was to begin.[54] McCarthy's performance as Lee drew high praise and Film Journal International said that her previous film roles \"could not anticipate how fearlessly and credibly she inhabits Lee Israel.\" She received an Academy Award for Best Actress nomination.[55] In 2016 she recorded the song \"Anything You Can Do (I Can Do Better)\" with Barbra Streisand which appears on Streisand's album Encore. On February 4 and 11, 2017 she made surprise appearances on Saturday Night Live portraying White House Press Secretary Sean Spicer.[56][57] She returned to the show to portray Spicer on April 16[58] and May 13, 2017 (also hosting the latter).\n",
            "p2": "McCarthy appeared in a Super Bowl LI ad for Kia Motors, promoting the Kia Niro. McCarthy played a wannabe environmentalist, who has a series of mishaps befall her such as being capsized by a whale, being charged by a rhino, and falling down a crevasse. The commercial featured the song \"Holding Out for a Hero\".[59]\n",
            "p3": "On June 28, 2019, it was announced that McCarthy was in talks to play Ursula in Disney's  upcoming film The Little Mermaid, set to be directed by Rob Marshall.[60] On February 18, 2020, McCarthy confirmed her casting as the villainess during an interview on The Ellen DeGeneres Show.[61]\n"
        }
    ]
}