{
    "id": "nm0534635",
    "name": "Richard Madden",
    "career": [
        {
            "header": "Early life and work (1986\u20132010)",
            "p0": "Madden was born on 18 June 1986 in Elderslie, outside the city of Glasgow,[1][2] where he grew up alongside his two sisters.[3][4] His mother is a primary school teacher, and his father worked as a firefighter.[5] At age 11, Madden joined PACE Youth Theatre to help overcome his shyness.[6][7] At that same age, he was cast in his first role as young Andy in a film adaptation of Iain Banks' Complicity,[8] which was released in 2000.[9] Next, he played the lead role of Sebastian in the children's television series Barmy Aunt Boomerang,[10] which aired from 1999 until 2000.[11] In addition to being shy, Madden struggled with body insecurities as a child.[12] He later stated that he also experienced bullying, especially in high school, which he attributed to his role in Complicity.[8]\n",
            "p1": "Madden attended Castlehead High School.[13] He studied at the Royal Conservatoire of Scotland, formerly the Royal Scottish Academy of Music and Drama, in Glasgow, graduating in 2007.[10][11] He worked with The Arches and the Glasgow Repertory Company during his studies; he also performed in Franz Xaver Kroetz's play Tom Fool at the Citizens Theatre. After receiving positive reviews, the Tom Fool production transferred to London, where Madden was spotted by a team from Shakespeare's Globe.[11] In his final year at the conservatoire, he was cast as Romeo in the play Romeo and Juliet at the modern Globe Theatre in London, followed by a tour of the production during the summer of 2007.[11][14] In her review, Susan Elkin of The Stage deemed the actor's portrayal of Romeo \"gravelly Glaswegian\" and \"almost childlike\".[15]\n",
            "p2": "That same year, Madden played Callum McGregor in the Royal Shakespeare Company's production of Malorie Blackman's Noughts & Crosses, which ran from December 2007 to February 2008.[16] He then starred as Mark McNulty in the National Theatre of Scotland's production of the play Be Near Me in 2009, which The Times's Benedict Nightingale described as a \"skilful adaptation\" of the Andrew O'Hagan novel of the same name.[10][17] Susan Mansfield of The Scotsman wrote that Madden had caught critics' attention, reporting additional positive reviews of his performances by The Daily Telegraph and The Observer.[10] He later gained the lead role of Dean McKenzie in the 2009 BBC comedy-drama series Hope Springs,[10] followed by his respective roles as Ripley and Theatre of Hate singer Kirk Brandon in the 2010 films Chatroom and Worried About the Boy.[18][19]\n"
        },
        {
            "header": "Breakthrough (2011\u20132018)",
            "p0": "Madden starred as Robb Stark in the HBO fantasy drama series Game of Thrones, based upon the series of novels titled A Song of Ice and Fire by George R. R. Martin, from 2011 to 2013.[20][21] His work as Stark propelled him to prominence.[22][23] Madden later spoke about being broke and even contemplating moving back in with his parents prior to his casting.[24] Throughout his time on the series, the ensemble cast garnered Screen Actors Guild Awards nominations for Outstanding Performance by an Ensemble in a Drama Series in 2011 and 2013.[25][26] During this period, he also appeared in the Channel 4 comedy-drama series Sirens and the BBC drama series Birdsong.[27] Madden first obtained his Screen Actors Guild (SAG) card for the 2014 miniseries Klondike, in which he played Bill Haskell, a real-life adventurer who participated in the Klondike Gold Rush.[28][29]\n",
            "p1": "Madden portrayed Prince Kit in Cinderella, a romantic fantasy film and live action adaptation of the animated film of the same name.[30] While terrified of playing a classical fairy tale character, the actor found comfort in how audiences knew very little about the prince in the animated film and how he was able to create \"a real young man.\"[31] Released in March 2015, Cinderella was a critical and commercial success, grossing over $542 million.[32][33] The following year, Madden starred as Romeo in a West End production of Romeo and Juliet, which opened at the Garrick Theatre on 25 May, reuniting with his Cinderella co-star Lily James, who starred as Juliet, and director Kenneth Branagh.[34][35] Michael Billington of The Guardian praised Madden's articulation of Romeo's \"challenge to fate\", while Variety's Matt Trueman criticised his speeches as \"flat and regimented\".[35][36] He departed the production in July after suffering an ankle injury.[37]\n",
            "p2": "In 2016, Madden appeared as an American pickpocket in the thriller film Bastille Day.[38] He played the lead role of Cosimo de' Medici, a member of the House of Medici banking family during the Italian Renaissance, in the first season of the Italian-British television drama series Medici, subtitled Masters of Florence, which aired that same year.[39] In 2017, he appeared in the first episode of Electric Dreams, an anthology series based on Philip K. Dick's works. Writing for Digital Spy, Alex Mullane found the actor \"particularly dashing\" and added that his performance made the twist in the story \"brutally effective\".[40] Madden next played a DJ in the Netflix romantic comedy film Ibiza, embodying the part with hints of goofiness and loneliness.[41] In her review for The Daily Telegraph, Lucy Jones deemed him a \"fine and believable romantic lead.\"[42]\n",
            "p3": "Madden garnered acclaim and recognition for playing Sergeant David Budd, a war veteran and police officer with post-traumatic stress disorder (PTSD), in the 2018 BBC thriller series Bodyguard.[43][44] He spoke to members of the armed forces who had experienced PTSD to frame a complex and intricate representation of the disorder.[43] Tim Goodman of The Hollywood Reporter wrote that the actor executed the role with self-possession, while The Atlantic's Sophie Gilbert observed that he conveyed Budd's \"superb instincts, his cool head under fire, and his complex psyche\" successfully.[45][46] After the series finale became the most watched UK television drama episode since the beginning of current records, Netflix released Bodyguard worldwide in October 2018.[47][48] Madden's performance earned him the Golden Globe Award for Best Actor \u2013 Television Series Drama.[49]\n"
        },
        {
            "header": "Film success (2019\u2013present)",
            "p0": "In 2019, Madden portrayed music manager John Reid in the Elton John biopic Rocketman, which was released in May,[5] and appeared as a World War I soldier in Sam Mendes' war film 1917, which was released in December.[50] Both films garnered positive reviews and became box office successes.[51][52][53][54] From December 2020 to January 2021, he starred in the science fiction podcast series From Now, voicing a survivor of a spaceship that returns 35 years after vanishing.[55] Madden starred as Ikaris in the Marvel Cinematic Universe superhero film Eternals, directed by Chlo\u00e9 Zhao. Released in November 2021, the film garnered mixed responses from critics and audiences.[56][57] Madden is set to play a lead role in Citadel, an Amazon Studios series created by Anthony and Joe Russo.[58] He is slated to executive produce a television series adaptation of From Now.[59]\n"
        }
    ]
}