{
    "id": "nm0516181",
    "name": "Roger Lloyd Pack",
    "career": [
        {
            "header": "empty",
            "p2": "Roger Lloyd-Pack began his acting career at Northampton's Royal Theatre, which he revisited when he appeared in the tour of Blue/Orange. On British television, he was best known for portraying \"Trigger\" in the BBC sitcom Only Fools and Horses.[5] He was also known for his role in The Vicar of Dibley as Owen Newitt, and to international audiences his greatest fame was as Barty Crouch, Sr. in the film Harry Potter and the Goblet of Fire. In addition, he had a semi-regular role during the 1990s as the plumber Jake \"The Klingon\" Klinger, Ben Porter's arch-rival, in the sitcom 2 point 4 children.\n",
            "p3": "In 2005, he appeared in the second series of ITV's Doc Martin as a farmer who held a grudge against Doctor Ellingham for what he believed was the malpractice-related death of his wife. In 2006, he played John Lumic and provided the voice of the Cyber-Controller in two episodes of Doctor Who, \"Rise of the Cybermen\" and \"The Age of Steel\", opposite David Tennant, who had played his son in the same Harry Potter film.[6] Lloyd-Pack's final TV appearance was in Law & Order: UK as Alex Greene.\n"
        }
    ]
}