{
    "id": "nm0656929",
    "name": "Josh Pais",
    "career": [
        {
            "header": "empty",
            "p8": "He has appeared in Hollywood films including Teenage Mutant Ninja Turtles (in which he was both in the costume and was the voice) as Raphael, Music of the Heart, Scream 3, It Runs in the Family, Phone Booth, Little Manhattan and Find Me Guilty.[5] He played Assistant M.E. Borak in 15 episodes of the series Law & Order, between 1990 and 2002. He also played the Spanish teacher in the film Assassination of a High School President. He had a recurring role as an obnoxious movie producer on the American crime drama series Ray Donovan. He also appeared as a lawyer on 2 Broke Girls.\n"
        }
    ]
}