{
    "id": "nm0642567",
    "name": "Mick O'Rourke",
    "career": [
        {
            "header": "empty",
            "p4": "O'Rourke first came to prominence as a member of the Offaly minor team that won the 1964 All-Ireland Championship. He later lined out for the Offaly under-21 and junior teams before making his senior debut against Laois in the 1968 Leinster Championship. O'Rourke enjoyed his greatest successes with Offaly as a defender on the teams that won All-Ireland Championship titles in 1971 and 1972. He also won four Leinster Championship medals and lined out for the Offaly senior hurling team during the 1975-76 National League before retiring from inter-county activity in 1976.[1]\n"
        }
    ]
}