{
    "id": "nm0606655",
    "name": "Joel Morris",
    "career": [
        {
            "header": "Television and film",
            "p0": "Hazeley and Morris have written for a number of British TV shows and films. These include That Mitchell and Webb Look, A Touch of Cloth, Charlie Brooker's Screenwipe, Electionwipe and Newswipe programmes, and several Philomena Cunk series. The pair are regular contributors to the British adult comic Viz. The 2016 Electionwipe won the BAFTA award for best Comedy and entertainment programme.[4]\n",
            "p1": "The pair also wrote for Paddington[5] and Paddington 2.[6]\n"
        },
        {
            "header": "Books",
            "p0": "Hazeley and Morris have co-written books including Bollocks to Alton Towers,[7] and a series of parody Ladybird books which re-caption original illustrations from the Ladybird series with jokes aimed at an adult audience.[8] Topics have included Donald Trump,[9] hipsters and hangovers[10] and Brexit.[11] The books were so successful that in 2015 only JK Rowling, David Walliams and Julia Donaldson sold more copies in the UK.[12]\n",
            "p1": "In October 2015, it was announced that Morris had co-written a series of Ladybird books for adults with Jason Hazeley. The books, which parody the style of the company's classic books for children, re-caption original illustrations from the Ladybird series with new text, offering sardonic commentary on many areas of modern life. The initial run included titles such as The Hangover, Mindfulness, Dating and The Hipster and were published on 18 November 2015.[8][13] The series was later expanded to include public figures such as Donald Trump.[9]\n",
            "p2": "The pair were writers on The Framley Examiner, a local news parody website which later became a book, with Robin Halstead and Alex Morris.\n"
        },
        {
            "header": "Podcast",
            "p0": "Hazeley and Morris hosted the comedy podcast Rule of Three until 2020.[14]\nRule of Three was named in the best podcasts of 2018 by The Guardian.[15] On the show they invite a comedy performer on to discuss their career and a comedy performance or programme, a TV show, a film, a book, an album or a comic that means a lot to them.[16] Guests have included Eddie Izzard, John Finnemore, Danielle Ward, Jon Holmes,[17] and Aisling Bea[18] Topics have included Bill Hicks, films such as Trading Places and Time Bandits, and the LP version of The Album of the Soundtrack of the Trailer of the Film of Monty Python and the Holy Grail.[19] The podcast has branched out into live shows with special guests such as Sue Perkins.[20] Hazeley has also appeared as a guest on the Griefcast podcast with Cariad Lloyd.[21] At the 2020 British Podcast Awards it was named best Arts and Culture Podcast.[22]\n"
        },
        {
            "header": "Music",
            "p0": "From 1998 to 2003 Hazeley was part of the folk-pop duo Ben & Jason.[23]\n",
            "p1": "Morris is lead singer in the band Candidate[24][25] who released their fourth album in 2004.[26] His harmonies with his brother were compared in The Guardian to Simon and Garfunkel.[27]\n"
        }
    ]
}