{
    "id": "nm0641433",
    "name": "Patrick O'Kane",
    "career": [
        {
            "header": "empty",
            "p5": "He has been part of the companies of the Royal National Theatre, where he appeared in The Playboy of the Western World and Peer Gynt, and the Royal Shakespeare Company, where he played the title role in Macbeth. At the Royal Exchange Theatre, Manchester, he gave an \"eye-catching\",[1] \"triumphant\"[2] performance in the title role of Christopher Marlowe's Doctor Faustus in 2010.\n",
            "p6": "In London's West End, he has appeared in War Horse. He played John Proctor in the Lyric Theatre, Belfast's production of Arthur Miller's The Crucible, opening the theatre's new performance space in April 2011 to rave reviews and receiving a nomination for best actor in the Irish Theatre Awards for his performance.[3]\n",
            "p7": "In October 2011 O'Kane appeared to great acclaim in the lead role of \"16 Possible Glimpses\" at the Abbey Theatre in Dublin.[4]\n",
            "p8": "In May 2012, he appeared as J. Bruce Ismay in Owen McCafferty's Titanic (Scenes from the British Wreck Commissioner\u2019s Inquiry, 1912) at the newly opened MAC art's venue in Belfast and will be performing in Owen McCafferty's play \"Quietly\" in the Abbey Theatre in October 2012.\n",
            "p9": "In addition to his extensive stage work, O'Kane has appeared in movies and on television in many parts including 'Game of Thrones', seasons two and three of 'The Borgias', series nine of the popular BBC \"New Tricks\" and the upcoming BBC detective series \"The Fall\" set in Northern Ireland.\n"
        },
        {
            "header": "Doctor Who",
            "p0": "In 2020, O'Kane had a significant guest role in the twelfth revived series of Doctor Who, appearing in three episodes as Ashad (\"the Lone Cyberman\"): The Haunting of Villa Diodati, Ascension of the Cybermen and The Timeless Children. This gave him the distinction of being the first actor to play one of the programme's long-running Cybermen opposite Jodie Whittaker's thirteenth incarnation of the Doctor. \n",
            "p1": "O'Kane recalled the Cybermen from his childhood and was \"delighted\" with the role.[5] He reprised the role of Ashad in Whittaker's final episode, \"The Power of the Doctor\".\n"
        }
    ]
}