{
    "id": "nm0633604",
    "name": "John Noble",
    "career": [
        {
            "header": "empty",
            "p12": "Noble starred as scientist Walter Bishop in the television series Fringe.\n",
            "p13": "He made occasional appearances on the television series All Saints. He is internationally known for his performance as Denethor in The Lord of the Rings trilogy. He played Russian Consul Anatoly Markov in the sixth season of the US television series 24. In 2011, he appeared as Real Estate tycoon Leland Monroe in Rockstar's video game L.A. Noire.[2][3] He is also the voice of Unicron for the television show Transformers: Prime and its conclusion TV film.\n",
            "p14": "Noble played Morland Holmes, father of Sherlock Holmes, in Elementary.[4] He was a series regular for season 4 with guest appearances in seasons 6 and 7.\n",
            "p15": "John Noble later worked in Legends of Tomorrow where he voiced the time demon Mallus. In its episode \"Guest Starring John Noble,\" he portrayed himself when Atom visited him on set of The Lord of the Rings: The Return of the King and had him record a fake rewrite which would be used to fool Nora Darhk.\n"
        }
    ]
}