{
    "id": "nm0601105",
    "name": "Deborah Moore",
    "career": [
        {
            "header": "empty",
            "p2": "She made her debut on TV as a child in The Persuaders! episode \"The Long Goodbye\" in which her father co-starred alongside Tony Curtis, and early on in her career, she was often billed as \"Deborah Barrymore\".[1] She appeared in such films as Lionheart (1987), Alien Terminator (1988), the 1990 comedy, Bullseye! (opposite her father), Chaplin (1992), Into the Sun (1992), and South Kensington (2001).[2] She is probably best known in the UK as the face of the Scottish Widows advertising campaign from 1986 to 1995 when she was replaced by Amanda Lamb. She later took on the name Deborah Moore.\n",
            "p3": "She has twice made appearances in James Bond\u2013related productions. She played a secretary in the 1989 biopic Goldeneye: The Secret Life of Ian Fleming and later made a cameo appearance as a flight attendant in the 2002 Bond film, Die Another Day,[3] which was Pierce Brosnan's fourth and final Bond film. She also appeared in the 1998 TV movie Merlin: The Quest Begins, opposite Jason Connery, son of former Bond Sean Connery.[4] Her godfather was actor Robert Brown, her father's co-star in the television series Ivanhoe and three Bond films.\n",
            "p4": "She was also a Scottish Widow model. \n",
            "p5": "In 2006, Moore made the film Provoked. Jagmohan Mundhra's film is based on the landmark UK domestic violence case in which Kiranjit Singh Ahluwalia was jailed in London for killing her abusive husband. Based on her story, the film stars Aishwarya Rai as Ahluwalia. Moore plays Jackie, another prison inmate.\n",
            "p6": "Moore appeared as Alfidia, the mother of a fictionalised Livia, in two 2007 episodes of the HBO/BBC series Rome.\n",
            "p7": "In August 2010, Moore appeared in the series 1 finale of Sherlock, \"The Great Game\", as the first victim of Jim Moriarty.[5]\n"
        }
    ]
}