{
    "id": "nm0641063",
    "name": "Dean O'Gorman",
    "career": [
        {
            "header": "Film",
            "p0": "At 12 years old, O'Gorman was discovered by a casting agent during a school speech competition.[4] After acting in a number of television roles and the Australian film The Rogue Stallion, he got a starring role in 1995 teen romance Bonjour Timothy, a performance which earned him a nomination for Best Actor at the Giffoni Film Festival in Italy.[3]\n",
            "p1": "Subsequent roles included co-starring as Mark in ensemble drama When Love Comes and playing opposite Melanie Lynskey in road movie Snakeskin, the latter of which received five awards at the 2001 New Zealand Film and Television Awards.[3]\n",
            "p2": "In April 2011, O'Gorman was cast as the Dwarf Fili in Peter Jackson's three-part film adaptation of The Hobbit.[5] He later made a cameo appearance in an advertisement for Air New Zealand.[6]\n",
            "p3": "In Jay Roach's 2015 film Trumbo, O'Gorman plays the part of Kirk Douglas,[7][8] including a re-creation of filming the movie Spartacus.  He plays a demoralized writer in the 2017 film Pork Pie, winning praise at Cannes.[9]\n"
        },
        {
            "header": "Television",
            "p0": "O'Gorman began acting in television in the early 1990s. His career took off in the middle of the decade, when he won the role of Harry Martin in popular New Zealand soap opera Shortland Street and appeared in locally-shot shows Hercules: The Legendary Journeys and Xena: Warrior Princess multiple times. O'Gorman also held a regular role as Iolaus in the short-lived Young Hercules opposite Ryan Gosling,[3] and in Australian hit McLeod's Daughters, as Luke Morgan, a love interest of Jodi Fountain McLeod.\n",
            "p1": "He has made multiple guest appearances on several television shows including The Cult, Go Girls and Legend of the Seeker. From 2011 to 2013, O'Gorman played the role of Anders Johnson in New Zealand fantasy series The Almighty Johnsons.[3] He played mountaineer George Lowe in 2016 mini-series Hillary.\n"
        },
        {
            "header": "Art and photography",
            "p0": "In addition to acting, O'Gorman is also a photographer and artist. In an interview with Tom Cardy, he confessed to difficult times finding work during his first year in Los Angeles.[10] He was almost broke, but was soon discovered by his friend's agent and thus began to receive more work, dividing his time among painting, photography and acting.\n",
            "p1": "In 2012, he held his first exhibition at the Page Blackie Gallery in Wellington, New Zealand between 19 and 23 June.[10] The theme of the exhibition focused on the Vietnam War. In order to obtain accuracy in his work, O'Gorman sought the advice of a New Zealand Vietnam veteran.[10] Preferring to dress and set up shoots himself, the models for this gallery included other cast members from The Hobbit: An Unexpected Journey[10] and The Almighty Johnsons.  O'Gorman's photographs were displayed at the 2015 Berlin B3 Biennial.[11]\n"
        }
    ]
}