{
    "id": "nm0629634",
    "name": "Lance E. Nichols",
    "career": [
        {
            "header": "empty",
            "p7": "Nichols is also known for his roles in The Curious Case of Benjamin Button[2] and House of Cards and is a frequent presence in films that were made in the city.  In 2012 he appeared as a character similar to his Treme character, and also named \"Larry\", in a commercial for Chase Bank that also featured Drew Brees and his family and was aired during the broadcast of Super Bowl XLVI.[3][4] From 2015 to 2019, he's starred in the martial arts drama series Into the Badlands, as a supporting character named The River King.\n"
        }
    ]
}