{
    "id": "nm0654240",
    "name": "Rena Owen",
    "career": [
        {
            "header": "empty",
            "p13": "Owen trained at the Actors Institute in London in the mid-1980s and worked extensively in British theatre.[3] Highlights include Voices From Prison for the Royal Shakespeare Company, Co-Existences for the Elephant Theatre and Outside in for Theater New Zealand, which debuted at the Edinburgh Festival. Owen wrote and starred in Te Awa i Tahuti (The River That Ran Away), which had a successful London tour and was later published by NZ Playmarket in 1991.[4]\n",
            "p14": "On her return to New Zealand in 1989, Owen acted in two dramas for Television NZ's E Tipu E Rea series. A first of its kind, the series was written, acted, directed & produced by Maori, telling Maori stories. She worked extensively in theatre; acting, writing, directing, working as a dramaturge, and was a founding member of Taki Rua Theatre. Owen wrote and starred in Daddy's Girl,[4] while also playing reoccurring roles in two TV series; Betty's Bunch & Shark in the Park. Recent theatre credits include starring in the classic NZ plays, Haruru Mai for the NZ International Arts Festival and The Pohutukawa Tree for ATC.[5] In the USA, she has acted in multiple stage readings for Native Voices at the Autry in LA, and a charity stage reading of Vagina Monologues for the City of West Hollywood. She also played the lead in a Hawaiian play called Fine Dancing,[6] adapted and directed Toa Fraser's play Bare for the Asian American Theatre Company in San Francisco (AATC).\n",
            "p15": "In Once Were Warriors, Owen played the leading role of Beth Heke alongside Temuera Morrison, who played her husband. Once Were Warriors is predominantly narrated from Beth's perspective,[7] and her performance was praised as \"classic\".[7] Owen reprised the role in the film's sequel, What Becomes of the Broken Hearted? (1999).\n",
            "p16": "Owen played Taun We in George Lucas' Star Wars: Episode II \u2013 Attack of the Clones, Nee Alavar in Star Wars: Episode III \u2013 Revenge of the Sith, and a cameo role in Steven Spielberg's A.I.[8] Whilst playing a reoccurring role in WB's Angel, Owen played supporting and cameo roles in multiple international independent films. Highlights include the NZ Canadian co-production, Nemesis Game, Garth Maxwell's When Love Comes, Rolf de Heer's acclaimed Dance Me to My Song, Vincent Ward's acclaimed Rain of the Children,[9] and US thrillers Alyce Kills & The Well.[10][11] She played leading roles in the Australian TV drama series, Medivac in 1998, and recently in ABC's, The Straits, a multi-ethnic crime family drama. She also appeared in A&E's Longmire.[12]\n",
            "p17": "Recently Owen and Morrison completed work on a documentary celebrating the 20-year anniversary of Once Were Warriors.[13]\n",
            "p18": "In 2016, Rena was cast in the Freeform thriller series' Siren as Helen, which was premiered on March 29, 2018.[14][15]\n"
        }
    ]
}