{
    "id": "nm0652663",
    "name": "Patton Oswalt",
    "career": [
        {
            "header": "empty",
            "p2": "Oswalt began performing stand-up comedy on July 18, 1988.[11] After writing for MADtv and starring in his own 1996 comedy special for HBO, he went on to garner notable roles in films and television shows with his film debut coming in the 1996 military comedy film Down Periscope alongside Kelsey Grammer. His television debut was on the Seinfeld episode \"The Couch\".[12] His most prominent and longest running role was as Spence Olchin on The King of Queens.[13] His first starring film role was as the voice of Remy, the lead character in the 2007 Academy Award-winning Pixar film Ratatouille.[12] He has also appeared in smaller roles in such films as Magnolia[12] and 22 Jump Street.\n",
            "p3": "Oswalt wrote the comic book story \"JLA: Welcome to the Working Week\", a backup story in Batman #600; a story for Dwight T. Albatross's The Goon Noir #01 and a story for Masks: Too Hot for TV.[14] Expanding his voice artist repertoire, he began voicing the villainous character Tobey on PBS Kids GO! series WordGirl in 2007.[15] He also appeared on the Comedy Central Roast of William Shatner. He appeared on the Comedy Central Roast of Flavor Flav in August 2007.[16] That same year, he appeared on an episode of SpongeBob SquarePants, \"The Original Fry Cook\", as Jim. Oswalt moderated a reunion panel of the Mystery Science Theater 3000 cast at the San Diego Comic-Con International in 2008.[17]\n",
            "p4": "Oswalt played Paul Aufiero, the leading role in Robert D. Siegel's 2009 directorial debut, Big Fan. He was set to star in a 2010 Broadway revival of Lips Together, Teeth Apart.[18] The show was postponed, then eventually canceled, when Megan Mullally left the production after the director denied her request to replace Oswalt due to his lack of stage experience.[19]\n",
            "p5": "He starred in the Showtime drama The United States of Tara as Neil, an employee of Four Winds Landscaping.[20] He also provided the voice of Thrasher, a robot protagonist from the Cartoon Network show Robotomy.[21]\n",
            "p6": "Oswalt emceed the 2010 BookExpo America, promoting his then-upcoming book Zombie Spaceship Wasteland and introducing the evening's panelists: Christopher Hitchens, William Gibson, and Sara Gruen.[22] Oswalt released Zombie Spaceship Wasteland in 2011.[23]\n",
            "p7": "Oswalt played the role of Hurlan Heartshe in the 2011 surrealist comedy miniseries The Heart, She Holler on Cartoon Network's late-night programming block, Adult Swim. Oswalt appeared in the 2011 film A Very Harold & Kumar 3D Christmas.[12] Oswalt played Matt Freehauf in Jason Reitman's 2011 black comedy Young Adult.[13] He played Billy Stanhope, ex-best friend of Ashton Kutcher's Walden Schmidt on Two and a Half Men in 2012.[24]\n",
            "p8": "As of September 2013, Oswalt narrates the TV series The Goldbergs.[25] He also had a recurring role as Constable Bob Sweeney in the fourth season of the FX series Justified.\n",
            "p9": "Patton played the role of Agent Koenig on the TV series Agents of S.H.I.E.L.D. He later appeared in separate episodes as brothers Eric and Billy Koenig. He continued to appear in the second season as Billy and a third brother named Sam. In season four, he also played a fourth brother, Thurston.\n",
            "p10": "Oswalt's memoir Silver Screen Fiend: Learning About Life from an Addiction to Film was published by Simon & Schuster in 2015. He also voiced the male version of Jesse in Minecraft: Story Mode, which was released in October 2015.\n",
            "p11": "Oswalt played Max in the reboot of Mystery Science Theater 3000, as the son of Frank Conniff's character TV's Frank.[26][27] The program premiered on Netflix in 2017.\n",
            "p12": "Also in 2017, lifelong film fan Oswalt provided the voice of horror icon Boris Karloff in several episodes of film critic Karina Longworth\u2019s podcast You Must Remember This, for the season entitled \u201cBela and Boris.\u201d\n",
            "p13": "Oswalt had a voice-over role in science fiction comedy film Sorry to Bother You,[28] which was released in theaters on July 6, 2018.[29]\n",
            "p14": "Oswalt replaced Louis C.K. in the 2019 film The Secret Life of Pets 2, as the voice of main character Max. In addition, he reprised his role as Professor Dementor in the Disney Channel Original Movie Kim Possible, a live action adaptation of the 2002-2007 animated series.\n",
            "p15": "On April 15, 2019, Oswalt joined a host of other writers in firing their agents as part of the WGA's stand against the ATA and the practice of packaging.[30]\n",
            "p16": "Oswalt's stand-up comedy covers topics ranging from pop culture frivolity, such as comic book supervillains and 1980s glam metal, to deeper social issues like American excess, materialism, foreign policy, and religion. He also discusses his atheism in his stand-up. He recorded his third comedy album at the Lisner Auditorium at George Washington University in Washington, D.C. on February 28, 2009. It premiered on Comedy Central as Patton Oswalt: My Weakness Is Strong on August 23, 2009, and was released on DVD August 25, 2009.[31]\n",
            "p17": "An animated video of Patton's take on New Song's Christmas Shoes was posted on YouTube in November 2009.[32] The track does not appear on any albums. The audio is claimed[by whom?] to be recorded at Lisner Auditorium in Washington DC.[33]\n",
            "p18": "Oswalt's album Patton Oswalt: Finest Hour was released on September 19, 2011. The extended and uncensored DVD of this special was released in April 2012, a few days after its television premiere on Comedy Central.[34][35]\n",
            "p19": "Oswalt's comedy special Tragedy Plus Comedy Equals Time was to be released on January 16, 2014, via online movie streaming website Epix, but was pushed back by the company for unknown reasons.[36] However, it did premiere on Comedy Central on April 6, 2014, and became available for purchase on April 8, 2014, in both DVD and CD format.[37]\n",
            "p20": "Oswalt's comedy special Talking for Clapping was released on Netflix on April 22, 2016. For the album, he received a Primetime Emmy Award for Outstanding Writing for a Variety Special and a Grammy Award for Best Comedy Album.[38]\n",
            "p21": "Oswalt's comedy special Annihilation was released on Netflix on October 17, 2017.\n",
            "p22": "In an episode of Hiking with Kevin Nealon on YouTube, posted November 14, 2019, Oswalt confirmed a new special, I Love Everything, recorded three weeks prior to the recording of the hike.[39] It is currently airing on Netflix and was nominated for another Primetime Emmy Award.\n",
            "p23": "He was featured in an ad campaign for Caesars Sportsbook in 2021, playing a character named Carl.[40][41]\n"
        }
    ]
}