{
    "id": "nm0760796",
    "name": "Hiroyuki Sanada",
    "career": [
        {
            "header": "empty",
            "p10": "Born in Tokyo, he was scouted by an entertainer while playing with the son of the actor Kokichi Takada who lived in the same condominium, and after working as a model for a magazine for young children, he joined the Himawari Theatre Group at the age of five. He made his film debut in 1966 in the ninkyo yakuza film Game of Chance (\u6d6a\u66f2\u5b50\u5b88\u5504) starring Shinichi \"Sonny\" Chiba, reprising his role as Chiba's character's son in 2 sequels released the following year.\n",
            "p11": "Originally planning to be an action movie star, he studied Shorinji Kempo and later took up Kyokushin kaikan karate.[5] He began playing baseball at age 8 as a catcher,[6] and started training at the age of 11 with Chiba's Japan Action Club, where he developed good all-around martial arts ability and soon became Chiba's prot\u00e9g\u00e9. After entering high school, following Chiba's advice, he decided to devote himself to his studies and withdrew from performing arts activities. In 1978, he resumed his performing arts activities in earnest after passing the audition for the movie Shogun's Samurai (\u67f3\u751f\u4e00\u65cf\u306e\u9670\u8b00). It was at this point that he changed his surname from Shimozawa (\u4e0b\u6fa4) to Sanada (\u771f\u7530).\n",
            "p12": "Sanada's martial arts film career introduced him to Hong Kong action cinema, portraying the ninja Genbu in Ninja in the Dragon's Den (1982), then working with Michelle Yeoh, with whom he co-starred in Royal Warriors (1986), and then later starring in Danny Boyle's Sunshine. He has a long-standing friendship with Jackie Chan. Outside of Japan, Sanada was often credited in his younger days as Henry Sanada, Harry Sanada, or Duke Sanada.\n",
            "p13": "Sanada received a Bachelor of Arts degree from Nihon University. From 1980 to 1991, Sanada released a series of albums and singles in Japan as a singer; several of these were tied to films, TV shows, or stage productions he was starring in. In 2010 and 2011, compilations were released covering his songs for movies and pop hits respectively.\n",
            "p14": "Sanada has established himself as a character actor who is adept at playing a variety of roles. He was first noticed as a serious actor in the movie Mahjong Hourouki directed by Makoto Wada. Since then he has acted in Wada's movies\u2014works filled with humour and nostalgia for classic films.\n",
            "p15": "In 1999 and 2000, he performed with the Royal Shakespeare Company (RSC) in their production of King Lear, for which he was awarded as an Honorary Member of the Order of the British Empire (MBE) in 2002, citing his \"contribution to spreading British culture in Japan through his performance in a joint Shakespeare production.\"[7] Some media reports erroneously stated that Sanada received the honour for being the first Japanese actor to perform with the RSC, but Togo Igawa had joined the troupe much earlier, in 1986.[8]\n",
            "p16": "Some of Sanada's more famous movies are Tasogare Seibei (The Twilight Samurai), Ring, Kait\u014d Ruby, and The Last Samurai. Sanada played Matsuda (the Japanese imperialist who befriends Ralph Fiennes' character Todd Jackson) in the 2005 film The White Countess directed by James Ivory. He starred in the Chinese film The Promise directed by Chen Kaige as General Guangming. Sanada has appeared in Rush Hour 3 in 2007 with Jackie Chan and Chris Tucker, and in The City of Your Final Destination in 2009 in which he plays the younger lover of Anthony Hopkins' character Adam Gund.\n",
            "p17": "Sanada joined the cast of the ABC TV series Lost in 2010 during its sixth and final season. He portrayed Dogen, a high-ranking member of \"The Others\".[9] In 2013, he appears in 47 Ronin (the first English-language adaptation of the Chushingura legend, Japan's most famous tale of samurai loyalty and revenge) alongside Keanu Reeves,[10] and as Shingen Yashida in The Wolverine opposite Hugh Jackman.[11]\n",
            "p18": "Sanada was a guest star as Takehaya, a former Japanese Navy officer and legendary pirate captain in post-plague Asia, in the apocalyptic drama series The Last Ship.[12] He also starred in the 2017 movie Life with Jake Gyllenhaal, Rebecca Ferguson, and Ryan Reynolds, and played the minor role of Akihiko in the 2019 film Avengers: Endgame. In August 2019, Sanada was cast in the Mortal Kombat reboot as Scorpion.[13]\n",
            "p19": "In 2021, Sanada was announced as part of the cast as well as a producer of the FX limited series Shogun, adapted from the James Clavell novel, playing the part of Lord Toranaga.[14][6]\n"
        }
    ]
}