{
    "id": "nm0728795",
    "name": "Paul Ritter",
    "career": [
        {
            "header": "empty",
            "p1": "Ritter's screen work included roles in Nowhere Boy, the 2007 television serial Instinct,[6] the comedy drama Pulling and the role of Pistol in Henry IV, Part II and Henry V in BBC Two's cycle of William Shakespeare's history plays, The Hollow Crown; The Daily Telegraph described Ritter as \"an actor who is surely destined for greatness very soon. His Pistol conveyed perfectly the shock of a man who reluctantly had left behind the rowdy cheer of Eastcheap, and found himself in middle age contemplating the melancholy of a medieval autumn.\"[7] Ritter also played comic actor Eric Sykes in Tommy Cooper: Not Like That, Like This and took a lead role in BBC One's 2014 serialised Cold War spy drama, The Game.[8][9]\n",
            "p2": "From 2005 to 2006, Ritter played Otis Gardiner in the original Royal National Theatre production of Helen Edmundson's Coram Boy, for which he was nominated for an Olivier Award.[10][11] He was nominated for a Tony Award in 2009 for his role in The Norman Conquests.[12] In 2012, he appeared as the protagonist's father in the stage version of Mark Haddon's novel The Curious Incident of the Dog in the Night-Time at the National Theatre[13] and in 2013 as John Major in the premiere of Peter Morgan's The Audience.[14]\n",
            "p3": "He appeared in the first three series (2011-13) of the popular British crime drama, Vera, as pathologist Dr. Billy Cartwright.\n",
            "p4": "From 2011 to 2020, Ritter starred as Martin Goodman in the Channel 4 comedy series, Friday Night Dinner.[15] For this role, he received a posthumous nomination at the 2021 British Academy Television Awards for the Best Male Comedy Performance.[16]\n"
        }
    ]
}