{
    "id": "nm0792029",
    "name": "Antony Sher",
    "career": [
        {
            "header": "empty",
            "p7": "In the 1970s, Sher was part of a group of young actors and writers working at the Liverpool Everyman Theatre.[7] Comprising figures such as writers Alan Bleasdale and Willy Russell and fellow actors Trevor Eve, Bernard Hill, Jonathan Pryce, and Julie Walters, Sher summed up the work of the company with the phrase \"anarchy ruled\".  He also performed with the theatre group Gay Sweatshop, before joining the Royal Shakespeare Company (RSC) in 1982.\n",
            "p8": "While a member of the RSC, Sher was cast in the title role in Moli\u00e8re's Tartuffe, and played the Fool in King Lear. His major break came in 1984, when he performed the title role in Richard III and won the Laurence Olivier Award. Also for the RSC, Sher performed the lead in such productions as Tamburlaine, Cyrano de Bergerac, Stanley, and Macbeth, and in 2014 played Falstaff in Henry IV Part 1 and Henry IV Part 2 in Stratford-upon-Avon and on national tour. He played the eponymous 'King Lear' from 2016 to 2018. He also played Johnnie in Athol Fugard's Hello and Goodbye, Iago in Othello, Malvolio in Twelfth Night, and Shylock in The Merchant of Venice. Sher received his second Laurence Olivier Award in 1997 for his performance as Stanley Spencer in Stanley.\n",
            "p9": "\nIn 2001, Sher played the role of the composer Gustav Mahler in Ronald Harwood's play Mahler's Conversion, about Mahler's decision to renounce his Jewish faith prior to his appointment as conductor and artistic director of the Vienna State Opera House in 1897. Speaking about the role to The Guardian's Rupert Smith, Sher revealed: ",
            "p10": "In 2015 he played Willy Loman in Death of a Salesman.\n",
            "p11": "He also had several film credits to his name, including Yanks (1979), Superman II (1980), Shadey (1985), and Erik the Viking (1989). Sher starred as the Chief Weasel in the 1996 film adaptation of The Wind in the Willows and as Benjamin Disraeli in the 1997 film Mrs Brown.\n",
            "p12": "Sher's television appearances include the mini-series The History Man (1981) and The Jury (2002). In 2003, he played the central character in an adaptation of the J. G. Ballard short story \"The Enormous Space\", filmed as Home and broadcast on BBC Four. In Hornblower (1999), he played the role of French royalist Colonel de Moncoutant, Marquis de Muzillac, in the episode \"The Frogs and the Lobsters\". Sher's more recent credits included a cameo in the British comedy film Three and Out (2008) and the role of Akiba in the television play God on Trial (2008).\n",
            "p13": "Sher was cast in the role of Thr\u00e1in II, father of Thorin Oakenshield in Peter Jackson's The Hobbit: The Desolation of Smaug, but appears only in the Extended Edition of the film.\n",
            "p14": "In 2018, he played the title role in King Lear and was the only person to play both the Fool and King Lear at the Royal Shakespeare Company. He returned to Stratford-upon-Avon in 2019 to perform in Kunene and the King with John Kani.[8]\n"
        },
        {
            "header": "Other work",
            "p0": "Sher's books included the memoirs Year of the King (1985), Woza Shakespeare: Titus Andronicus in South Africa (with Gregory Doran, 1997), Beside Myself (an autobiography, 2002), Primo Time (2005), and Year of the Fat Knight (2015), a book of paintings and drawings, Characters (1990), and the novels Middlepost (1989), Cheap Lives (1995), The Indoor Boy (1996). and The Feast (1999). His 2018 book Year of the Mad King won the 2019 Theatre Book Prize, awarded by the Society for Theatre Research.[9]\n",
            "p1": "Sher also wrote several plays, including I.D. (2003) and Primo (2004). The latter was adapted as a film in 2005. In 2008, The Giant, the first of his plays in which Sher did not feature, was performed at the Hampstead Theatre. The main characters are Michelangelo (at the time of his creation of David), Leonardo da Vinci, and Vito, their mutual apprentice.\n",
            "p2": "In 2005, Sher directed Breakfast With Mugabe at the Swan Theatre, Stratford-upon-Avon. The production moved to the Soho Theatre in April 2006 and the Duchess Theatre one month later. In 2007, he made a crime documentary for Channel 4, titled Murder Most Foul, about his native South Africa.[10] It examines the double murder of actor Brett Goldin and fashion designer Richard Bloom. In 2011, Sher appeared in the BBC TV series The Shadow Line in the role of Glickman.[11]\n"
        }
    ]
}