{
    "id": "nm0703939",
    "name": "Molly C. Quinn",
    "career": [
        {
            "header": "empty",
            "p22": "Molly Quinn was born in Texarkana, Texas.[2][3] She began taking weekly acting lessons from director and producer Martin Beck after performing in a community production of The Nutcracker at age six. In the sixth grade, she auditioned at the Young Actors Studio, and after six months of \"intensive [acting] training\", signed with the Osbrink agency and Management 360.[4]\n",
            "p23": "From 2009 to 2016, she starred in the ABC mystery drama series Castle as Alexis Rogers, the lead character's daughter.\n",
            "p24": "From 2011 to 2015, Quinn performed the lead role of Bloom in Nickelodeon's revival of the animated series Winx Club. At first, Quinn tried a \"cartoony\" voice for her character. Nickelodeon advised her to use her real voice instead, saying, \"No, we want voices of real girls this time around.\"[5] Quinn also voiced Bloom in the re-records of the first and second films based on the series.\n",
            "p25": "In March 2014, Quinn appeared as the voice of the sentient computer Fey, in the episode \"Numbers\" of the podcast series Welcome to Night Vale.\n"
        }
    ]
}