{
    "id": "nm0746125",
    "name": "Brandon Routh",
    "career": [
        {
            "header": "empty",
            "p1": "In 1999, Routh left the university  and moved to Manhattan and then Los Angeles, where he pursued a full-time acting career, first appearing as an extra in Christina Aguilera's 1999 music video for \"What a Girl Wants\".[8] He was cast in his first acting role that same year, in an episode of the short-lived ABC television series Odd Man Out. In 2000, he had a four-episode role on season 3 of MTV's nighttime soap opera Undressed. Routh subsequently appeared on the WB's Gilmore Girls (in a February 2001 episode, \"Concert Interruptus\", playing a Bangles concert attendee), and earned steady work on the soap opera One Life to Live, playing Seth Anderson from May 23, 2001, until April 17, 2002.\n"
        },
        {
            "header": "Superman",
            "p0": "Prior to Routh's casting as Superman in the film Superman Returns, Warner Bros. had spent over a decade developing a plan to relaunch the franchise, entitled Superman Flyby, with possible stars including actors such as Nicolas Cage, Josh Hartnett, Brendan Fraser, Tom Welling, Paul Walker, Henry Cavill (who eventually became Superman in Man of Steel (2013)), James Marsden, Ashton Kutcher, Keanu Reeves, Will Smith, and James Caviezel,[11] and planned directors including Tim Burton, Wolfgang Petersen, McG, Brett Ratner, and Shekhar Kapur. When director Bryan Singer came aboard the project, however, he insisted an unknown actor be cast in the part, in the tradition of the casting of the best-known film Superman, Christopher Reeve.\n",
            "p1": "Routh, then 24, had previously auditioned for director McG[3] and was spotted by Singer after he viewed Routh's videotaped audition.[11] Singer, who has since stated that Routh was the embodiment of \"our collective memory of Superman,\"[12] was impressed by Routh's resemblance to the comic book icon and found the actor's humble Midwestern roots perfect for the role, as well as his \"combination of vulnerability and confidence\", which Singer said reminded him of Christopher Reeve.[8] Singer decided to cast Routh after the two met on August 13, 2004, but did not tell Routh until two months later, when Routh's casting was announced in October 2004,[11] making him an \"instant celebrity\".[3]\n",
            "p2": "Before filming began, Routh bulked up for the role, gaining 22 pounds to reach a high of 218 pounds. Filming for Superman Returns began in Sydney in February 2005. The film was released in the U.S. on June 28, 2006, and earned decent reviews from most critics, but was a box office disappointment, grossing only $200 million in the US compared to its estimated budget of $270 million.[13] Routh was signed on to appear in two potential sequels, but due to mediocre box office results those never materialized.\n",
            "p3": "Reviews of Routh's performance were generally positive, with Newsweek noting he \"effortlessly lays claim to the iconic role.\"[14] On the other hand, film critic Roger Ebert felt that \"Routh lacks charisma as Superman, and I suppose as Clark Kent, he isn't supposed to have any.\"[15]\n",
            "p4": "At the 2006 Spike TV Awards, Routh won the award of \"Best Superhero\" as Superman in Superman Returns, beating out among others, Hugh Jackman as Wolverine.\n",
            "p5": "In August 2008, Warner Bros. officially announced they intended to reboot the Superman franchise. Routh was still set to reprise the role, according to DC Comics president Paul Levitz. In 2009, however, Routh's contract to play Superman in another film expired, but he said at the time that he would like to return if given the chance.[16] However, British actor Henry Cavill was cast to play Superman in the reboot of the series, Man of Steel.\n"
        },
        {
            "header": "Subsequent projects",
            "p0": "After the release of Superman Returns, Routh signed on to play CIA agent John Clark in Without Remorse, under the direction of John Singleton with a screenplay by Stuart Beattie. Routh would be the third actor to portray the character, after Willem Dafoe and Liev Schreiber. The film was intended for a late-2007/early-2008 release. However, Paramount Pictures put the film into turnaround. Routh's future participation on the project is unknown.\n",
            "p1": "Routh appeared in the independent drama Fling (formerly titled Lie to Me) (2008), co-starring his wife Courtney Ford, and the ensemble film Life is Hot in Cracktown (2009).\n",
            "p2": "Routh was signed to star in The Informers (2009), a film based on Bret Easton Ellis' novel, with Kim Basinger, Amber Heard, and Billy Bob Thornton,[17] but his scenes ended up scrapped with the decision to excise the \"vampire\" subplot from the film entirely.[18]\n",
            "p3": "At Comic Con 2008, it was revealed Routh was to have a cameo in the Kevin Smith comedy Zack and Miri Make a Porno - he instead appeared as a minor character, Bobby Long - and would serve as a judge on Platinum Studios 2008 Comic Book Challenge. In addition, he has a cameo where he plays himself in the Bollywood film Kambakkht Ishq (2009).\n",
            "p4": "In January 2009, Routh was officially cast to play Todd Ingram in Scott Pilgrim vs. the World which was directed by Edgar Wright, based on the Scott Pilgrim series by Canadian artist Bryan Lee O'Malley. His character is an arrogant, narcissistic bass player who derives psychic powers from his vegan lifestyle, and is the third of the seven Evil Exes the title character must fight.\n",
            "p5": "Routh plays Daniel Shaw in season 3 of spy series Chuck, in a recurring, supporting role. He again played this character in the show's fifth season.\n",
            "p6": "He portrayed supernatural detective Dylan Dog in the 2011 film Dylan Dog - Dead of Night.[19] The film is based on the Italian comic series created by Tiziano Sclavi.[20]\n",
            "p7": "On February 22, 2012, it was announced that Routh had been cast in David Kohan and Max Mutchnick's (the creators of Will & Grace), new CBS half-hour, multicamera comedy pilot, Partners. He played Michael Urie's character's steady partner, alongside David Krumholtz and his Table for Three co-star Sophia Bush.[21]  The series was cancelled after only six episodes had aired.\n",
            "p8": "In 2013, Routh appeared in the video game Call of Duty: Ghosts. Routh has since appeared in one episode of The Millers and multiple episodes of Chosen and Enlisted in 2014.\n",
            "p9": "On July 7, 2014, it was reported that Routh would once again play a superhero for DC Comics as Ray Palmer / The Atom on The CW's Arrow. He was a recurring character throughout season three, which premiered October 8, 2014.[22]  That same year, he starred in the Hallmark Channel's Christmas-themed movie The Nine Lives of Christmas, which drew good reviews and high ratings.\n",
            "p10": "In January 2015, Arrow's co-creator and executive producer Greg Berlanti stated that they were in the midst of \"very early\" preliminary talks for an additional spin-off series centered on Ray Palmer/The Atom.[23][24]\n",
            "p11": "In February 2015, it was announced that a spin-off was in development that would co-star Routh as The Atom, along with Arthur Darvill, Wentworth Miller, Victor Garber, and Caity Lotz.[25] The show, Legends of Tomorrow, premiered in January 2016.\n",
            "p12": "Routh reprised his role as Clark Kent / Superman in the 2019\u20132020 Arrowverse crossover \"Crisis on Infinite Earths\",[26] \naffected by events adapted from the Kingdom Come storyline.[27] \nHis suit was based on the one worn by the storyline's version of the character.[28]\nThe following month, it was announced that Routh would depart Legends of Tomorrow as a series regular during the fifth season.[29] His final episode as a series regular was \"Romeo v. Juliet: Dawn of Justness\".[30]\n",
            "p13": "Following such, Routh made two returns to the franchise. First, he returned to Legends for its 100th episode,[31] and to The Flash for the first part of its season eight-opening event \"Armageddon\".[32] He would then return in the season's eighteenth episode, \"The Man in the Yellow Tie\".[33]\n"
        }
    ]
}