{
    "id": "nm0742389",
    "name": "Beatrice Rosen",
    "career": [
        {
            "header": "empty",
            "p5": "Rosen has worked in films and television in the US, France and in the UK. \nShe played Tamara in the Roland Emmerich film 2012.\n",
            "p6": "Rosen played a role in the final season of the WB series Charmed as innocent Maya Holmes as Piper Halliwell's first new identity. She appeared in the fourth season of the WB series Smallville as Dawn Stiles, a girl who wanted desperately to be prom queen. She also portrayed Gabrielle la Claire, daughter of the French ambassador in the 2004 film Chasing Liberty, and Natascha, the prima ballerina and Bruce Wayne date, in Christopher Nolan's The Dark Knight. She appeared in Sharpe's Peril of the  Sharpe series in 2008. \nRosen was a series regular on the comedy series Cuts in 2005\u201306 and, in 2015, on the Fox drama Backstrom as Nadia Paquet.[1]\n",
            "p7": "Rosen also played Marylin Monique in  David E. Kelley's legal drama Harry's Law during the 2010\u201311 television season.[2]\n",
            "p8": "In 2010 and 2011 Rosen was Lancel's  brand ambassador.[3]\n"
        }
    ]
}