{
    "id": "nm0771332",
    "name": "Clemens Schick",
    "career": [
        {
            "header": "empty",
            "p7": "An actor with a confessed love for life on the classical stage, Clemens has a long track record of engagements and leading roles in both modern and classic theatre plays, primarily with German theaters.\n",
            "p8": "His career include engagements at Staatsschauspiel Dresden,[9] Schauspiel Frankfurt, Schauspielhaus Wien, Sophiensaelen, Kampnagel, Staatstheater Stuttgart, Schauspielhaus Zurich, Deutsches Schauspielhaus in Hamburg, Schauspielhaus K\u00f6ln and Schaub\u00fchne Berlin,[4] where he performed as 'Orestes' in Hugo von Hofmannsthal's play Elektra in 1999,[5][10] and 'Major Vershinin' in Three Sisters by Chekhov in 2006.[11][12]\n",
            "p9": "From 2002 to 2006, he was a regular part of the ensemble at the Schauspielhaus Hannover,[11] where he was seen in, among others, Johann Kresnik's directorial work of Peer Gynt, in a leading role in Cat on a Hot Tin Roof by Tennessee Williams under the direction of Christina Paulhofer,[5] in leading roles in Shakespeare's Richard III and Twelfth Night[5] under the direction of Sebastian Baumgarten, as well as the title role in Friedrich Schiller\u2019s Don Carlos, under the direction of Wilfred Minks.[13]\u00a0\n",
            "p10": "In the summer of 2007 and again in 2008, Schick was also to be seen in the role as 'Death' at the Salzburg Festival in Hofmannsthal's Jedermann.[14]\n",
            "p11": "His first solo show, Windows or: Let's imagine Bill Gates as a happy person, a monologue written by Mathias Greffrath, was staged by the Schauspielhaus Hannover in 2010. The play saw Schick in the role as Bill Gates musing with the audience about business, technology, narcissism and life\u2019s moral questions.[4] He later performed in the solo show in the Sophiens\u00e4le theatre, and again for German soldiers stationed in Afghanistan.[15]\n"
        }
    ]
}