{
    "id": "nm0789716",
    "name": "Fiona Shaw",
    "career": [
        {
            "header": "empty",
            "p0": "Shaw trained at the Royal Academy of Dramatic Art (RADA) in London and was part of a \"new wave\" of actors to emerge from RADA. She received much acclaim as Julia in the National Theatre production of Richard Brinsley Sheridan's The Rivals (1983).[14] Her theatrical roles include Celia in As You Like It (1984), Madame de Volanges in Les Liaisons Dangereuses (1985), Katherine in The Taming of the Shrew (1987), Lady Franjul in The New Inn (1987), Young Woman in Machinal (1993), for which she won the Laurence Olivier Award for Best Actress, Winnie in Happy Days (2007), and the title roles in Electra (1988), The Good Person of Sechuan (1989), Hedda Gabler (1991), The Prime of Miss Jean Brodie (1998) and Medea (2000). She performed T. S. Eliot's poem The Waste Land as a one-person show at the Liberty Theatre in New York to great acclaim in 1996, winning the Drama Desk Award for Outstanding One-Person Show for her performance.[15] She played Miss Morrison in the 1984 The Adventures of Sherlock Holmes episode \"The Adventure of the Crooked Man\" and Catherine Greenshaw in Agatha Christie's Marple episode \"Greenshaw's Folly\" in 2013.\n",
            "p1": "Shaw notably played the male lead in Richard II, directed by Deborah Warner in 1995. Shaw has collaborated with Warner on a number of occasions, on both stage and screen. Shaw has also worked in film and television, including My Left Foot (1989), Mountains of the Moon (1990), Three Men and a Little Lady (1990), Super Mario Bros. (1993), Undercover Blues (1993), Persuasion (1995), Jane Eyre (1996), The Butcher Boy (1997), The Avengers (1998), Gormenghast (2000), and five of the Harry Potter films in which she played Harry Potter's aunt. Shaw had a brief but key role in Brian DePalma's The Black Dahlia (2006).\n",
            "p2": "In 2009, Shaw collaborated with Deborah Warner again, taking the lead role in Tony Kushner's translation of Bertolt Brecht's Mother Courage and Her Children. In a 2002 article for The Daily Telegraph, Rupert Christiansen described their professional relationship as \"surely one of the most richly creative partnerships in theatrical history.\"[16] Other collaborations between the two women include productions of Brecht's The Good Woman of Szechuan and Ibsen's Hedda Gabler, the latter was adapted for television.[17]\n",
            "p3": "Shaw appeared in The Waste Land at Wilton's Music Hall in January 2010 and in a National Theatre revival of London Assurance in March 2010.[18] In November 2010, Shaw starred in Ibsen's John Gabriel Borkman at the Abbey Theatre, Dublin alongside Alan Rickman and Lindsay Duncan.[19][20] The play was also staged in New York's Brooklyn Academy of Music in 2011.[21] In 2012, Shaw appeared in the National Theatre revival of Scenes from an Execution by Howard Barker. The world's largest solo theatre festival, United Solo, recognised her performance in The Testament of Mary on Broadway with the 2013 United Solo Special Award.[22]\n",
            "p4": "Shaw appeared in season four of the American TV show True Blood. Shaw's character, Marnie Stonebrook, has been described as an underachieving palm reader who is spiritually possessed by an actual witch.[23]  In 2018, Shaw began portraying Carolyn Martens, the head of MI6's Russia-focused branch, in BBC America's Killing Eve. For her performance, she won the BAFTA Award for Best Actress in a Supporting Role in a Television Series. Later the same year, she played a senior MI6 officer in Mrs Wilson.[24] She currently stars in the Star Wars television series Andor, a prequel to the movie Rogue One, as the titular character's adoptive mother, Maarva Andor.[25]\n",
            "p5": "Shaw is an award-winning audiobook narrator; in October 2022, Shaw was awarded an AudioFile Magazine Earphone Award for her performance of The Bullet That Missed, the third book in Richard Osman's The Thursday Murder Club series.[26]\n"
        }
    ]
}