{
    "id": "nm0766120",
    "name": "Brooke Satchwell",
    "career": [
        {
            "header": "empty",
            "p27": "Satchwell started acting in 1994 when a casting agent suggested she model in a few television advertisements. She also appeared in the Australian Broadcasting Corporation musical Harriet.[2] After she had completed work on an advertisement for Just Jeans, a make-up artist advised Satchwell to get an agent. A year later she successfully auditioned for the role of Anne Wilkinson in the daily television soap opera Neighbours, which she played for five years.[3]\n",
            "p28": "Satchwell modelled for Pantene and was signed to act as their 'brand ambassador' in 2004.[4]\n",
            "p29": "Satchwell got her first lead role on a film in 2008 in Subdivision which was released in cinemas on 20 August 2009. In 2012, Satchwell joined the cast of drama series Packed to the Rafters as Frankie, an electrician and employee of Dave Rafter. In 2013, she became a regular panellist on celebrity gossip, comedy show Dirty Laundry Live. That same year, Satchwell joined the cast of Wonderland as lawyer Grace Barnes.[5] After three seasons, Wonderland was cancelled due to falling ratings.[6] Satchwell has appeared in some episodes of children's television show Play School.[7]\n",
            "p30": "In 2014, Satchwell made a guest appearance on sketch comedy series Black Comedy, as Tiffany.[8] She reprised the character in the second series in 2016.[9] She also appeared in the Jack Irish series.[10] 2018 saw Satchwell make guest appearances on Hughesy, We Have a Problem,[11] and the SBS drama Dead Lucky.[12] She also plays Ally, the girlfriend of hit-man Ray Shoesmith, in the black comedy-drama Mr Inbetween.[13] Towards the end of the year, Satchwell replaced Jane Harber as team captain for the second season of comedy panel show Show Me the Movie!.[14]\n",
            "p31": "Satchwell plays park ranger Miranda Gibson, the estranged daughter of Laura Gibson (Sigrid Thornton), in the revival series of SeaChange.[15] Satchwell admitted that she almost missed the casting call, as she was moving house.[16] The actress flew between Sydney and Byron, Mullumbimby and Brunswick Heads to film SeaChange and the second season of Mr Inbetween.[15]\n"
        }
    ]
}