{
    "id": "nm0703934",
    "name": "Mike Quinn",
    "career": [
        {
            "header": "Pittsburgh Steelers (first stint)",
            "p0": "Quinn began his career by signing with the Fountain Tadpoles of the Eastern North Carolina Football League, but when the league folded after just one season, Quinn decided to go to the NFL. Quinn signed with the Pittsburgh Steelers as an undrafted free agent following the 1997 NFL Draft.[6] Quinn entered training camp behind Kordell Stewart, Mike Tomczak and Jim Miller on the depth chart, but after training camp Quinn had beaten out Miller and became the team's third-string quarterback.[7] He saw his only game action on November 9 against the Baltimore Ravens, throwing for 10\u00a0yards on one completion.[8]\n",
            "p1": "Following the 1997 season, the Steelers allocated Quinn to play in NFL Europe;[9] he later agreed to play for the Rhein Fire.[10] In his second game with the Fire on April 12, Quinn completed 13 of 21 passes for 194\u00a0yards. He also completed two touchdown passes.[11] With Quinn as the starting quarterback, the Fire played in the World Bowl. However, Quinn was hampered by a sprained ankle and could not play in the game.[12][13] He finished with 133 completions for 1,997 yards, 13 touchdowns and 3 interceptions. He returned to the Steelers after the NFL Europe season but was waived on August 31, after being passed on the depth chart by Pete Gonzalez.[14]\n"
        },
        {
            "header": "Indianapolis Colts",
            "p0": "After being waived by Pittsburgh, Quinn was claimed off waivers by the Indianapolis Colts on September 1. To make room for Quinn the Colts had to release Jim Miller, who had lost a roster spot on the Steelers to Quinn a year earlier.[15] However, after signing Doug Nussmeier, the Colts waived Quinn.[16]\n"
        },
        {
            "header": "Dallas Cowboys",
            "p0": "On September 10, 1998, the Dallas Cowboys, who were unsuccessful claiming Quinn 10 days earlier,[15] claimed him after he was waived by the Colts, reuniting with head coach Chan Gailey, who was his offensive coordinator with the Steelers.[17] He became the Cowboys second-string quarterback after Troy Aikman was injured and Jason Garrett became the starter.[18] He played in three games for the Cowboys in 1998, completing one pass for 10\u00a0yards. \n",
            "p1": "In 1999, Quinn did not play in a game for Dallas. During the 2000 off\u2013season, Garrett signed as a free agent with the New York Giants[19] and quarterback Paul Justin was signed by Dallas to compete for the backup spot with Quinn.[20] On May 5, 2000, he was released after being passed on the depth chart by Paul Justin.[21]\n"
        },
        {
            "header": "Miami Dolphins",
            "p0": "On May 23, 2000, Quinn signed with the Miami Dolphins, reuniting with Gailey who was the offensive coordinator.[22] On November 6, Quinn threw a touchdown pass to Deon Dyer[23] but was waived by the Dolphins on November 10,[24] only to be re-signed four days later.[25] In the 2001 preseason, Quinn sprained a joint in his shoulder and was waived/injured.[26] He was released from injured reserve with an injury settlement on September 6.[27]\n"
        },
        {
            "header": "Houston Texans",
            "p0": "The Houston Texans, the newest franchise in the NFL, signed Quinn to a reserve/future contract on December 30, 2001.[28] Following the 2002 NFL Draft in which the Texans drafted quarterback David Carr with their first ever pick, Quinn became the backup.[29] Quinn and Tony Banks ended up winning the backup jobs to Carr[30] over Kent Graham and Ben Sankey.[31] Banks was second\u2013string with Quinn being the third\u2013string quarterback.[32] The Texans waived Quinn during final cuts on August 25, 2003. He was the final member of the Texans first signings still on the team.[33] He was re-signed to the practice squad on November 17 after David Carr suffered a sprained right shoulder.[34] However, when Banks also became injured, Quinn was signed from the practice squad to back up the now healthy Carr and rookie Dave Ragone.[35]\n"
        },
        {
            "header": "Denver Broncos",
            "p0": "The Denver Broncos signed Quinn as an unrestricted free agent in March 2004.[36] At the end of training camp, Quinn was released by the Broncos.[37]\n"
        },
        {
            "header": "Pittsburgh Steelers (second stint)",
            "p0": "Quinn was re-signed by the Steelers on September 22 and assigned to their practice squad.[38] He was released from the practice squad on November 10.[39]\n"
        },
        {
            "header": "Montreal Alouettes",
            "p0": "On August 29, 2005, Quinn was signed to the practice roster of the Montreal Alouettes in the Canadian Football League.[40]\n"
        },
        {
            "header": "Winnipeg Blue Bombers",
            "p0": "On March 22, 2006, the Winnipeg Blue Bombers signed Quinn, joining quarterbacks Tee Martin, Russ Michna and Kevin Glenn on Winnipeg's roster.[41] In his CFL preseason debut against the Alouettes on June 2, Quinn threw a 24-yard touchdown pass to Quentin McCord however the Blue Bombers lost 25\u201324.[42] After making the team out of training camp, Quinn injured his sternum and shoulder which caused him to miss three weeks.[43] In his first week back with Winnipeg, Quinn was forced into the starting role after Glenn suffered a knee injury.[44] However, a string of poor performances which included an interception in the end zone while Winnipeg was in field goal position led to his release on August 28.[45]\n"
        }
    ]
}