{
    "id": "nm0795345",
    "name": "Lex Shrapnel",
    "career": [
        {
            "header": "empty",
            "p3": "He has appeared in many film and television roles such as K-19: The Widowmaker, Nine Lives, Thunderbirds, Breakfast on Pluto, Flyboys, Ministry of Mayhem and The Last Detective. He also appeared in the Doctor Who audio play, Shadow of the Past.\n",
            "p4": "Shrapnel's Hotspur in Henry IV in the Royal Shakespeare Company's critically acclaimed 2008 production was described as 'thrillingly charismatic'.[2] He also has appeared on stage in 2011 in Terence Rattigan's The Deep Blue Sea performed at the West Yorkshire Playhouse. He is quoted as saying \"Before going in you set a high bar for yourself, but you've just got to get into rehearsals, do the work and hope it comes together\".[3]\n",
            "p5": "According to actress Emily Blunt on The Late Late Show with Craig Ferguson, he once played Romeo to her Juliet in a production of the Shakespeare play.\n"
        }
    ]
}