{
    "id": "nm0794688",
    "name": "Kent Shocknek",
    "career": [
        {
            "header": "empty",
            "p14": "Born Kent Schoknecht in Berkeley, California, he simplified the on-air spelling of his name upon arrival to Los Angeles television. After working at the Long Beach Press Telegram while attending the University of Southern California, Shocknek's first TV reporting job was in Sioux City, Iowa (KCAU-TV), followed by a three-year stint as anchor and Space Shuttle reporter in Orlando, Florida (WFTV).[3]\n",
            "p15": "In 1986, Shocknek anchored the start-up of L.A.'s first TV morning news program, Today in LA on KNBC-TV. Over the years, he broadcast \u2014frequently  single-handedly\u2014 such marathon events as the Los Angeles riots, O.J. Simpson murder trial, and numerous natural disasters.\n",
            "p16": "Shocknek first made national news headlines anchoring the 1986 launch and explosion of Space Shuttle Challenger; and a strong aftershock to the deadly 5.9 1987 Whittier Narrows earthquake. The threat of falling studio lights forced Shocknek to take cover under his set's desk for several seconds as he continued reporting about the ground- and studio movement.[4][5]\n",
            "p17": "After helming the consistently top-rated KNBC program for 15 years, Shocknek moved to morning newscasts at KCBS-TV (CBS2 in Los Angeles) in 2001. There, L.A. Confidential magazine named him one of L.A.'s top three anchors. He anchored live the September 11 attack on the World Trade Center, and subsequently reported live on the War in Iraq, Michael Jackson's funeral, presidential inaugurations; plus Southern California's seasonal wildfires and frequent high-speed freeway chases.[1] In November 2013, Shocknek and his popular morning coanchor Suzie Suh moved to prime-time spots on Los Angeles CBS TV-owned station KCAL9, anchoring #1-rated newscasts, \"KCAL9 News at 8 pm and 10\u00a0pm.\" In a move that surprised viewers, he retired from newscasting in late 2014. Shocknek's final newscast \u2014including a 10-minute career retrospective and farewell video featuring L.A. newsmakers and Hollywood celebrities\u2014 aired September 26, 2014.[6][7][8] Various local governments and agencies, including the City and County of Los Angeles, as well as the State of California, have honored him for his work.\n",
            "p18": "Shortly after Shocknek retired from news anchoring, the short film \"The 6 O'Clock\" premiered, starring Shocknek as the male lead in the role of a highly focused individual. He has acted in more than 100 major Hollywood film & TV productions, working for directors Steven Spielberg, Adam McKay in Anchorman: The Legend of Ron Burgundy, Barry Levinson, and Justin Lin, among others. In television, Shocknek has marked more than a dozen appearances as newsman \"Guy Ross\" in the crime procedural drama NCIS and its spin-off series, NCIS: Los Angeles. He also has held recurring roles in Criminal Minds, and the Amazon series, Bosch.\n",
            "p19": "Shocknek's voice is almost as well known as his image; he began writing and delivering the 60-second daily radio commentary Just A Minute with Kent Shocknek on CBS all-news radio station KNX-1070 AM in Los Angeles, in 2003.[1] Later, he launched Premiere Magazine Live!, a weekly national radio show about movies, in approximately 50 markets countrywide,[1] with his wife Karen, using the on-air surname Walters, working as co-host.[3]\n"
        }
    ]
}