{
    "id": "nm0702934",
    "name": "Hugh Quarshie",
    "career": [
        {
            "header": "empty",
            "p11": "Quarshie had considered becoming a journalist before taking up acting. He is a member of the Royal Shakespeare Company, and has appeared in many stage productions and television programmes, including the serial Behaving Badly with Judi Dench. He is well known for playing the roles of Sunda Kastagir in Highlander, Captain Panaka in Star Wars: Episode I \u2013 The Phantom Menace, and Ric Griffin on the television series Holby City. He attended the Star Wars fan event \"Star Wars Celebration\" in 1999. He portrayed Lieutenant Obutu in Wing Commander.\n",
            "p12": "He appeared in the 2007 two-part Doctor Who episode \"Daleks in Manhattan\"/\"Evolution of the Daleks\" as Solomon, the leader of the shanty town Hooverville. He headed the cast of Michele Soavi's The Church (1989) as Father Gus, and played Aaron the Moor in the BBC Television Shakespeare's Titus Andronicus.\n",
            "p13": "Quarshie has also narrated for television. His work includes the 2006 documentary Mega Falls of Iguacu (about the Igua\u00e7u Falls), the 2009 adaptation of Small Island, and the 2010 BBC Wildlife series The Great Rift: Africa's Wild Heart. \n"
        }
    ]
}