{
    "id": "nm0705356",
    "name": "Daniel Radcliffe",
    "career": [
        {
            "header": "empty",
            "p0": "Radcliffe first expressed a desire to act at age five,[28] and made his acting debut at age ten in BBC One's two-part adaptation of the Charles Dickens novel David Copperfield (1999), portraying the title character as a young boy.[29] He made his film debut in The Tailor of Panama (2001), an American film based on John le Carr\u00e9's 1996 spy novel, which was a moderate commercial success.[30]\n"
        },
        {
            "header": "2001\u20132011: Stardom with Harry Potter",
            "p0": "In 2000, producer David Heyman asked Radcliffe to audition for the role of Harry Potter for the film adaptation of Harry Potter and the Philosopher's Stone, the best-selling book by British author J. K. Rowling.[31][32] Rowling had been searching for an unknown British actor to personify the character, and the film's director Chris Columbus recalled thinking, \"This is what I want. This is Harry Potter\" after he saw a video of the young actor in David Copperfield.[33] Eight months later, following several auditions, Radcliffe was selected to play the part.[34] Rowling endorsed the selection, saying: \"I don't think Chris Columbus could have found a better Harry.\"[35] Radcliffe's parents originally turned down the offer, as they had been told that it would involve six films shot in Los Angeles.[36] Warner Bros. instead offered Radcliffe a two-film contract with shooting in the UK;[33] Radcliffe was unsure at the time if he would act in more than two Harry Potter films.[37]\n",
            "p1": "The release of Harry Potter and the Philosopher's Stone took place in 2001. Radcliffe received a seven-figure salary for the lead role, but asserted that the fee was \"not that important\" to him;[38] his parents chose to invest the money for him.[33] The film was highly popular and was met with positive reviews, and critics took notice of Radcliffe:[39] \"Radcliffe is the embodiment of every reader's imagination. It is wonderful to see a young hero who is so scholarly looking and filled with curiosity and who connects with very real emotions, from solemn intelligence and the delight of discovery to deep family longing,\" wrote Bob Graham of the San Francisco Chronicle.[40]\n",
            "p2": "A year later, Radcliffe starred in Harry Potter and the Chamber of Secrets, the second instalment of the series. Reviewers were positive about the lead actors' performances but had polarising opinions on the film overall. Harry Potter and the Prisoner of Azkaban (2004) was the third film in the series. Radcliffe's performance was criticised by The New York Times film critic A. O. Scott, who felt that co-star Emma Watson had to carry him with her performance.[41] Harry Potter and the Goblet of Fire (2005) was the second-highest grossing Harry Potter film at that point,[42] and Radcliffe singled out the humour as a reason for the film's creative success.[43]\n",
            "p3": "The future of the franchise was put into question when Radcliffe, Watson, and co-star Rupert Grint hesitated to sign on to continue their roles. By March 2007, however, Radcliffe had signed for the final Harry Potter films; his signing put an end to weeks of press \"speculation that he would be denied the role due to his involvement in Equus\", in which he had performed nude onstage.[44] Radcliffe reprised the role of Harry for the fifth time in Harry Potter and the Order of the Phoenix (2007). Radcliffe stated that director David Yates and co-star Imelda Staunton made Order of the Phoenix the \"most fun\" film to work on in the series.[45] His performance earned him several award nominations, and he received the 2008 National Movie Award for \"Best Male Performance\".[46] Radcliffe, Grint, and Watson left imprints of their hands, feet, and wands in front of Grauman's Chinese Theatre in Hollywood.[47] Harry Potter and the Half-Blood Prince, the series' sixth instalment, was released in July 2009. Radcliffe received nominations for \"Best Male Performance\" and \"Global Superstar\" at the 2010 MTV Movie Awards.[48]\n",
            "p4": "For financial and scripting reasons, the last Harry Potter book (Harry Potter and the Deathly Hallows) was divided into two films that were shot back-to-back.[49][50] This decision drew criticism from the series' fans, but Radcliffe defended the split, stating that it would have been impossible to properly adapt the final novel into a single film.[51][52]\n",
            "p5": "The two-film finale, Harry Potter and the Deathly Hallows \u2013 Part 1 and Part 2, was released in November 2010 and July 2011, respectively. While Deathly Hallows \u2013 Part 1 grossed $960 million, Deathly Hallows \u2013 Part 2 grossed more than $1.3 billion worldwide; as of May 2019, it was the 11th-highest-grossing film of all time. Deathly Hallows \u2013 Part 2 was critically acclaimed, as was Radcliffe's performance; Ann Hornaday of The Washington Post asked, \"Who could have predicted that Radcliffe, Grint and Watson would turn out to be good actors\"?[53][39] Critic Rex Reed remarked, \"Frankly, I'm sorry to see [Radcliffe] go\";[54] Roger Ebert gave the film a highly positive review, but felt that Radcliffe, Grint and Watson were \"upstaged by the supporting [actors].\"[55]\n",
            "p6": "Radcliffe acknowledged that some people would never be able to separate him from the Harry Potter character; however, he has said he is \"proud to be associated with this film series forever.\"[56] Despite positive feelings about the films, he has no interest in doing more Harry Potter films. After Rowling hinted about writing an eighth book, Radcliffe was asked if he would do another Harry Potter film, to which he replied, \"[It is] very doubtful. I think 10 years is a long time to spend with one character\".[57] Despite devoting so much time to the series, Radcliffe has asserted that he did not miss out on a childhood like other child actors, remarking, \"I've been given a much better perspective on life by doing Potter.\"[58]\n"
        },
        {
            "header": "2002\u20132008: West End and Broadway Theatre debut",
            "p0": "In 2002, Radcliffe made his stage debut as a celebrity guest in a West End production of The Play What I Wrote, directed by Kenneth Branagh\u2014who also appeared with him in the second Harry Potter film.[29][59] He appeared in the film December Boys, an Australian family drama about four orphans that was shot in 2005 and released to theaters in mid-September 2007.[60] On 13 April 2006, a portrait of Radcliffe by Stuart Pearson Wright was unveiled as part of a new exhibition opening at the National Theatre, before being moved to the National Portrait Gallery.[61]\n",
            "p1": "In 2007, Radcliffe co-starred with Carey Mulligan in My Boy Jack, a television drama film shown on ITV. The film received mostly positive reviews,[62] with several critics praising Radcliffe's performance as an eighteen-year-old who goes missing in action during a battle.[63][64][65] Radcliffe stated, \"For many people my age, the First World War is just a topic in a history book. But I've always been fascinated by the subject and think it's as relevant today as it ever was.\"[66] Later that year, he published several poems under the pen name Jacob Gershon\u2014a combination of his middle name and the Hebrew version of his mother's maiden name Gresham\u2014in the underground fashion magazine Rubbish.[1][2]\n",
            "p2": "At age seventeen, in a bid to demonstrate people that he was prepared for adult roles,[67] Radcliffe starred in a West End revival of Peter Shaffer's play Equus at the Gielgud Theatre. The piece had not been revived since its first run in 1973.[33] Radcliffe took on the lead role[59] of Alan Strang, a stable boy who has an obsession with horses. Advance sales topped \u00a31.7\u00a0million, and the role generated significant pre-opening media interest, as Radcliffe performed a nude scene.[33][68] Equus opened on 27 February 2007 and ran until 9 June 2007.[59] Radcliffe's performance was acclaimed,[69] as critics were impressed by the nuance and depth of his against-type role.[70] Charles Spencer of The Telegraph wrote that the actor \"displays a dramatic power and an electrifying stage presence that marks a tremendous leap forward.\" He added: \"I never thought I would find the diminutive (but perfectly formed) Radcliffe a sinister figure, but as Alan Strang ... there are moments when he seems genuinely scary in his rage and confusion.\"[71] The production transferred to Broadway at the Broadhurst Theatre in September 2008. Radcliffe continued in the lead role, starring alongside Kate Mulgrew, Anna Camp, and his Harry Potter co-star Richard Griffiths.[72][73] Radcliffe was nervous about reprising the role on Broadway as he considered American audiences to be more discerning than those in London.[74] Radcliffe's performance was nominated for a Drama Desk Award.[75]\n"
        },
        {
            "header": "2010\u20132018: Return to Broadway and independent films",
            "p0": "After voicing a character in The Simpsons episode \"Treehouse of Horror XXI\" in late 2010,[76] Radcliffe debuted as J. Pierrepont Finch in a 2011 Broadway revival How to Succeed in Business Without Really Trying at the Al Hirschfeld Theatre.[77] The role had previously been played by Robert Morse and Matthew Broderick.[78] Other cast members included John Larroquette, Rose Hemingway and Mary Faber.[79] Both the actor and production received favourable reviews,[80] with USA Today commenting: \"Radcliffe ultimately succeeds not by overshadowing his fellow cast members, but by working in conscientious harmony with them\u00a0\u2013 and having a blast in the process.\"[81] Radcliffe's performance in the show earned him Drama Desk Award, Drama League Award and Outer Critics Circle Award nominations.[82][83][84] The production itself later received nine Tony Award nominations.[85] Radcliffe left the show on 1 January 2012.[86]\n",
            "p1": "Radcliffe's first post-Harry Potter project was the 2012 horror film The Woman in Black, adapted from the 1983 novel by Susan Hill. The film was released on 3 February 2012 in the United States and Canada, and was released on 10 February in the UK. Radcliffe portrays a man sent to deal with the legal matters of a mysterious woman who has just died, and soon after he begins to experience strange events and hauntings from the ghost of a woman dressed in black.[87] He has said he was \"incredibly excited\" to be part of the film and described the script as \"beautifully written\".[88]\n",
            "p2": "In 2013, he portrayed American beat poet Allen Ginsberg in the thriller drama Kill Your Darlings, directed by John Krokidas.[89][90] He also starred in an Irish-Canadian romantic comedy film The F Word (2013) directed by Michael Dowseand written by Elan Mastai, based on TJ Dawe and Michael Rinaldi's play Toothpaste and Cigars and then he starred in an American dark fantasy horror film directed by Alexandre Aja Horns.[91][92][93][94] Both of the films premiered at the 38th Toronto International Film Festival.[95][96] Also in 2013, Radcliffe performed at the No\u00ebl Coward Theatre in the stage play revival of Martin McDonagh's dark comedy The Cripple of Inishmaan as the lead, Billy Claven,[97] for which he won the WhatsOnStage Award for Best Actor in a Play.[98]\n",
            "p3": "Radcliffe starred as Igor in a science fiction horror film Victor Frankenstein (2015), directed by Paul McGuigan and written by Max Landis. The film was based on contemporary adaptations of Mary Shelley's 1818 novel Frankenstein.[99] He also starred as Sam Houser, one of the founders of Rockstar Games, in the biographical drama film The Gamechangers.[100]\n",
            "p4": "Radcliffe starred in the action adventure film Now You See Me 2 (2016) alongside Mark Ruffalo, Jesse Eisenberg, and Woody Harrelson.[101] playing a technological prodigy, entrepreneur, criminal mastermind and a main leading antagonist all along with Michael Caine's character named Arthur Tressler (of whom Radcliffe's character is revealed to be the son), who whilst in turn resents magic.[102] In 2016, Radcliffe portrayed Manny, a talkative corpse, in the indie film Swiss Army Man with Paul Dano.[103] That same year, He also starred in critically acclaimed independent film Imperium (2016) with Toni Collette, and Tracy Letts. He played Nate Foster, an idealistic FBI agent who goes undercover to take down a radical white supremacy group.[104]\nThe film received an 84% on Rotten Tomatoes with the consensus reading, \"The unsettling Imperium boasts troublingly timely themes and a talented cast led by Daniel Radcliffe as an undercover FBI agent infiltrating a ring of white supremacists.\"[105]\n",
            "p5": "Radcliffe starred off-Broadway at The Public Theater in a documentary theatre piece titled Privacy, playing the role of The Writer.[106] In 2017, he starred as Yossi Ghinsberg in the thriller Jungle, which was based on an internationally best-selling memoir of the same name by Yossi Ghinsberg.[107] In 2018, Radcliffe portrayed a pilot smuggling drugs across borders in the independent action-thriller Beast of Burden directed by Jesper Ganslandt.[108] Radcliffe returned to Broadway in the ninety-minute comedy play The Lifespan of a Fact at Studio 54 Theatre with Bobby Cannavale and Cherry Jones. The play revolves around a determined young fact checker who goes up against his demanding editor and an unorthodox author.[109]\n"
        },
        {
            "header": "2019\u2013present: Television series and continued work",
            "p0": "In 2019, Radcliffe starred as Craig in the TBS comedy limited series Miracle Workers based on the book by Simon Rich.[110] The show's second season premiered on 28 January 2020. He voice\u2013starred as Rex Dasher, a secret agent who helps Marla, in the animated film Playmobil: The Movie directed by Lino DiSalvo.[111] In 2020, Radcliffe starred as Miles in the action comedy film Guns Akimbo directed by Jason Lei Howden and co-starring Samara Weaving and Natasha Liu Bordizzo.[112] He also starred as Tim Jenkin in the thriller film Escape from Pretoria, based on the real-life prison escape by three young political prisoners from jail in South Africa in 1979.[113] He also played the role of Prince Frederick in the Netflix special Unbreakable Kimmy Schmidt opposite Ellie Kemper.[114]\n",
            "p1": "Radcliffe reunited with multiple cast members of the Harry Potter film series for an HBO Max special titled Harry Potter 20th Anniversary: Return to Hogwarts, which was released on 1 January 2022.[115]\n",
            "p2": "Radcliffe stars as the villain in the action-adventure comedy film The Lost City, opposite Sandra Bullock and Channing Tatum.[116] He is slated to portray musician \"Weird Al\" Yankovic in Weird: The Al Yankovic Story, a biographical film produced for The Roku Channel,[117] and to star as Charley Kringas in an off-Broadway revival of the Stephen Sondheim musical Merrily We Roll Along, to be staged at New York Theatre Workshop in late 2022.[118]\n"
        }
    ]
}