{
    "id": "nm0750603",
    "name": "Alan Ruscoe",
    "career": [
        {
            "header": "empty",
            "p11": "On television, he has played Baraquel, Sariel and Araquiel in Sky One's Hex season 2, as well as a number of characters in the 2005 series of Doctor Who: Blon Fel-Fotch Passameer-Day Slitheen in \"Aliens of London\" and \"World War Three\" (and briefly in \"Boom Town\"), lead Auton in \"Rose\", the Anne Droid in \"Bad Wolf\" and \"The Parting of the Ways\", Trine-E in \"Bad Wolf\", and Lute of the Forest of Cheem in \"The End of the World\".  Ruscoe has also appeared in the Doctor Who audio dramas The Veiled Leopard, The Settling, Gallifrey: Annihilation and Bernice Summerfield: Paradise Frost for Big Finish Productions. He also played Andrew Stone, a Mars colonist later taken over by an alien lifeform in the November 2009 Doctor Who special \"The Waters of Mars\".\n",
            "p12": "In films, Ruscoe has played Daultay Dofine, Lott Dodd and Plo Koon in Star Wars: Episode I \u2013 The Phantom Menace, and the Mangalore Kino in The Fifth Element. He also played \"the Poulterer\" in a 2004 television adaptation of A Christmas Carol. He appears alongside Terence Stamp, Vanessa Redgrave and Gemma Arterton in \"Song For Marion\" released this year.\n",
            "p13": "In theatre, he has played Deputy and Snake Preacher in Whistle Down the Wind, Riff Raff in The Rocky Horror Show in the English Theatre Frankfurt, Bob Cratchit in the 2004 touring version of Scrooge and Gussie Fink-Nottle in the 2007 UK tour of By Jeeves. In Germany, he played \"Bob\" the pizza-boy-eating alien for the T-Online television and poster campaign.\n"
        }
    ]
}