{
    "id": "nm0799777",
    "name": "J.K. Simmons",
    "career": [
        {
            "header": "Stage",
            "p0": "On Broadway, Simmons played Benny Southstreet in the 1992 revival of Guys and Dolls.[14] In 1994, he sang multiple roles in the Wagner opera satire Das Barbec\u00fc.[10] He also played the role of Jigger in a revival of Carousel with the Houston Grand Opera and starred in the 1987 Off-Broadway musical Birds of Paradise. During his time on Broadway, Simmons also played Captain Hook in Peter Pan (1991\u20131992).[15]\n"
        },
        {
            "header": "Film and television roles",
            "p0": "Simmons made his first appearance in a live action television role in the show Popeye Doyle, appearing as a patrol officer. The next year Simmons appeared on All My Children, as an RCMP sergeant. Among his more notable roles are Dr. Emil Skoda, a police psychiatrist whom Simmons played on three of the four incarnations of Law & Order and New York Undercover, and sadistic neo-Nazi inmate Vernon Schillinger on the prison drama Oz.[16]\n",
            "p1": "He starred in the science fiction thriller Counterpart from 2017 to 2019, playing dual roles as Howard Silk and Howard Silk Prime.\n",
            "p2": "He appeared as Ralph Earnhardt, the father of race-car driver Dale Earnhardt, in 3: The Dale Earnhardt Story, and also made appearances as Will Pope, Assistant Chief of the LAPD, in the series The Closer. In the show Raising Hope, he plays Burt Chance's brother Bruce Chance. In a precursor to joining the Law & Order cast as Skoda, Simmons appeared in Homicide: Life on the Street, portraying a criminal in a Law & Order cross-over episode. Other roles include that of an army general in the television sitcom Arrested Development, and Dan the Barber in the surreal Nickelodeon series The Adventures of Pete & Pete in 1995.[17]\n",
            "p3": "He played B.R. in the film Thank You for Smoking (2005) and has been praised for his performance in Juno (2007) as \"Mac\" McGuff, the title character's father. Simmons played J. Jonah Jameson, editor-in-chief of the newspaper Daily Bugle, in all three of Sam Raimi's Spider-Man films,[18] as well as in the expanded video game adaptation of Spider-Man 3.[19] In 2008, he played a CIA superior in Burn After Reading and appeared in Postal as Candidate Welles. He also appeared in I Love You, Man as the father of Paul Rudd's character.[20]\n",
            "p4": "Throughout 2011 to 2018, Simmons was a prime time voice actor for the Adult Swim stop-motion series Robot Chicken. Simmons performed various voices for several characters over the last couple of years. For example, one of the characters that he played was Vernon Schillinger (in 2011) for a singular episode.[21] In 2011 and 2014, he also made a surprise to fans as he voiced Master Chief for various scenes throughout two episodes. Lastly in 2018, he voiced the widely known J. Jonah Jameson for an episode.\n",
            "p5": "Simmons starred in several films produced or directed by his friend Jason Reitman, including Thank You for Smoking, Juno, Up in the Air, and Jennifer's Body. In 2013, he had a small role as Mr. Jervis in Reitman's film Labor Day. He voices Tenzin, an Airbending master and the son of Aang and Katara, in the 2012 Nickelodeon series The Legend of Korra. He starred as blind lawyer \"Mel Fisher\" in Growing Up Fisher.[22] From 2015 to 2016, he voiced the scientist Stanford Pines on the Disney XD cartoon series Gravity Falls.[23]\n",
            "p6": "In the 2014 drama film Whiplash, Simmons played Terence Fletcher, an intensely demanding bandleader at the fictional Shaffer Conservatory of Music, who bullies and cajoles his student, Andrew Neiman (Miles Teller). The wide acclaim for Simmons's performance included winning an Academy Award for Best Supporting Actor.[24] Rolling Stone said \"Beat the drums for an Oscar for Simmons.\" Richard Roeper of the Chicago Sun-Times said \"Simmons delivers one of the most memorable performances of the year.\"[25] Entertainment Weekly summed up the reaction by saying Simmons's performance \"has been universally praised\" and that he was \"a leading contender for Best Supporting Actor.\"[26] On January 11, 2015, Simmons won the Golden Globe Award for Best Supporting Actor \u2013 Motion Picture,[27] and he went on to win the Academy Award for Best Supporting Actor on February 22, 2015.[28]\n",
            "p7": "In January 2015, Simmons was cast in a leading role in the film Kong: Skull Island,[29] though he and Michael Keaton later exited the film.[30] Simmons performed a substantial number of voice-over roles alongside his live action work. Several of these have arisen from his J. Jonah Jameson character in Raimi's Spider-Man films, including voices of two newspaper editors in episodes of the eighteenth season of The Simpsons. While unnamed, these characters are clearly meant to emulate Jameson (one, bearing Jameson's appearance, demands \"pictures of Spider-Man,\" then once reminded he works at a poetry journal, demands \"poems about Spider-Man\").[31] Likewise, Simmons voiced an editor-in-chief of a newspaper (with Jameson's appearance and mannerisms) for a 2013 episode of The Hub's Pound Puppies. In 2015, he appeared as the German expatriate Sebastian in the Greek drama film Worlds Apart. In 2016, Simmons lent his voice to two animated films, voicing the antagonist Kai in Kung Fu Panda 3 and Mayor Lionheart in Zootopia.[32][33]\n",
            "p8": "Simmons reprised his role as the voice of J. Jonah Jameson in the animated series The Avengers: Earth's Mightiest Heroes, Ultimate Spider-Man, Avengers Assemble, and Hulk and the Agents of S.M.A.S.H..[21] In friend Reitman's film Young Adult, he voiced the protagonist's boss, via a series of voicemails. He also provided the voice of General Wade Eiling in Justice League Unlimited.[21] He recorded an audiobook for Tom Clancy's Net Force: Point of Impact.\n",
            "p9": "In 2016, Simmons portrayed Watertown Police Sergeant Jeffrey Pugliese in the film Patriots Day.[34]\n",
            "p10": "In 2017, Simmons portrayed Commissioner James Gordon in Joss Whedon's film Justice League, part of the DC Extended Universe. He reappeared in archive footage for Zack Snyder's Justice League, the 2021 director's cut.[35][36] Simmons was set to reprise the role in the 2022 Batgirl film before its cancellation.[37][38] He voiced himself in an episode of SuperMansion.[39]\n",
            "p11": "In the field of television commercials, Simmons is widely known for being the voice of the yellow M&M, a role he has played since 1996, replacing John Goodman.[40] He has also done voice-over work for Norelco razors. In live-action, he is featured as Professor Nathaniel Burke of the University of Farmers in ads for Farmers Insurance Group, since 2010.[41]\n",
            "p12": "In 2017, Simmons had a small cameo for a role in SpongeBob SquarePants of Conductor Maestro Mackerel for an episode.[42]\n",
            "p13": "In 2019, Simmons reprised his role of J. Jonah Jameson in the Marvel Cinematic Universe film Spider-Man: Far From Home, as a cameo in the mid-credits scene. He is the second actor to portray the same character in both a non-MCU and MCU film, following Lou Ferrigno as the voice of the Hulk.[43][44] He returns in the role in the 2019 web series The Daily Bugle and the films Venom: Let There Be Carnage and Spider-Man: No Way Home, both released in 2021.[45][better\u00a0source\u00a0needed]\n",
            "p14": "In 2020, he had a guest spot as Frank Dillman on the police sitcom Brooklyn Nine-Nine.[46] He also narrated the Netflix limited series documentary Coronavirus, Explained[47] and co-starred in the critically acclaimed sci-fi/comedy Palm Springs, which premiered at the Sundance Film Festival in January and on Hulu in July.[48]\n",
            "p15": "From 2014 to 2020, Simmons voiced Lenny Turteltaub in the animated show BoJack Horseman.[21]\n",
            "p16": "In 2021, Simmons provided the voice for Omni-Man in the animated show Invincible, played the role of George Zax, CEO of a family-owned and operated pharmaceutical company on the fourth season of Goliath, and also appeared in the military science-fiction film The Tomorrow War.[49]\n",
            "p17": "In 2021, Simmons was the voice of Tusk Johnson, Mountain Man in the animated show The Great North.\n",
            "p18": "In 2021, Simmons portrayed William Frawley in the Amazon movie Being the Ricardos, for which he received his second Academy Award nomination.[50]\n"
        },
        {
            "header": "Video games",
            "p0": "In 2005, Simmons also reprised his role of J. Jonah Jameson, as a voice actor, for the PSP version of Spider-Man 2: The Video Game. Later in 2007, he also voiced the same character of Jameson in the next game of the series: Spider-Man 3: The Video Game.[19] Simmons, also in 2007, decided to voice Jameson one last time in Stern Pinball: Spider-Man.[21]\n",
            "p1": "Simmons appears as the anti-communist U.S. President Howard T. Ackerman in the video game Command & Conquer: Red Alert 3 and for a series of promotional advertisements parodying the 2008 presidential elections. In these advertisements, he offers himself (as Ackerman) as an alternative to other, unnamed presidential candidates and uses the slogan \"Vote for me, if you want to live\".[51]\n",
            "p2": "In 2011, Simmons also appeared in Generator Rex: Agent of Providence, as White Knight.[21]\n",
            "p3": "In April 2011, he appeared in Portal 2 as the voice of Aperture Science founder Cave Johnson,[52] a performance that was lauded as the \"surprise star turn\" of the game.[53][failed verification] He reprised his role as Cave Johnson in the 2015 video game Lego Dimensions, and the 2022 video game Aperture Desk Job.[54]\n",
            "p4": "Simmons provided the voice-over for the M&M's \"spokescandy\", Yellow in M&M's: Shell Shocked and M&M's: The Lost Formulas.[55]\n"
        }
    ]
}