{
    "id": "nm0784884",
    "name": "Rade Serbedzija",
    "career": [
        {
            "header": "empty",
            "p15": "As war broke out in Yugoslavia, \u0160erbed\u017eija initially moved to Serbia in 1992, then Slovenia before eventually spending some time London, England at the invitation of actor and friend Anthony Andrews.[7] While in London, \u0160erbed\u017eija met with Macedonian-American director Milcho Manchevski who cast him in his 1994 film Before the Rain.[12] The performance earned him a Critics Award for Best Actor at the Venice Film Festival.[22]\n",
            "p16": "Prior to leaving Yugoslavia, \u0160erbed\u017eija appeared in two films that were released in the West; Hanna's War (1988) and Manifesto (1989).[7]\n",
            "p17": "\u0160erbed\u017eija has had supporting roles in Hollywood films such as Mission: Impossible 2, Mighty Joe Young, The Saint, Eyes Wide Shut, Snatch, and Space Cowboys among others.[23] He is usually known for playing villains.[10][24]\n",
            "p18": "He had a cameo in Batman Begins; he was asked to reprise his cameo role in The Dark Knight, but declined.[citation needed]\n",
            "p19": "In 2001, he starred in a television production of Rodgers and Hammerstein's musical South Pacific as French plantation owner Emile de Becque.[25] He also appeared in the BBC spy-thriller show Spooks for one episode as a villain. In 2005 he played Captain Blake in Rupert Wainwright's remake of The Fog,[26] and had a supporting role in the NBC science fiction series Surface.[27] In 2007 he played Athos Roussos in Jeremy Podeswa's feature film adaptation of Anne Michaels' novel Fugitive Pieces.[28]\n",
            "p20": "His performance in the Canadian film Fugitive Pieces (2007) was nominated for a Genie Award[29] and Satellite Award for Best Supporting Actor.[30]\n",
            "p21": "He portrayed Dmitri Gredenko on the sixth season of the hit Fox show 24.[31]\n",
            "p22": "In 2009 \u0160erbed\u017eija was cast in Harry Potter and the Deathly Hallows \u2013 Part 1 as the famous foreign wandmaker Gregorovitch.[32] In 2014, \u0160erbed\u017eija appeared in six episodes of Downton Abbey as Prince Kuragin,[33] a Russian exile and long-ago lover of the Dowager Countess Violet Crawley, portrayed by Dame Maggie Smith.\n"
        }
    ]
}