{
    "id": "nm0789107",
    "name": "Matthew Sharp",
    "career": [
        {
            "header": "empty",
            "p6": "In mid-1991, Sharp moved north to Berkeley, California, to pursue what Weezer collaborator Karl Koch described as \"some sorta symphonic keyboard sequencing music\".[5] Other members of the band moved to separate apartments.[6] In January 1992, Wilson showed him material he and Cuomo had been working on. Impressed, Sharp returned to Los Angeles to join the band, now under the name Weezer.[7]\n"
        },
        {
            "header": "1994\u20131999: Weezer and the Rentals",
            "p0": "Weezer released their self-titled debut album in May 1994. It was certified platinum in January 1995.[8] In early 1994, Sharp founded the Rentals.[9] They released their debut album Return of the Rentals the following year, which featured the radio hit \"Friends of P\".[10]\n",
            "p1": "Weezer's second album, Pinkerton, was released in September 1996. With a darker, more abrasive sound, Pinkerton was a commercial and critical failure, but attained critical acclaim later.[11] Following the mixed response to Pinkerton, Weezer went on a five-year hiatus.[12] In 1998, Sharp left Weezer due to differences with the band members.[13] In 2016, he said of his departure: \"I don't really know how to speak on this because I don't know what should be kept private and what should be shared. I certainly have my view of it, as I'm sure everybody else has their sort of foggy things. When you have a group that doesn't communicate, you're going to have a whole lot of different stories.\"[14]\n",
            "p2": "In 1999, the Rentals released their second album, Seven More Minutes. Among its contributors were Damon Albarn (of Blur and Gorillaz), Donna Matthews (of Elastica), Miki Berenyi (of Lush), and Tim Wheeler (of Ash).[15] Maya Rudolph (later of Saturday Night Live) was a member of the touring band during this time. The track \"My Head is in the Sun\" was co-written with Weezer frontman Rivers Cuomo.[16] The album sold considerably less than Return of the Rentals, and the Rentals went on hiatus in late 1999.[17]\n"
        },
        {
            "header": "2000\u20132003: Solo records and Weezer lawsuit",
            "p0": "Sharp moved[when?] to the town of Leiper's Fork, Tennessee, and began recording. In an interview with MTV News, Sharp said he was trying to cut ties to the music world.[18][19] Sharp went on an acoustic tour in 2002 with former Cake guitarist Greg Brown.[20] In 2003, after a four-year hiatus,[18] Sharp returned with an EP, Puckett's Versus the Country Boy.[21]\n",
            "p1": "On April 19, 2002, Sharp filed a five-count federal lawsuit against Weezer.[22] He alleged he was owed royalties for co-writing Weezer's first hit, \"Undone \u2013 The Sweater Song\", and that he owned a 25% interest in the first nine tracks of Pinkerton, which had been credited solely to Cuomo. Sharp also claimed he had handled most of Weezer's business affairs during their early success, including the hiring of accountants and attorneys, as well as helping the band secure their record deal.[22][23] The lawsuit also stated that Cuomo was going to ask him to appear in the music video for their 2001 song \"Island in the Sun\".[23] Finally, Sharp charged his former bandmates with breach of fiduciary duty, legal malpractice, dissolution of partnership, and declaratory relief.[24] The lawsuit was settled out of court.[25]\n"
        },
        {
            "header": "2003\u2013present: Reunion with Cuomo, re-formation of the Rentals",
            "p0": "In 2003, Sharp released a solo EP, followed by a self-titled solo album in 2004. He continued to tour in 2004\u20132005 with the band Goldenboy.\nOn February 12, 2004, Weezer frontman Rivers Cuomo sat in during a solo performance by Sharp at California State University, Fullerton. They played four songs together: the Sharp/Cuomo collaborations \"Mrs. Young\" and \"Time Song\", and the Weezer songs \"Say It Ain't So\" and \"Undone\".[27] Sharp announced at the show that he and Cuomo would be working on a record together.[28] Later in 2004, Sharp announced on his website that although he and Cuomo had come up with \"15 or 16 new song ideas\", their \"special brand of dysfunctionality\" might keep them from finishing the project.[29]",
            "p1": "In March 2004, Sharp recorded synthesizer on So Jealous by Canadian indie pop band Tegan and Sara.[29] After a slow period in 2005, Sharp contemplated what to do next, considering either a new solo album or starting a new collaborative partnership. The possibility of him rejoining Weezer was also an option;[30] although this did not happen, in a 2006 interview, Sharp credited these conversations with Cuomo as giving him the idea to return to writing pop music, which eventually led him to re-form the Rentals.[31] These ideas particularly strengthened after meeting Sara Radle.[32][33] In 2005, six years after 1999's Seven More Minutes, the Rentals re-formed; the new lineup included original backup vocalist Rachel Haden, Sara Radle, Ben Pringle of Nerf Herder, Lauren Chipman, and Dan Joeright. Sharp and the Rentals toured North America in the summers of 2006 and 2007.\n",
            "p2": "The Rentals released The Last Little Life EP on August 14, 2007. Between Rentals tours, Sharp returned to work in early 2007 with Tegan and Sara on their next album, The Con, later appearing at their concerts in 2008 to play bass in a cover of Weezer's \"Tired of Sex\".[34]\n",
            "p3": "After the three releases in the Songs About Time series in April, July, and October 2009, Sharp and the Rentals went on hiatus. In October 2010, Sharp sold most of his equipment from his Weezer and Rentals days on eBay. His Orange Matamp Lead 200 was purchased by Greg Veerman, bassist of Canadian rock band San Sebastian.[citation needed] In November 2010, Cuomo mentioned in an interview with Spin that \"the idea came up\" of having Sharp rejoin the band for their \"Memories Tour\", in which they play The Blue Album and Pinkerton. Cuomo said: \"I think we left that idea behind pretty early on. I don't remember. I wasn't involved in the discussion so I don't know what the issues were.\"[35]\n",
            "p4": "In 2011 Sharp provided guest vocals on the song \"FAQ\" by Berri Txarrak, a Basque band whose live album Zertarako Amestu (2007) had significant influence on Songs About Time. [36]\n"
        }
    ]
}