{
    "id": "nm0742146",
    "name": "Michael Rosenbaum",
    "career": [
        {
            "header": "empty",
            "p7": "Once in New York, Vincent Letizia, an MTV Networks intern spotted his 8\u00d710 black-and-white photo in a batch of other casting submissions for a pilot called \"Talk Girl\". The pilot was never green-lighted, but Rosenbaum stood out as a newly discovered talent. A new MTV pilot was conceived specifically for Rosenbaum with the working title of The Michael Rosenbaum Project. The project later became known as \"Working Stiff\" and covered Rosenbaum in a reality television setting as a temp, who would walk into a different job each day. The pilot featured Rosenbaum as a Cat filling in on Broadway's \"Cats\" musical, and as a zoo keeper filling in at the zoo, sweeping animal manure and the like. The pilot never took off with MTV executives.\n",
            "p8": "In 2001, Rosenbaum received a Saturn Award for his portrayal of Lex Luthor on Smallville. Continuing in the superhero genre, he played Wally West (a.k.a. the Flash) in the DC Comics animated series Justice League, Static Shock, and Justice League Unlimited as well as portraying a younger version of Wally West as Kid Flash in Teen Titans. In the third season Justice League Unlimited episode \"Great Brain Robbery\", Rosenbaum reprised his role as Lex Luthor when his character was trapped in Clancy Brown's Lex Luthor's body. In February 2008, Rosenbaum confirmed that he would be leaving Smallville after the seventh season of the show. After many months of speculation and him first turning down the contract to return, it was announced on February 11, 2011 that Rosenbaum would return to Smallville for the two-hour series finale, which aired on May 13, 2011,[8] with Rosenbaum reprising his role as Lex Luthor.[9]\n",
            "p9": "In 2012, Rosenbaum appeared in Hit and Run, a movie that he made with his friends Dax Shepard and Kristen Bell. Michael portrayed the character Gil, a jealous ex-boyfriend from Annie's (Bell's character) past.[10]\n",
            "p10": "Rosenbaum has a few notable vocal impressions in his repertoire, Christopher Walken, Keanu Reeves, Rodney Dangerfield, Dudley Moore, John Malkovich, Harry Carey and Kevin Spacey. The makers of the DCAU have used these impressions in their work, having Rosenbaum do his Walken voice for Ghoul in Batman Beyond: Return of the Joker and his Spacey voice for Deadshot; Spacey coincidentally portrayed Lex Luthor in the film Superman Returns, and Walken played Max Shreck in Batman Returns. He wrote the original SyFy comedy series Saved By Zeroes; yet was never picked up to series.[11][12] He was also a regular in Fox's original sitcom Breaking In with Christian Slater.\n",
            "p11": "In 2014, Rosenbaum made his feature-film directorial and writing debut with the comedy Back in the Day, where he stars as an actor who returns to his hometown in Indiana for a class reunion. The movie was filmed in Newburgh and Evansville, Indiana and also starred Morena Baccarin, Nick Swardson and Harland Williams.[13][14]\n",
            "p12": "Prior to the production of Back in the Day, Rosenbaum planned to direct another comedy film, titled Sorry is For Sissies. The film had a cast including Jon Heder, Colin Hanks, Jennifer Love Hewitt, Seth Green and Nick Swardson, however, at least half of the film's budget was lost, and the film was scrapped.[15]\n",
            "p13": "On June 17, 2014, Rosenbaum was cast as the lead in the TV Land original sitcom Impastor. The plot has been summarised as a \"low-life who hides out in a small town by conning the residents into thinking he is their newly hired gay pastor\". Rosenbaum was also an Executive Producer.[16]\n",
            "p14": "In 2017, Rosenbaum served as narrator for the reality television show Hunted which pitted investigators against teams of ordinary citizens trying to evade capture as fugitives.[17]\n",
            "p15": "In 2018, Rosenbaum debuted his casual celebrity interview-based podcast called Inside of You with Michael Rosenbaum. His first guest was his Smallville co-star Tom Welling.[18] Since then his guests have included many celebrities such as Bob Odenkirk, Henry Winkler, Kiefer Sutherland, Judd Apatow, Kristin Bell and more. In July, 2022,  Rosenbaum and Tom Welling launched the podcast Talkville, where they re-watch every episode of Smallville.[19][20]\n",
            "p16": "On August 5, 2022, Rosenbaum confirmed that he will reprise the role of Martinex in Guardians of the Galaxy Vol. 3 which will be released in May 2023.[21]\n"
        }
    ]
}