{
    "id": "nm0719637",
    "name": "Jeremy Renner",
    "career": [
        {
            "header": "Early work",
            "p0": "Renner made his film debut as an underachieving student in the 1995 comedy National Lampoon's Senior Trip.[12] Although the film was critically panned, he went on to guest star on two television shows, Deadly Games and Strange Luck, and had a minor role in the television film A Friend's Betrayal as the friend of Paul Hewitt (Brian Austin Green). Over the next few years, Renner had guest roles in Zoe, Duncan, Jack and Jane (1999), The Net (1999), The Time of Your Life (1999), and Angel (2000).[13] Renner had a small role in an episode of CSI: Crime Scene Investigation in 2001. Renner worked as a makeup artist during this period to help make ends meet.[14]\n"
        },
        {
            "header": "Early success: 2002\u20132008",
            "p0": "In 2002, Renner starred in Dahmer as the eponymous serial killer Jeffrey Dahmer. He found the non-fiction role a challenge to cope with after he had finished shooting the film, knowing that Dahmer murdered seventeen victims.[15] His performance was well received, and he gained a nomination for the Independent Spirit Award for Best Lead Male. He also appeared in Pink's 2003 music video for her song \"Trouble\" as a Bad Boy Sheriff.[16] Renner went on to appear in S.W.A.T.[17] as the former police partner of Colin Farrell's character in 2003 and The Heart Is Deceitful Above All Things in 2004.[18]\n",
            "p1": "In 2005, Renner starred with Julia Stiles and Forest Whitaker in A Little Trip to Heaven,[19] with roles in North Country and 12 and Holding. He next starred as a neo-Nazi skinhead who is admitted into a psychiatric hospital in Neo Ned with Gabrielle Union. The film won awards at multiple film festivals, including the Palm Beach International Film Festival Award for Best Actor. Renner also had a small (though uncredited) role in skateboard film Lords of Dogtown as the manager of Emile Hirsch's character. In 2006, he starred with Ginnifer Goodwin in Love Comes to the Executioner.\n",
            "p2": "Renner had supporting roles in 2007 in the critically acclaimed The Assassination of Jesse James by the Coward Robert Ford as Wood Hite, the cousin of outlaw Jesse James (portrayed by Brad Pitt), and as Sergeant Doyle in 28 Weeks Later.[20] He starred with Minnie Driver in Take and guest starred as a patient in an episode of House as a reckless rock musician. Renner had a role in the pilot of The Oaks[21] but the series was not picked up.[22]\n"
        },
        {
            "header": "2009\u2013present",
            "p0": "After starring with Dallas Roberts in the comedy-drama Ingenious and starring in the short-lived television series The Unusuals, Renner went on to achieve critical success for his portrayal of bomb disposal expert, Sergeant William James in the 2009 Iraq war thriller The Hurt Locker (directed by Kathryn Bigelow). The role earned him several awards in the Best Actor category and his first Academy Award nomination for Best Actor[23] as well a Screen Actors Guild Award nomination.[24]\n",
            "p1": "In 2010, Renner's performance in Ben Affleck's The Town alongside Jon Hamm, Blake Lively, Slaine and Michael Yebba garnered him rave reviews and his second Academy Award nomination for Best Supporting Actor.[25] He also gained his first Golden Globe nomination for Best Supporting Actor[26] and his second Screen Actors Guild nomination.[27] The Hollywood Reporter named Renner as one of the young male actors who are \"pushing\u00a0\u2013 or being pushed\" into taking over Hollywood as the new \"A-List\".[28]\n",
            "p2": "In 2011, Renner had an uncredited cameo appearance as Hawkeye in Thor for familiarity with his character for The Avengers, which was released in May 2012.[29][30][31] The same year, he also starred in the fourth film in the Bourne franchise, The Bourne Legacy, which was written and directed by Tony Gilroy.[32] Renner played a new lead character, Aaron Cross, in place of Jason Bourne, who was played by Matt Damon in the first three films. Renner has expressed interest in doing a Bourne film with Damon in the future, stating that \"[it] would be kick-ass. I love Matt\".[33]\n",
            "p3": "Renner starred in the action horror film Hansel & Gretel: Witch Hunters (released in January 2013), in which he and Gemma Arterton played Hansel and Gretel, respectively. The 3-D film was set 15 years after Hansel and Gretel killed the witch who kidnapped them.[34] Renner was also featured in the ensemble cast of David O. Russell's dramedy American Hustle based on the controversial FBI ABSCAM operation of the late 1970s and early 1980s. The film, which was released in December 2013, also starred Christian Bale, Bradley Cooper, Amy Adams and Jennifer Lawrence in principal roles. The film earned much critical acclaim, including the Screen Actors Guild Award for Outstanding Performance by a Cast in a Motion Picture and a nomination for the Academy Award for Best Picture. In October 2014, Renner starred as journalist Gary Webb in the Focus Features film Kill the Messenger, based on Webb's book Dark Alliance. Renner also co-produced the film. In December 2014, Crackle aired The Throwaways, a film for which he served as executive producer.[35]\n",
            "p4": "In 2015, Renner reprised his role as Hawkeye in Avengers: Age of Ultron, the sequel to The Avengers.[36] He returned to the Mission: Impossible franchise in Mission: Impossible\u00a0\u2013 Rogue Nation, released in July 2015.[37] In 2016, Renner played Hawkeye again in the summer blockbuster film Captain America: Civil War, and starred with Amy Adams in the sci-fi film Arrival.[38] Renner is a producer of the 2016 film The Founder starring Michael Keaton as Ray Kroc, the man who turned McDonald's into one of the world's largest restaurant chains.[39] In 2015, his production company The Combine signed a deal with PalmStar Media.[40]\n",
            "p5": "In 2016, History announced their historical drama Knightfall, executive produced by Renner, who is expected to guest star.[41] In 2017, while working on the film Tag (2018), Renner fractured his right elbow and his left wrist.[42] He also appeared in the film Wind River with his MCU co-star Elizabeth Olsen.[43]\n",
            "p6": "Renner filmed scenes as Hawkeye for Avengers: Infinity War[44] and Avengers: Endgame,[45] but ultimately did not appear in the former.[46] Because of resulting scheduling conflicts, he was unable to reprise the role of William Brandt in Mission: Impossible\u00a0\u2013 Fallout (2018).[47] In July 2018, Jeremy Renner was announced to play Twitch Williams in Todd McFarlane's Spawn reboot.[48]\n"
        },
        {
            "header": "Music",
            "p0": "Renner is also a singer-songwriter, guitarist, keyboardist, and drummer. Early in his acting career, he performed in the Sons of Ben. He has performed songs on several film soundtracks: \"I Drink Alone\" for North Country, \"American Pie\" for Love Comes to the Executioner, and \"Good Ole Rebel\" for The Assassination of Jesse James by the Coward Robert Ford. He also appeared in music videos for \"Trouble\" by P!nk and \"Scenes on Sunset\" by Brother Sal.\nHe was featured in Sam Feldt's 2018 single, \"Heaven (Don't Have a Name)\".[49]\n",
            "p1": "He released his first extended play, \"The Medicine\" in March 2020.[50]\n"
        },
        {
            "header": "Jeremy Renner Official mobile app",
            "p0": "Renner released a mobile app called \"Jeremy Renner\" (Android) and \"Jeremy Renner Official\" (iOS) in March 2017. The app was created by Escapex, a company that specializes in monetized apps for celebrities.[51]\n",
            "p1": "FastCompany wrote extensively about Renner's app in April 2019, calling it \"a surprising new kind of social media\".[52] Discussing the self-referential nature of the app, The Ringer stated \"Jeremy Renner's Jeremy Renner app is the Jeremy Renner of apps.\"[53]\n",
            "p2": "The community developed to include memes, selfies, and a \"Happy Rennsday\" event on Wednesdays. As early as October 2017, there were claims of censorship, bullying, and \"contest-rigging\". In September 2019, comedian Stefan Heck publicized his discovery of the fact that replies through the app appear as if they were sent by Renner himself in push notifications. After several users abused this feature, Renner asked Escapex to shut down the app.[54][55][56][57][58]\n"
        }
    ]
}