{
    "id": "nm0811583",
    "name": "Zack Snyder",
    "career": [
        {
            "header": "empty",
            "p5": "Snyder made his feature film debut with the remake of the horror film Dawn of the Dead (2004), and scored a box office hit with the fantasy war film 300 (2006), adapted from writer-artist Frank Miller's Dark Horse Comics miniseries of the same name. His Warner Bros. film Watchmen was released on March 6, 2009, and grossed $185\u00a0million worldwide. His follow-up project/animation debut, Legend of the Guardians: The Owls of Ga'Hoole, was released on September 24, 2010. Snyder produced, co-wrote, and directed Sucker Punch,[11] which was released on March 25, 2011. The film, based on a script written by Snyder and Steve Shibuya, was about a young woman in a mental hospital who fantasizes of escape with her fellow inmates.\n",
            "p6": "He directed 2013's Man of Steel for Warner Bros., a reboot of the Superman franchise and the jumpstart to the DC Extended Universe (DCEU) and produced the prequel/sequel to 300, 300: Rise of an Empire (2014).\n",
            "p7": "During Comic Con 2013, Snyder announced that Batman and Superman would share the screen in Batman v Superman: Dawn of Justice, released in 2016. Snyder directed, Cavill reprised his role as Superman, and Ben Affleck played Batman.[12] Snyder directed Warner Bros.' 2017 Justice League, but he exited during post-production to deal with the death of his daughter, Autumn Snyder.[13][14] His replacement was Joss Whedon.[14][1]\n",
            "p8": "On January 29, 2019, Snyder announced that he had signed on to helm Army of the Dead, a zombie heist thriller, for Netflix. Snyder directed and produced the film with his partner and wife, Deborah Snyder, via their newly rebranded production company, The Stone Quarry.[15] His agreement with Netflix has since expanded into several Army of the Dead projects; Army of Thieves, a prequel released in 2021, and Planet of the Dead, a sequel to be created.[16]\n",
            "p9": "On May 20, 2020, Snyder announced that Zack Snyder's Justice League would be released on the streaming service HBO Max in 2021.[17] The film was released on March 18, 2021.\n"
        },
        {
            "header": "Future and potential projects",
            "p0": "In July 2021, Snyder was officially announced to be developing the film Rebel Moon for Netflix. It will be inspired by Star Wars and the films of Akira Kurosawa.[18] Filming began in April 2022 and will last until November that year, with the project being developed as a two-part film.[19][20]\n",
            "p1": "As of May 2021, Snyder was working on Horse Latitudes, formerly known as The Last Photograph, a drama about a war photographer in South America.[21]  He was also working on an adaptation of the 1943 novel The Fountainhead by Ayn Rand,[22][23][24] but confirmed he had abandoned it in 2021 due to political reasons.[25] He has also expressed an interest in making a film, in the style of 300, about George Washington.[26]\n",
            "p2": "Snyder will produce Twilight of the Gods, an anime-style web series inspired by Norse mythology for Netflix.[27] Snyder is also developing a King Arthur film, which he said will be a \"faithful retelling\".[28] It will be set during the American Gold rush era.[29]\n",
            "p3": "Following Rebel Moon, Snyder will return to direct Planet of the Dead, a sequel to Army of the Dead.[30] He also signed a first-look deal with Netflix.[31]\n"
        }
    ]
}