{
    "id": "nm0876128",
    "name": "Edward Tudor-Pole",
    "career": [
        {
            "header": "empty",
            "p2": "Tudor-Pole has appeared in numerous films and plays, and was the presenter on The Crystal Maze,[12] replacing Richard O'Brien from 1993 until the show's hiatus in 1995. He appeared in Between the Lines in 1992, playing a Liverpudlian villain. His film and play credits include The Rocky Horror Show[13] (written by his Crystal Maze predecessor), Jim Cartwright's play Road at the Royal Court Theatre,[14] The Great Rock 'n' Roll Swindle (1980),[15] Absolute Beginners (1986),[16] Drowning by Numbers (1988),[17] White Hunter Black Heart (1990) with Clint Eastwood,[18] Princess Caraboo (1994),[19] and several films by Alex Cox including Sid and Nancy (1986),[20] Straight to Hell (1987)[21] and Walker (1987).[22]\n",
            "p3": "In Kull the Conqueror (1997) he played Enaros, the antagonist of the film.[23] The following year he appeared as a slumlord in the film version of Les Mis\u00e9rables,[24] and as a blind man in Russell Mulcahy's horror film Tale of the Mummy.[25] He also was seen in Quills (2000),[26] The Life and Death of Peter Sellers (2004) as Spike Milligan,[27] and The Queen's Sister (2005).[28] Most recently he had a small part in an episode of Agatha Christie's Marple entitled \"A Pocket Full of Rye\", shown in 2009.[29] His appearance in Harry Potter and the Chamber of Secrets (2002) as Mr Borgin, the owner of Borgin and Burke's store, was cut from the theatrical release, but is included in the extended edition DVD.[30] He also appeared as a ranting street preacher in season two of Game of Thrones.[31]\n"
        }
    ]
}