{
    "id": "nm0800219",
    "name": "Josette Simon",
    "career": [
        {
            "header": "Blake's 7",
            "p0": "Simon won the part of Dayna Mellanby in the BBC 1 television sci-fi series Blake's 7 after being  talent-spotted while still at the Central School of Speech and Drama.[9][10] Simon played Mellanby in the third and fourth series, originally broadcast between January 1980 and December 1981.[11][12] The character was an expert combatant and highly knowledgeable about weapons.[13]:\u200a101\u200a\n"
        },
        {
            "header": "Royal Shakespeare Company, and Royal National Theatre",
            "p0": "Simon has performed frequently with the Royal Shakespeare Company and Royal National Theatre.[9] After taking part in a reading of Salvation Now by Snoo Wilson in 1982,[14][15] she was cast as one of the three \"weird sisters\" in Macbeth alongside Kathy Behean and Lesley Sharp later that year.[16][4] In the same RSC season, she had roles in Much Ado About Nothing, as a spirit in The Tempest and as Iras in Antony And Cleopatra. She was with the RSC for two consecutive two-year season cycles, and in the second cycle her roles included Nerissa in The Merchant Of Venice and starring as Dorcas Ableman in Golden Girls.[14] In 1997 she told academic Alison Oddey that what she learnt from working with Michael Gambon and, particularly, Helen Mirren for Antony And Cleopatra had been an early influence on her career.[3]\n",
            "p1": "Simon was the first black woman to appear in a Shakespeare play at the RSC.[14] She has been at the forefront of 'colour-blind casting', playing roles traditionally taken by white actresses.[17][18][19] From the mid-1980s to the late 1990s, a time when it was unusual for black women to feature as leads in leading Shakespeare plays, Simon played several major roles for the RSC. Her first  leading role, and the first for a black actress at the RSC, was as Rosaline, in Love's Labour's Lost, directed by Barry Kyle, in 1984.[14] Jami Rogers, in her book British Black and Asian Shakespeareans (2022) commented that in Kyle's production, where the women were dressed in Belle \u00c9poque-style silk dresses, Rosalie's clothing \"immediately marked her as a woman of high status ...For the first time on a major British stage, an African-Caribbean woman portrayed an intelligent, witty and strong leading Shakespearean character.\"[14] Rogers described the reviews of the production as \"glowing\".[14] She noted that some reviewers and academics \"treated Josette Simon's casting ... as a novelty\", criticising the description of integrated casting as an \"experiment\" as \"deeply problematic as it infers the practice is an aberration rather than what it was [by 1990], a common practice\".[14] Simon told Oddey that , despite being conscious of discussions about whether audiences would accept a black actress as Rosaline, \"I also felt that you should be allowed to fail, because if you don't take risks you can't reach higher planes\" and that she had focused on her performance rather than debates around her casting, saying that \"If I had thought about those things beforehand, I would not have set foot on the stage\".[3]:\u200a53\u200a\n",
            "p2": "\nIn 1987, Simon appeared for the RSC again, in the lead role of Isabelle in Measure for Measure, directed by Nicholas Hynter.[20][21] In a review of the Stratford production, Michael Coveney of the Financial Times felt that Simon \"fails ... with the full range of the role. Like so many of this season's leading ladies, she is technically underpowered.\"[22] Irving Wardle wrote in The Times that:[23] ",
            "p3": "The play transferred to the Theatre Royal, Newcastle, and then to the Barbican in 1988.[24] Financial Times critic Martin Hoyle wrote of the Barbican production that Simon \"has transformed her voice, both timbre and enunciation .... Incisive, vocally varied, though slightly lacking the full weight for the early emotional climaxes, she gives the best performance I have seen from her, dignified and touching.\"[25] In The Times in 1991, Benedict Nightingale opined that by casting Simon as Isabella and Rosaline, and Hugh Quarshie in other plays, the RSC had been \"launching two performers of huge potential\".[26]\n",
            "p4": "In 2014, the RSC's Head of Casting, Hannah Miller, explained that the RSC's policy was to select the best actor for the role regardless of factors including gender, race, class, and disability status. Academic Lynette Goddard argued that despite the RSC's inclusive policy, black actresses still had limited opportunities to progress, \"which makes Josette Simon's case all the more compelling\".[21]:\u200a81\u200a Goddard commented that \"the more well known Simon became, the less compelled reviewers felt to mention race\".[19]:\u200a227\u200a Simon told David Jays of The Guardian in 2017 that \"I hate the term 'black actor' ... I'm black, which I'm proud of, but it doesn't mean anything. You're an actor, full stop.\"[4] Colour-blind casting also applied when Simon played Maggie in Arthur Miller's After the Fall at the National Theatre in 1990. The character is thought to have been based on Marilyn Monroe, who was married to Miller.[19] It was a performance that won Simon the Evening Standard's Best Actress award,[27] Critics' Circle Theatre Award and Plays and Players Critic Awards.[28][29] Miller attended rehearsals for two weeks, and Simon told Oddey that, like playing Rosaline, meeting Miller was one of the key moments in her career, and the experience helped her to focus on her work and disregard distractions.[3] Simon portrayed Vittoria in the Royal National Theatre's The White Devil in 1991.[30]\n",
            "p5": "Simon returned to the RSC in 1999 as Queen Elizabeth in Don Carlos. Nightingale described her performance as \" vivid and vital\".[31] Next, she was Titania/Hippolyta in A Midsummer Night's Dream. The Financial Times reviewer wrote that Simon spoke \"Titania's lines with an almost jazz musicality, dances, moves, and stands with compelling power. Her stance alone is more regal than that of several of today's ballerinas.\"[32] Paul Taylor of The Independent called the production's Nicolas Jones and Simon \" the sexiest, most commanding Oberon and Titania of recent years\".[33]\n",
            "p6": "In 2017, Simon took the role of Cleopatra in Antony and Cleopatra for the RSC. Michael Billington wrote for The Guardian that \"Simon seems born to play Cleopatra and she gives us a hypnotically mercurial figure whose eroticism is expressed through a permanent restlessness\", although he felt that Simon employed too many voices in the role.[34] Making a similar criticism about the range of accents used, Ian Shuttleworth of the Financial Times felt that Simon failed  to play to her strengths as an actor, and concluded that \"On the occasion of Simon's first RSC appearance this century, she is heartbreaking in all the wrong ways.\"[35] Ann Treneman of The Times felt that Simon, with a performance that was \"quite bonkers\" at times, provided the highlight of the show, despite a \"lamentable lack of chemistry\" between her and Anthony Byrne as Antony.[36]\n"
        },
        {
            "header": "Other roles",
            "p0": "In 1992 Simon was the lead, and sang, in David Zane Mairowitz's play Dictator Gal, broadcast on BBC Radio 3 in 1992. Her character is married to an exiled dictator who is dying in hospital. Simon's character sings a range of songs, including Richard Wagner and Motown compositions in an attempt to revive him.[37]\n[38] Her performance garnered a Prix Futura Award nomination.[39]\n",
            "p1": "Simon's film appearances include the part of Dr. Ramphele in Cry Freedom (1987).[40][9] She was nominated for a Genie Awards Best Actress award for Milk and Honey (1988),[41] in which she played Joanna, who leaves Jamaica with her child to work as a nanny in Toronto. Rick Groen of The Globe and Mail wrote that Simons \"riveting performance ... carries the picture\" for the first part, but felt that from the second act onward, the film descended into histrionics.[42] In the San Francisco Chronicle, Judy Stone praised Simon's performance as Joanna, commenting that \"she displays a quality of grace all too rare in today's films\".[40]\n",
            "p2": "The 1992 television play Bitter Harvest had Simon in the lead role, as a woman who has gone missing after travelling to the Dominican Republic as an aid worker and whose parents go there in search of her. Academic Claire Tylee considered that Simon's character was a \"credible protagonist\", the film was adversely affected by a mismatch between the thriller plotline from the production's originator Charles Pattinson and the thread about tensions in a mixed race family introduced by Winsome Pinnock, who has joined the project after Simon had already accepted the leading role based on a plot outline by Pattinson. According to Tylee, neither Simon's character or the character of her father \"sufficiently resembles the usual hero of a thriller to successfully play on thriller conventions, and the plots end by humiliating both of them, fetishising the black female body along the way.\"[43]:\u200a106\u2013107\u200a\n",
            "p3": "In 1993, Simon starred alongside Brenda Fricker in the two-part television series Seekers, written by Lynda La Plante. Their characters discover that they are both married to the same man, who has now disappeared. They later work as partners in the detective agency that he had founded.[44] Lynda Gilbey of Sunday Life wrote that the show was \"a first class detective drama ... beautifully plotted, wonderfully performed\".[45] The Newcastle Journal reviewer Norman Davison commented that the two lead actresses \"invested the roles with the sort of power that all La Plante women seem to have and the men were all the wimps\".[46]\n",
            "p4": "Benedict Nightingale of The Times wrote in a negative review of Jean Genet's play The Maids in 1997 that Simon provided the \"one strong performance\".[47]  In 2019 she appeared as Cynthia in the science fiction series Nightflyers,[48] and  as Grams in the movie Detective Pikachu.[49] She had a recurring role in Anatomy of a Scandal in 2022.[50] Simon has played senior police officers in Silent Witness (1998),[49], Minder (2009),[51], and Broadchurch (2017),[49], and has been cast as Chief Commissioner Camberwell in the Anansi Boys, which was in production as of May 2022.[52]\n"
        }
    ]
}