{
    "id": "nm0806968",
    "name": "Michael Smiley",
    "career": [
        {
            "header": "empty",
            "p29": "He became well known for his role as Tyres O'Flaherty, the bicycle riding raver, in two episodes of the Channel 4 sitcom Spaced, and for his appearances at the Edinburgh Fringe and the Melbourne Comedy Festival.[4] He played Mac, a former member of the British Army's Parachute Regiment in the 2008 horror film Outpost and as a zombie in Shaun of the Dead.[citation needed]\n",
            "p30": "In 2003, he guest starred in the Doctor Who audio drama Creatures of Beauty. In 2004 he appeared in season 2, episode 4 of Hustle as Max the forger.[5] He also was a small character in episode 2 \"The Model\" of 15 Storeys High.[citation needed]\n",
            "p31": "He has appeared in all three series of The Maltby Collection on Radio 4 as Des Wainwright, an eccentric security guard who keeps repeating himself and reminding people he was in the SAS. He plays the part of Benny \"Deadhead\" Silver in the BBC drama series Luther. In 2010, he had a major role in the film Burke & Hare alongside his Spaced co-stars Simon Pegg and Jessica Hynes.\n",
            "p32": "In 2011, he starred in British horror film Kill List. The film received critical acclaim, and earned him the \"Best Supporting Actor\" Award at the 2011 British Independent Film Awards.[6]\n",
            "p33": "In 2013, he has appeared in an episode of BBC One's Ripper Street as George Lusk, and the critically acclaimed Channel 4 shows Utopia as Detective Reynolds and Black Mirror as Baxter.[citation needed] He also starred in A Field in England as the main antagonist, the alchemist O'Neill. He also played Roddy in Father Figure. In November 2013 he appeared in the third episode of the BBC Two Mitchell and Webb comedy Ambassadors as Mr Jackson. In 2014, he played Micky Murray in BBC Four's The Life of Rock with Brian Pern.[7]\n",
            "p34": "To coincide with the opening stages of the Giro d'Italia in May 2014, Michael Smiley: Something to Ride Home About was a travelog programme for BBC Northern Ireland, directed by George Kane, featuring Smiley cycling around Northern Ireland and meeting local people.[8][9][10] A second series was commissioned for 2015.[8]\n",
            "p35": "In 2014 Smiley played Colonel Morgan Blue in the Doctor Who episode \"Into the Dalek\".[11]\n",
            "p36": "In 2013, Smiley also starred in the Netflix show Black Mirror as Baxter in \u201cWhite Bear\u201d. He also had a major role in British crime series Luther (TV series) acting as \u201cDeadhead\u201d Benny Silver from 2010 until 2019.\n",
            "p37": "In 2019, Smiley co-starred with Elijah Wood and Martin Donovan in the film Come to Daddy directed by Ant Timpson.[12]\n",
            "p38": "In 2020, he starred in Dead Still, a six-part Irish-Canadian television drama series, alongside Eileen O'Higgins & Kerr Logan. It premiered on May 18, 2020 on Acorn TV and May 15, 2020 Citytv.[13] The series is a co-production between Ireland's Deadpan Pictures and Canada's Shaftesbury Films and is written by John Morton, and directed by Imogen Murphy and Craig David Wallace.[14][15][16]\n",
            "p39": "In 2021, Smiley appeared in the lead role in The Toll, a Welsh black comedy film later released in the USA with the title Tollbooth. \n"
        }
    ]
}