{
    "id": "nm0855039",
    "name": "David Tennant",
    "career": [
        {
            "header": "Early work",
            "p0": "Tennant made his professional acting debut while still in secondary school. When he was 16, he acted in an anti-smoking film made by the Glasgow Health Board which aired on television and was also screened in schools.[11] The following year, he played a role in an episode of Dramarama. Tennant's first professional role upon graduating from drama school was in a staging of The Resistible Rise of Arturo Ui co-starring Ashley Jensen; one of a few plays in which he performed as part of the agitprop 7:84 Theatre Company.[10] He also made an early television appearance in the Scottish TV sitcom Rab C Nesbitt as a transgender barmaid called Davina. In the 1990s, he appeared in several plays at the Dundee Repertory Theatre.[15]\n",
            "p1": "Tennant was awarded his first major TV role as Campbell Bain in the BBC Scotland drama series Takin' Over the Asylum (1994), after impressing director David Blair during filming of another drama \u2013 Strathblair (1992). As Tennant recalled from the audition, \"they needed someone who could believably act 19 and bonkers\".[16] During filming of Takin' Over the Asylum he met comic actress and writer Arabella Weir. When he moved to London shortly afterwards, he lodged with Weir for five years[10] and became godfather to her youngest child. He has subsequently appeared with Weir in many productions: as a guest in her spoof television series Posh Nosh, in the Doctor Who audio drama Exile (during which Weir played an alternative version of the Doctor), and as panellists on the West Wing Ultimate Quiz on More4 (Weir later guest-starred on Doctor Who itself after Tennant left the series). One of his earliest big-screen roles was in Jude (1996), in which he shared a scene with Christopher Eccleston, playing a drunken undergraduate who challenges Eccleston's Jude to prove his intellect.\n",
            "p2": "Tennant developed his career in the British theatre, frequently performing with the Royal Shakespeare Company. His first Shakespearean role for the RSC was in As You Like It (1996); having auditioned for the role of Orlando, the romantic lead, he was instead cast as the jester Touchstone, which he played in his natural Scottish accent.[17] He subsequently specialised in comic roles, playing Antipholus of Syracuse in The Comedy of Errors and Captain Jack Absolute in The Rivals, although he also played the role of Romeo in Romeo and Juliet.[10] He also starred in the 2003 London production of Martin McDonagh's The Pillowman.[18]\n",
            "p3": "Tennant contributed to several audio dramatisations of Shakespeare for the Arkangel Shakespeare series (1998). His roles include a reprisal of his Antipholus of Syracuse in The Comedy of Errors, as well as Launcelot Gobbo in The Merchant of Venice, Edgar in King Lear, and Mercutio in Romeo and Juliet, all of which he performs in his natural accent. In 1995, Tennant appeared at the Royal National Theatre, London, playing the role of Nicholas Beckett in Joe Orton's What the Butler Saw. In television, he appeared in the first episode of Reeves and Mortimer's revamped Randall and Hopkirk in 2000, playing an eccentric artist. During the Christmas season of 2002, he starred in a series of television advertisements for Boots the Chemists.[19] In 2003 Tennant appeared in the film Bright Young Things. He was nominated for Laurence Olivier Award for Best Actor in a Leading Role in a Play for his performance in Kenneth Lonergan's Lobby Hero.[20] The UK premi\u00e8re was staged at the Donmar Warehouse, in previews on April 4, opening April 10 and closing on May 4, 2002. The cast also included Charlotte Randle (Dawn), with Dominic Rowan (Bill), and Gary McDonald (William), and was again directed by Mark Brokaw.[21] This production transferred to the New Ambassadors Theatre from June 26 (opening July 1) to August 10, 2002.[22] He began to appear on television more prominently in 2004 and 2005, when he appeared in a dramatisation of He Knew He Was Right (2004), Blackpool (2004), Casanova (2005), and The Quatermass Experiment (2005). Later that same year, he appeared as Barty Crouch Jr. in the film Harry Potter and the Goblet of Fire.\n"
        },
        {
            "header": "Doctor Who",
            "p0": "Doctor Who returned to British screens in March 2005, with Christopher Eccleston playing the role of the Ninth Doctor in the first series. Tennant replaced him as of the second series, making his first, brief appearance as the Tenth Doctor in the episode \"The Parting of the Ways\" (2005) at the end of the regeneration scene, and also appeared in a special 7-minute mini-episode shown as part of the 2005 Children in Need appeal, broadcast on 18 November 2005. He began filming the new series of Doctor Who in late July 2005. His first full-length outing as the Doctor was a 60-minute special, \"The Christmas Invasion\", first broadcast on Christmas Day 2005. Tennant had been formally offered the role of the Doctor during rehearsals for The Quatermass Experiment. Although the casting was not officially announced until later in April,[23] both castmates and crew became aware of the speculation surrounding Tennant; in the live broadcast Jason Flemyng (Quatermass) changed his first line to Tennant's Dr. Briscoe from \"Good to have you back, Gordon\" to \"Good to have you back, Doctor\" as a deliberate reference.[24]\n",
            "p1": "Tennant has expressed enthusiasm about fulfilling his childhood dream. He remarked in a radio interview: \"Who wouldn't want to be the Doctor? I've even got my own TARDIS!\" In 2006, readers of Doctor Who Magazine voted Tennant \"Best Doctor\" over perennial favourite Tom Baker.[25] Writer Russell T Davies made the decision not to use Tennant's own Scottish accent for the character as he did not want the Doctor's accent \"touring the regions\", using Estuary English instead. Tennant has gone on record as saying that, contrary to tabloids reports, he was not upset at not being able to play the role in his own accent and in fact had never wanted to. However, he was pleased to be able to use his own accent in one episode, when the Doctor briefly masquerades as \"Dr. James McCrimmon\" of Edinburgh in Tooth and Claw \u2013 a nod to the Second Doctor's companion Jamie McCrimmon.[26]\n",
            "p2": "He previously had a small role in the BBC's animated Doctor Who webcast Scream of the Shalka. Not originally cast in the production, Tennant was recording a radio play in a neighbouring studio, and when he discovered what was being recorded next door convinced the director to give him a small role. This personal enthusiasm for the series had also been expressed by his participation in several audio plays based on the Doctor Who television series which had been produced by Big Finish Productions, although he did not play the Doctor in any of these productions. His first such role was in the Seventh Doctor audio Colditz, where he played a Nazi lieutenant guard at Colditz Castle. In 2004 Tennant played a lead role in the Big Finish audio play series Dalek Empire III as Galanar, a young man who is given an assignment to discover the secrets of the Daleks. In 2005, he starred in UNIT: The Wasting for Big Finish, recreating his role of Brimmicombe-Wood from a Doctor Who Unbound play, Sympathy for the Devil. In both audio productions, he worked alongside Nicholas Courtney, who reprised the character of Sir Alastair Gordon Lethbridge-Stewart. He also played an unnamed Time Lord in another Doctor Who Unbound play Exile. UNIT: The Wasting, was recorded between Tennant getting the role of the Doctor and it being announced. He played the title role in Big Finish's adaptation of Bryan Talbot's The Adventures of Luther Arkwright (2005). In 2006, he recorded abridged audio books of The Stone Rose by Jacqueline Rayner, The Feast of the Drowned by Stephen Cole and The Resurrection Casket by Justin Richards, for BBC Worldwide.[27]\n",
            "p3": "He made his directorial debut on the Doctor Who Confidential episode that accompanies Steven Moffat's episode \"Blink\", entitled \"Do You Remember The First Time?\", which aired on 9 June 2007. In 2007, Tennant's Tenth Doctor appeared with Peter Davison's Fifth Doctor in a Doctor Who special for Children in Need, written by Steven Moffat and entitled \"Time Crash\". He later performed alongside Davison's daughter, Georgia Moffett (as \"Jenny\") in the 2008 episode \"The Doctor's Daughter\". Georgia Moffett later became David Tennant's wife.\n",
            "p4": "Tennant featured as the Doctor in an animated version of Doctor Who for Totally Doctor Who, The Infinite Quest, which aired on CBBC. He also starred as the Doctor in another animated six-part Doctor Who series, Dreamland.[28] Tennant guest starred as the Doctor in a two-part story in Doctor Who spin-off The Sarah Jane Adventures, broadcast in October 2009.[29] He continued to play the Tenth Doctor into the revived programme's fourth series in 2008. However, on 29 October 2008, he announced that he would be stepping down from the role after three full series.[30] He played the Doctor in four special episodes in 2009, before his final episode aired on 1 January 2010, where he was replaced by the Eleventh Doctor, portrayed by Matt Smith.\n",
            "p5": "Tennant and Billie Piper returned to Doctor Who for the 50th anniversary special, \"The Day of the Doctor\" broadcast on 23 November 2013, with then-stars Matt Smith and Jenna-Louise Coleman and guest star John Hurt. The same month, he also appeared in the one-off 50th anniversary comedy homage The Five(ish) Doctors Reboot directed by Peter Davison.[31]\n",
            "p6": "In October 2015, Big Finish Productions announced that Tennant would return to the role of the Tenth Doctor alongside Catherine Tate as his former companion Donna Noble in three new stories from Big Finish. The stories feature current and previous Doctor Who actors, including Strax actor Dan Starkey, former Davros actor Terry Molloy, and many veterans of Big Finish, including Niky Wardley, who portrayed Eighth Doctor companion Tamsin. The three stories were released in May 2016.[32]\n",
            "p7": "In November 2017, three new audio dramas were released by Big Finish Productions with Tennant once again starring as the Tenth Doctor, alongside Billie Piper as Rose Tyler.[33] Tennant also returned to the role on 13 July 2018, as part of the live Muppets show The Muppets Take the O2 in London (in which the Tenth Doctor appeared onstage as part of a live Pigs in Space sketch).\n",
            "p8": "In May 2022, in relation to the show's 60th anniversary, it was announced that Tennant would once again return to the show, alongside Tate, who would reprise her role as Donna Noble.[34][35] Previously thought to be returning as the Tenth Doctor, in October 2022, the ending of the special episode \"The Power of the Doctor\" revealed that Tennant would return as the Fourteenth Doctor, a role previously thought to be played by Ncuti Gatwa, who would follow on as the Fifteenth Doctor instead.[36] The three 60th anniversary special episodes will air in November 2023.[37]\n"
        },
        {
            "header": "2005\u20132010",
            "p0": "While playing the Doctor, Tennant was also in the early December 2005 ITV drama Secret Smile. His performance as Jimmy Porter in Look Back in Anger at the Theatre Royal, Bath, and Lyceum Theatre, Edinburgh, was recorded by the National Video Archive of Performance for the Victoria and Albert Museum Theatre Collection. He revived this performance for the anniversary of the Royal Court Theatre in a rehearsed reading. In January 2006, he took a one-day break from shooting Doctor Who to play Richard Hoggart in a dramatisation of the 1960 Lady Chatterley's Lover obscenity trial, The Chatterley Affair. The play was written by Andrew Davies and directed by Doctor Who's James Hawes for the digital television channel BBC Four. Hoggart's son, Simon, praised Tennant's performance in The Guardian newspaper.[38]\n",
            "p1": "On 25 February 2007, Tennant starred in Recovery, a 90-minute BBC One drama written by Tony Marchant. He played Alan, a self-made building site manager who attempted to rebuild his life after suffering a debilitating brain injury. His costar in the drama was friend Sarah Parish, with whom he had previously appeared in Blackpool and an episode of Doctor Who. She joked that \"we're like George and Mildred \u2013 in 20 years' time we'll probably be doing a ropey old sitcom in a terraced house in Preston\".[39] Later that same year he starred in Learners, a BBC comedy drama written by and starring Jessica Hynes (another Doctor Who costar, in the episodes \"Human Nature\", \"The Family of Blood\" and \"The End of Time\"), in which he played a Christian driving instructor who became the object of a student's affection. Learners was broadcast on BBC One on 11 November 2007. Tennant had a cameo appearance as the Doctor in the 2007 finale episode of the BBC/HBO comedy series Extras with Ricky Gervais. In November 2008, Tennant played Sir Arthur Eddington in the BBC and HBO biographical film Einstein and Eddington, which was filmed in Cambridge and Hungary.[40] Tennant was the \"Star in a Reasonably Priced Car\" on Top Gear in December 2007, where he claimed to have unsuccessfully auditioned for a role on Taggart 26 times.[41] Tennant is the voice behind the 2007 advertising campaign for catalogue retailer Argos, and appeared in adverts for The Proclaimers' 2007 album and learndirect in June 2008. Tennant also lent his voice to adverts for Tesco Mobile, Nintendo Wii, and American Express.[citation needed]\n",
            "p2": "Tennant featured in an episode of Trick or Treat on Channel 4 in May 2008. The episode showed Tennant apparently predicting future events correctly by using automatic writing. In TV & Satellite Week  (26 April \u2013 2 May issue), the host of the show, Derren Brown, is quoted as saying: \"One of the appeals of Doctor Who for David is time travel, so I wanted to give him that experience. He was open and up for it, and I got a good reaction. He's a real screamer!\". Tennant also returned for the final episode of the series with the rest of the participants from the other episodes in the series to take part in one final experiment. Tennant appeared in the 2008 episode \"Holofile 703: Us and Phlegm\" of the radio series Nebulous (a parody of Doctor Who) in the role of Doctor Beep, using his Lothian accent. Also in 2008, he voiced the character of Hamish the Hunter in the 2008 English language DVD re-release of the 2006 animated Norwegian film, Free Jimmy, alongside Woody Harrelson. The English-language version of the film has dialogue written by Simon Pegg, who also starred in it as a main voice actor.[citation needed]\n",
            "p3": "In early 2009, Tennant narrated the digital planetarium space dome film \"We Are Astronomers\"[42] commissioned by the UK's National Space Centre. On 13 March 2009, he presented Red Nose Day 2009 with Davina McCall. He joined Franz Ferdinand onstage to play the guitar on their song \"No You Girls\" on a special Comic Relief edition of Top of the Pops. In summer 2009, Tennant filmed St. Trinian's II: The Legend of Fritton's Gold. The film was released in December 2009. From October 2009, he hosted the Masterpiece Contemporary programming strand on the American Public Broadcasting Service.[43] In December 2009, he filmed the lead in an NBC pilot, Rex Is Not Your Lawyer, playing Rex, a Chicago lawyer who starts to coach clients to represent themselves when he starts suffering panic attacks.[44] The pilot was not picked up and the project was shelved.[45][46] In November 2009, he co-hosted the Absolute Radio Breakfast Show with Christian O'Connell for three consecutive days.[47] He returned to cohost the show for one day in October 2010.[48] On 7 March 2010, he also appeared as George in a one-part BBC Radio 4 adaptation of Of Mice and Men in the Classic Serial strand.[49] In October 2010 he starred as Dave, a man struggling to raise five children after the death of his partner, in the British drama Single Father. For this role he was nominated as Best Actor at the Royal Television Society Programme Awards 2010.\n",
            "p4": "Despite much of his work being television work, Tennant has described theatre work as his \"default way of being\".[50] He joined the Royal Shakespeare Company (RSC), to play Hamlet with Patrick Stewart and Berowne in Love's Labours Lost in 2008.[51] From August to November 2008 he appeared at the Courtyard Theatre in Stratford-upon-Avon as Hamlet, playing that role in repertory with Berowne that October and November.[10] Hamlet transferred to the Novello Theatre in London's West End in December 2008, but Tennant suffered a prolapsed disc during previews and was unable to perform from 8 December 2008 until 2 January 2009, during which time the role was played by his understudy Edward Bennett.[52] He returned to his role in the production on 3 January 2009, and appeared until the run ended on 10 January. Tennant's performance of Hamlet was critically acclaimed.[53][54] In 2009, he worked on a TV film version of the RSC's 2008 Hamlet for BBC Two.[55] On 12 April 2011, a photograph of Tennant as Hamlet featured on a stamp issued by the Royal Mail to mark the RSC's fiftieth anniversary.[56]\n"
        },
        {
            "header": "2011\u20132015",
            "p0": "In 2011, he starred in United, about the Manchester United \"Busby Babes\" team and the 1958 Munich air disaster, playing coach and assistant manager Jimmy Murphy.[57] In September 2011, he appeared in a guest role in one episode of the comedy series This is Jinsy, and also started filming True Love, a semi-improvised BBC One drama series, on location in Margate, Kent; the series aired in June 2012. Later in September 2011, it was announced that Tennant would voice a character in the movie adaptation of Postman Pat named You Know You're the One with a planned 3D theatrical release for spring 2013.[58] In October 2011, Tennant started shooting the semi-improvised comedy film, Nativity 2: Danger in the Manger  in Coventry.[59][60] He played dual roles: the main character, put-upon teacher Mr. Peterson, and his \"golden boy\" twin brother and rival.[61]\n",
            "p1": "In April 2012, Tennant played lead in a one-off drama The Minor Character for Sky Arts.[62] Between April and June, he filmed Spies of Warsaw for BBC Four, in the lead role of Jean-Fran\u00e7ois Mercier. This drama series shot in Poland is an adaptation of Alan Furst's novel The Spies of Warsaw.[63] Tennant auditioned for the role of Hannibal Lecter in NBC's Hannibal; he was narrowly beaten for the part by Mads Mikkelsen.[64] On 9 June 2012, he started filming the 3-part political drama series The Politician's Husband for BBC Two, playing an ambitious cabinet minister who takes drastic action when his wife's career starts to outshine his.[65][66] Tennant also presented the new comedy quiz show Comedy World Cup, in 2012 which ran on Saturday nights for seven episodes.[67]\n",
            "p2": "In January 2012, Tennant was appointed to the Royal Shakespeare Company board, to be on the selection committee interviewing and choosing the new artistic director.[68] It was announced on 23 January 2013 that Tennant would return to the RSC for the company's 2013 winter season, playing the title role in Richard II at Stratford-upon-Avon (from 10 October to 16 November) and transferring to the Barbican Centre in London (from 9 December to 25 January 2014).[69] Tennant repeated his performance as Richard II in the RSC's 'King and Country' cycle in 2016, starting at the Barbican Theatre in London[70] before transferring to the Brooklyn Academy of Music in New York.[71]\n",
            "p3": "Tennant starred in the ITV detective series Broadchurch as DI Alec Hardy between 2013 and 2017. The first series was filmed in Clevedon, North Somerset, and Bridport, Dorset, between August and November 2012, and aired in March 2013.[72] Tennant filmed the second series of Broadchurch during mid-2014,[73][74] and the third between May and October 2016. Between January and May 2014, Tennant also filmed the US remake of Broadchurch, re-titled Gracepoint.[75]\n",
            "p4": "Between late January and March 2013, Tennant filmed The Escape Artist for BBC One in which he played a talented junior barrister who had yet to lose a case. The three-part series aired on BBC One in October and November 2013.[76] Tennant starred opposite Rosamund Pike and Billy Connolly in What We Did on Our Holiday, a semi-improvised comedy film; shooting took place from 17 June to 30 July 2013 in Scotland. The film was released in September 2014.[77]\n",
            "p5": "In 2012 he appeared in a multi-million-pound campaign for Virgin Media, starring in three adverts.[78] One advert was voluntarily withdrawn after a complaint lodged by BBC Worldwide, which believed that the advert broke the corporation's guidelines by featuring references to Doctor Who that appeared to be a commercial endorsement of the service.[79] He is the narrator on Xbox One video game Kinect Sports Rivals, released in 2014.[80]\n",
            "p6": "Tennant also portrayed the villainous Kilgrave in Jessica Jones, a television series from Marvel and Netflix. All 13 episodes were released on 20 November 2015.[81]\n",
            "p7": "On 9 February 2015, Tennant appeared on the Radio 4 panel show Just a Minute, becoming the show's most successful debut contestant.[82] He also voiced the Propaganda Minister in the 2015 Square Enix video game Just Cause 3.[83][84] In autumn 2015, Tennant's name was announced for Scottish feature film I Feel Fine, a thriller set in Glasgow in the 1980s.[85] However, as of January\u00a02016[update], the film has been postponed indefinitely. \n"
        },
        {
            "header": "2016\u20132019",
            "p0": "\nIn February 2016, he began filming Mad to Be Normal (previously titled Metanoia), a biopic of the renowned Scottish psychiatrist R. D. Laing, produced by Gizmo Films.[86]",
            "p1": "In 2017, Tennant appeared in writer/director Daisy Aitkens' first feature film, You, Me and Him. The film is co-produced by Tennant's wife, Georgia, and had originally been due to co-star his father-in-law, Peter Davison; however, Davison withdrew from the film in October 2016 due to a scheduling clash.[87] Between March and June 2017 Tennant appeared in Patrick Marber's Don Juan in Soho at the Wyndham's Theatre.[88] Also in 2017, he became the voice of Scrooge McDuck for Disney XD's DuckTales reboot, replacing the character's longtime voice actor Alan Young, who died in May 2016.[89]\n",
            "p2": "Tennant played psychopathic villain Cale Erendreich in the thriller film Bad Samaritan (2018), written by Brandon Boyce and directed by Dean Devlin.[90] Tennant also plays Crowley in the miniseries Good Omens,[91] which was released in full on Amazon Prime Video on 31 May 2019 and was released on BBC Two on 15 January 2020.[92][93]\n",
            "p3": "In February 2019, Tennant launched his own podcast, titled David Tennant Does a Podcast With... The podcast's episodes feature Olivia Colman, Whoopi Goldberg, Jodie Whittaker, Ian McKellen, Jon Hamm, Gordon Brown, Jennifer Garner, Catherine Tate, Krysten Ritter, James Corden, Samantha Bee, Tina Fey, and Michael Sheen.[94]\n"
        },
        {
            "header": "2020\u2013present",
            "p0": "Tennant stars as a doctor suspected of murdering his family in Deadwater Fell, a Scottish true crime miniseries, which premiered in January 2020 on Channel 4. He also received his first credit as an executive producer for the series.[95][96][97]\n",
            "p1": "In September 2020, he portrayed Scottish serial killer Dennis Nilsen in Des, a three-part miniseries on ITV.[98] For his performance, he won the International Emmy Award for Best Actor.[99]\n",
            "p2": "In 2020 and 2021 he starred in the TV series Staged, with Michael Sheen. Joel Golby of the Guardian described it: \"David Tennant and Michael Sheen squabbled over Zoom as exaggerated, frustrated, hyper-thespian versions of themselves, in an actors-playing-actors miniseries with the exact same energy of a late-night Comic Relief sketch; 15-minute episodes where you got to see familiar actors with their off-duty haircuts saying words that seemed real. It was good, and it was smart, and it played perfectly with the boundaries of the format it was in.\"[100]\n",
            "p3": "In September 2022, Tennant starred as Reverend Harry Watling in BBC1's Inside Man, which was written by Steven Moffat.[101] The series premiered on 26 September 2022 to mixed reviews from viewers and critics alike.[102][103][104][105]\n"
        }
    ]
}