{
    "id": "nm0949303",
    "name": "Bill Young",
    "career": [
        {
            "header": "empty",
            "p5": "Young was born in Harmarville, Pennsylvania, a suburb of Pittsburgh, in 1930.[1] He had Irish, German, and Swiss ancestry.[2] He grew up in a Pennsylvania coal town in a shotgun shack.[1] His father abandoned the family and a flood washed away their home at age 6. An uncle had a hunting camp in Florida, so the family moved there when he was 16. Young dropped out of St. Petersburg High School to support his ill mother, Wilma M. (Hulings) Young,[1][3] and was wounded in a hunting accident.[4] He married Marian Ford on August 20, 1949, when he was an 18-year-old high school dropout and she was 17, entering her senior year at St. Petersburg High School.[5] When he was 18, he joined the Army National Guard and served from 1948 to 1957.[6] After finishing his service, he applied for a job as an insurance salesman and ultimately ran an insurance agency.[1]\n"
        }
    ]
}