{
    "id": "nm0935541",
    "name": "Mary Elizabeth Winstead",
    "career": [
        {
            "header": "Acting",
            "p0": "Winstead appeared in a production of Joseph and the Amazing Technicolor Dreamcoat starring Donny Osmond.[9] After her brief performance in that show, Winstead began making appearances in various television series and earned guest roles in Touched by an Angel and Promised Land. She gained her first major role as Jessica Bennett in the NBC soap opera Passions, from 1999 to 2000. She left to pursue other interests, later stating, \"I really had one of the smallest roles on Passions, so I didn't get too involved... I was able to leave pretty easily\".[10] Winstead's next significant television role was in the short-lived CBS drama series Wolf Lake (2001\u201302), as the daughter of Tim Matheson's character.[11] The series was canceled after ten episodes. In 2004, Winstead played a supporting role in MTV's made-for-television film Monster Island. She was offered a role in the film A Cinderella Story, but turned it down as she had just graduated from school and was going on a cruise with friends (where she met Riley Stearns, her future husband).[12]\n",
            "p1": "Following a minor role in the indie comedy Checking Out (2005), she took on a larger role as a school senior turned the main antagonist in the Walt Disney Pictures film Sky High, about an airborne school for teenage superheroes. Winstead said of her role, \"I bounced around. I was either the hero of the sidekicks or the sidekick to the heroes.\"[13] The film was released on July 29, 2005, receiving favorable reviews, and budgeted at US$35 million, it grossed US$63.9 million domestically.[14]\n",
            "p2": "Winstead then began working with filmmakers James Wong and Glen Morgan, previously known for their contributions to The X-Files. She starred in the 2006 horror movie Final Destination 3 (which Wong directed and Morgan produced) as lead character Wendy Christensen,[15] the \"beleaguered heroine who experiences the premonition\" that sets the story in motion.[16] The production was a commercial success, but received a mixed response from critics.[17] Winstead's performance fared positively with reviewers;[18] James Berardinelli stated she \"does as competent a job as one could expect in these dire circumstances,\"[19] while Felix Gonzalez, Jr found her \"likeable\" in her role.[20] Winstead would collaborate again with Morgan and Wong later that year, in the slasher film Black Christmas. The movie, a loose remake of the 1974 film of the same name, follows a group of sorority sisters who are stalked and murdered by the house's former inhabitants during a winter storm. It received poor reviews, but earned her a nomination for Scream Queen at the 2007 Scream Awards.[21] Winstead got a chance to lampoon horror scream queens when Tonight Show host Jay Leno, unaware of who she was, knocked on her front door and included her in a comedy segment spoofing horror films.\n",
            "p3": "She appeared in Emilio Estevez's Bobby, a 2006 film depicting the last hours of Robert F. Kennedy.[22] Winstead became interested in Bobby after learning that Anthony Hopkins would appear in the film.[22] A moderate box office success in selected theaters, Bobby received mixed reviews[23] with many criticisms directed at the film's script.[24] The film's cast was nominated for the Screen Actors Guild Award for Best Cast in a Motion Picture,[25] but won the Hollywood Film Festival Award for Best Ensemble Cast.[citation needed]\n",
            "p4": "In 2007, Winstead appeared in a pair of high-profile event films. Quentin Tarantino cast her as a well-intentioned but vapid and na\u00efve actress in Death Proof, his high-speed segment of the double\u2013feature exploitation horror Grindhouse.[26] She appeared alongside Rosario Dawson, Tracie Thoms, Zo\u00eb Bell, and Kurt Russell in the movie's second part, which followed a psychopathic stunt man, played by Russell, stalking and murdering young women. It is the second film to feature Winstead with Russell (after Sky High), although she only filmed scenes with Dawson, Thoms, and Bell. The production under-performed commercially but attracted significant media buzz and critical acclaim,[27][28] Variety magazine noted that Death Proof \"proves its worth as a stand-alone feature\" and found Winstead's \"emergence\" to be \"one agreeable plus [to the movie]\".[29][30] Her next film appearance of the year was opposite Bruce Willis in Live Free or Die Hard,[3] portraying John McClane's estranged daughter, Lucy. The movie grossed US$383.5 million and was highly acclaimed.[31][32]\n",
            "p5": "She starred in a lead role in Make It Happen, a dance film. The film went straight to DVD in the United States, and fared poorly in its UK release.[33][34] Nevertheless, it proved a delight for Winstead, who once dreamed of being a dancer.[citation needed] Critics agreed that she was the film's best asset. Reviewer Mike Martin wrote, \"Winstead infuses every moment with an amazing amount of charm\".[35] Matthew Turner of ViewLondon wrote, \"[Winstead] compensates for the generally poor direction.\"[36]\n",
            "p6": "Winstead co-starred opposite Michael Cera in the film Scott Pilgrim vs. The World, an adaptation of the comic-book Scott Pilgrim, under the direction of Edgar Wright.[37] Her role was Ramona Flowers, a mysterious delivery girl and Scott's love interest. Winstead went through fight training for two months and performed most of her own stunts.[38] Filming occurred from March[39] to August 2009,[40] and the film was released in late 2010, to critical acclaim but poor box office returns. Winstead's performance was well received generally, and earned her a Teen Choice Awards nomination for Choice Actress Action.[41]\n",
            "p7": "Winstead was cast as the lead female in the 2011 prequel film to 1982's The Thing,[42][43] which followed a group of scientists who discover an alien buried deep in the ice of Antarctica, realizing too late that it is still alive. Winstead portrayed paleontologist Dr. Kate Lloyd, a character she based on her sister, a neurologist.[44][45] The production received a U.S. theatrical release on October 14, 2011, garnering a mixed critical reception and little commercial interest.[46][47] Critics singled out Winstead for praise in her performance,[48] with Las Vegas Weekly asserting that she \"makes for an appealing protagonist, and Kate is portrayed as competent without being thrust into some unlikely action-hero role\".[49]\n",
            "p8": "Winstead appeared opposite Aaron Paul in Smashed, an independent drama directed by James Ponsoldt about a married alcoholic couple (Paul and Winstead) whose relationship is put to test when the wife decides to get sober.[50] She said that the film was shot in 19 days.[51] Screened during the 2012 Sundance Film Festival,[52] Winstead's performance earned her rave reviews,[53] with JoBlo.com calling it: \"the type of performance that could be Award-worthy if given the right kind of build-up by whichever studio picks it up\".[54] The film was released theatrically on October 12, 2012,[55][56] and saw Winstead snagging the Dallas International Film Festival Award for Best Actress. During a promotional interview for the movie with website Collider, she expressed pride in working on an independent project: \"It's something I've been trying to do for years and years [...] It's almost like my first movie in a weird way, cause it's my first movie in this world, which is a world I've been trying to break into. [I've wanted] to be around filmmakers that are trying new things and not part of the system, so to speak, and they're doing things on their own terms.\"[57]\n",
            "p9": "Winstead played the role of Mary Todd Lincoln opposite Benjamin Walker in Abraham Lincoln: Vampire Hunter.[58] The film, also released in 2012, received a mixed critical response while it flopped at the box office.[59][60] Nevertheless, critics praised Winstead's performance. The San Jose Mercury News called Winstead \"a standout\",[61] and the Illinois Times film critic wrote, \"Winstead humanizes Mary [Todd Lincoln] by giving her a fiery wit and sense of resolve in the face of considerable adversity\".[62] Winstead was commended for scenes opposite Benjamin Walker, with Little White Lies writing that they shared: \"a sweet chemistry that gives their handful of scenes an endearing warmth\".[63]\nIn 2012, Winstead and Topher Grace appeared in The Beauty Inside, an \"interactive social film\". It was broken into six filmed episodes interspersed with interactive storytelling, all on Alex (the main character)'s Facebook timeline. He awakes each day with a different appearance; Winstead appeared as Leah, Alex's love interest. The web series served as an advertising campaign for Intel and Toshiba; it ran from August 16 through September 20, 2012.[64][65]\n",
            "p10": "Winstead was also cast in Roman Coppola's A Glimpse Inside the Mind of Charles Swan III (2013), as Kate, \"the best friend of [Charlie Sheen's] girlfriend who just broke up with him. She is not so supportive of their relationship.\"[66] The film reunited her with Jason Schwartzman and Aubrey Plaza, her collaborators on Scott Pilgrim vs. the World. Winstead next co-starred with Adam Scott, Richard Jenkins, Jane Lynch, Jessica Alba, Amy Poehler, and Catherine O'Hara in A.C.O.D. (2013), portraying Lauren Stinger, the \"long-time girlfriend of Carter (Scott) and the rock in his increasingly chaotic life.\"[67] Although the film received mixed reviews,[68] Winstead's acting was singled out by the Washington Post: \"Winstead brings surprising depth to a small role, in which she has little to do except wait for her boyfriend to grow up, or to at least let go of his cynicism about love.\"[69] Screen Rant critic Ben Kendrick wrote: \"[Winstead] and [Alba] also deliver in their contributions \u2013 though both of their characters are mainly designed to be mirrors for Carter to examine his own life and choices.\"[70] A Glimpse Inside the Mind of Charles Swan III and A.C.O.D. both received a limited theatrical run in North America.[71]\n",
            "p11": "Winstead collaborated again with James Ponsoldt in The Spectacular Now (2013) as Holly, the sister of Miles Teller's lead character.[72] She appeared with Brie Larson, her co-star in Scott Pilgrim vs. the World, and with Shailene Woodley, Kyle Chandler, and Bob Odenkirk. The film garnered critical acclaim and was an arthouse success.[73][74][75][76] Next, Winstead briefly reprised her role in the film A Good Day to Die Hard (also 2013), shooting her scenes in only one day.[51][77][78] Winstead stated in an interview with Yahoo! that she was not expecting another sequel but \"[had fun reprising] the father-daughter rapport.\"[79] Winstead's scene was only available in the theatrical version, and was cut from the unrated version.\n",
            "p12": "In 2014, Winstead was given the title role in Alex of Venice, directed by Chris Messina and penned by Jessica Goldberg. She played \"an environmental lawyer who is left to raise her 12-year-old son alone after her husband bolts.\"[80] Premiering at the 57th San Francisco International Film Festival,[81] reviews for the film were mostly positive, with many critics praising Winstead's part in it;[82][83] Variety magazine called her performance \"extraordinary\", saying the film: \"belongs to Winstead, whose minor-key thesping proves as compelling as her heavy lifting in Smashed. Alex's gradual metamorphosis into a richer, more fully realized young woman is accomplished in hundreds of tiny emotional brushstrokes, flitting across her girl-next-door wholesomeness in ever-shifting patterns\".[84] Website Twitch Film wrote:\n",
            "p13": "In 2014, Winstead starred in Stearns' debut feature film Faults.[80] Winstead and co-star Leland Orser were praised for their performances, with Film School Rejects calling it an \"exceptional performance\"[86] and Indiewire saying \"[Winstead's] inscrutable expression epitomizes this unique movie's enigmatic appeal\", and even \"ranks among her best\".[87] Winstead was next cast alongside Jeremy Renner and Rosemarie DeWitt in Kill the Messenger. The thriller tells the true story of investigative journalist Gary Webb. Winstead portrayed Dawn Garcia, Webb's editor at the San Jose Mercury News.[88] It received a limited theatrical release on October 10, 2014, to favorable reviews but little commercial interest.[89][90]\n",
            "p14": "By January 2015, Winstead had been already cast as a series regular on A&E's U.S. remake of the French drama series The Returned, with Sandrine Holt and Agnes Bruckner. The adapted show followed residents in a small town whose lives are disrupted when people who have been dead for many years begin reappearing. It premiered on March 9, 2015, for a 10-episode run, to mostly critical acclaim.[91][92] The series was cancelled after its first season though, due to low ratings.[93] Also in 2015, she also made a guest-appearance on the August 6 episode of IFC's Comedy Bang! Bang! (\"Mary Elizabeth Winstead Wears an A-Line Skirt and Pointy Black Boots\").[94]\n",
            "p15": "Winstead next portrayed the leading role of Mary Phinney in PBS' civil rights drama Mercy Street. The six-part series, about two volunteer nurses on opposing sides of the Civil War, premiered on-demand on January 14, 2016, and made its broadcast debut three days later, on January 17.[95] It rated favorably with reviewers,[96] who also showed praise of Winstead's performance; Variety magazine described her as the \"smart, capable center around which Mercy Street pivots\" and therefore noted that she was \"so good that it's hard not to wish the show had pared down the sheer number of storylines it attempts to service in its six installments\".[97] The show was renewed for a second season,[98] which premiered on January 22, 2017,[99] and was cancelled after its finale aired.\n",
            "p16": "Winstead headlined the psychological thriller 10 Cloverfield Lane,[100] appearing as Michelle, a woman held in a shelter with two men, who claim the outside world is affected by a widespread chemical attack. The film, directed by Dan Trachtenberg,[101] was released on March 11, 2016, to a widely positive reception from critics who, according to website Rotten Tomatoes, agreed that the movie \"makes the most of its confined setting and outstanding cast\".[102] Daily Express found Winstead \"sympathetic\" and remarked that she \"creates a character who is smart and resourceful\",[103] while writer James Berardinelli called her a \"good choice\" to play the heroine as she is \"strong yet feminine\".[104] 10 Cloverfield Lane had the highest debut at the box office for Winstead in a leading role, with over US$24 million grossed on its opening weekend;[105] it went on to gross US$72 million in North America and US$110.2 million worldwide.[106]\n",
            "p17": "Winstead appeared in Swiss Army Man, an independent comedy-drama directed by Daniel Kwan and Daniel Scheinert. The film, co-starring Daniel Radcliffe and Paul Dano, follows a hopeless man stranded on an island who befriends an apparent dead body as he tries to get back home.[107] It premiered at the 2016 Sundance Film Festival and was released in selected theaters on June 24, to a positive reception.[108] Winstead also had a role in John Krasinski's small-scale dramedy The Hollars, opposite Richard Jenkins, Anna Kendrick, Mary Kay Place, and Margo Martindale.[109] She played the ex-girlfriend of Krasinski's struggling New York City graphic novelist, who returns to his hometown after learning his mother has fallen ill.[110] Like Swiss Army Man, the production was screened at Sundance and received a limited U.S. theatrical release in August 2016.[111]\n",
            "p18": "Winstead appeared in CBS' political comic thriller BrainDead, as leading character Laurel, \"the daughter of a Democratic political dynasty who left Washington, D.C. to become a documentary filmmaker, but is pulled back into the family business when her brother needs political help\".[112] The series received mildly positive reviews by critics,[113][114] with New York Magazine calling Winstead's casting the \"smartest decision the makers made\",[115] and The A.V. Club said that she \"makes an eminently watchable, formidable heroine\".[116] Despite a largely positive critical response, the series debuted to lackluster ratings and after the airing of its 13-episode first season,[117][118] CBS announced its cancellation.[119]\n",
            "p19": "Winstead starred opposite Ewan McGregor in the third season of Fargo as Nikki Swango, \"a crafty and alluring recent parolee with a passion for competitive bridge playing with a plan, focused on always being at least one move ahead of her opponents\".[120][121][122] The season is set around December 2010 in Minnesota and follows the lives of McGregor and Winstead's criminal couple roles; it premiered on April 19, 2017,[123] to positive reviews.[124] In an interview with Variety, Winstead spoke of the character, \"I'd never played a character like this. Once I was on set and doing it, it was so easy but it took all the elements coming together for me to feel confident and comfortable.\"[125]\n",
            "p20": "In October 2017, Deadline reported that Winstead would be starring as lead in the semi-autographical dark comedy All About Nina, opposite Common.[126] The film screened at the Tribeca Film Festival in April 2018 [127] and won Winstead rave reviews, with The Hollywood Reporter calling it \"yet another impressive performance by Mary Elizabeth Winstead\"[128] and earning her a nomination for Bravest Performance at the Alliance of Women Film Journalists.[129]\n",
            "p21": "In December 2017, it was reported that Winstead would co-star in The Parts You Lose; the romantic thriller saw her reuniting with her Smashed co-star, Aaron Paul.[130] In January 2018, it was reported that Winstead was cast as female lead opposite Will Smith in Gemini Man.[131] The film, directed by Ang Lee, was released in the United States on October 11, 2019, by Paramount Pictures.[132] In late-September 2018, Winstead was announced to play Huntress in Warner Bros.' DC Comics film Birds of Prey (And the Fantabulous Emancipation of One Harley Quinn).[133] Directed by Cathy Yan, and starring Margot Robbie, who reprised her role as Harley Quinn,[134] the film was released in February 2020.\n",
            "p22": "In February 2019, it was revealed that Winstead is also voice starring in the Netflix adult-oriented animated anthology series Love, Death & Robots. The series saw her reuniting with The Beauty Inside co-star Topher Grace and was released on March 15.[135]\n",
            "p23": "In April 2019, Winstead joined the cast of Netflix action film Kate as the titular lead character.[136] The film was released in September 2021[137] to lukewarm reviews, but Winstead was praised for her performance.[138]\n",
            "p24": "In January 2022, Winstead was added to the cast of Disney+ Star Wars series Ahsoka.[139] She is also set to co-star with Xochitl Gomez in Jonathan and Josh Baker's second feature film Ursa Major, based on an original script by Patrick Somerville, for XYZ Films.[140]\n"
        },
        {
            "header": "Singing",
            "p0": "Winstead has expressed her interest in singing, but initially did not plan on pursuing it as a career. \"I wasn't ever really going to be a singer, but it's just something I've always loved.\"[141] For her part in 2007's Death Proof, Tarantino had Winstead sing an a cappella cover of The Shirelles' hit recording \"Baby It's You\".[142] She was asked without warning to perform the song and the cast were reportedly \"gob-smacked\" by her singing. Winstead and music producer Thai Long Ly eventually co-wrote a song, called \"Warmth of Him\".[143] Although first rumored to be a pre-release single, Winstead confirmed that she was just exploring her interest and did not plan at the time on releasing any music albums.\n",
            "p1": "In an interview with Complex magazine for the June/July 2012 issue, Winstead revealed she was working with Dan the Automator and was indeed planning on releasing a music album. The duo formed the band Got a Girl the following year, and released their demo \"You & Me\" on May 21, 2013.[144] The album, titled I Love You but I Must Drive Off This Cliff Now, was released on July 22, 2014, via Bulk Recordings.[145] The first single, \"Did We Live Too Fast\" premiered on June 3,[146] and its music video, directed by Hope Larson, premiered online on June 16.[147] The album features heavy influences of French pop music, with Winstead detailing that the inspiration behind the project came from \"French '60s pop\u2014Jane Birkin, and stuff like that. It's kind of married with Dan's sensibility, which is his beats and a little bit of that low-key hip-hop vibe. So it makes for something that's very unique; it's very lounge-y and light. It's got a little bit of a French quality.\"[148] All lyrics were written by Winstead while all music was composed by Dan the Automator.\n",
            "p2": "Winstead was also featured on the songs \"The Agony\" and \"Look Across The Sky\" on Deltron 3030's second studio album Event 2,[149] released on September 30, 2013.[150]\n",
            "p3": "In November 2016, Honus Honus from experimental band Man Man released a song on SoundCloud, \"Santa Monica,\" that features Winstead. In December 2016, Portugal. The Man released the single and video for \"Noise Pollution (Version A, Vocal Up Mix 1.3)\" from their album Woodstock, featuring Winstead and Zoe Manville.[151]\n"
        }
    ]
}