{
    "id": "nm0916037",
    "name": "Bronson Webb",
    "career": [
        {
            "header": "empty",
            "p6": "Webb has had supporting roles in Harry Potter and the Prisoner of Azkaban (2005),[2] The Dark Knight (2008) from the Batman franchise,[3] Robin Hood (2010),[4] and Pirates of the Caribbean: On Stranger Tides (2011).[5] In roles with more visibility, he has played Emilio, a kidnapper in The Lives of the Saints (2006),[6] and Tony the sidekick in Pusher (2012).[7][8] Webb also plays Will,[9] a central character in \"Winter Is Coming\", the first episode of HBO's Game of Thrones.[10]\n"
        }
    ]
}