{
    "id": "nm0935653",
    "name": "Ray Winstone",
    "career": [
        {
            "header": "1970s and 1980s",
            "p0": "After a short run in the TV series Fox (1980), and a role in Ladies and Gentlemen, The Fabulous Stains (1982), alongside Diane Lane, Laura Dern, and a host of real life punks like Fee Waybill, Steve Jones, Paul Cook, and Paul Simonon, Winstone starred in the opening episode of the third season of Bergerac (1983), quickly followed by another big break, when he was cast as Will Scarlet in Robin of Sherwood (which began in 1984). He proved immensely popular and enjoyed the role, considering Scarlet to be \"the first football hooligan\" \u2013 although he was reportedly not fond of the dubbed German version. When the series ended, he again teamed up with Jason Connery when they co-starred in Tank Malling, which also featured Amanda Donohoe and Maria Whittaker. Over the years, he has appeared in TV shows including The Sweeney, The Bill, Boon, Fairly Secret Army (as Stubby Collins), Ever Decreasing Circles, One Foot in the Grave, \u2018\u2019Home To Roost, (Se4, Ep6)\u2019\u2019, Murder Most Horrid, Birds of a Feather, Minder, Kavanagh QC, Auf Wiedersehen, Pet, and Get Back (with the fledgling Kate Winslet). During this period, he was increasingly drawn to the theatre, playing in Hinkemann in 1988, Some Voices in 1994 and Dealer's Choice and Pale Horse the following year. Ray also added his London accent to a dance track in 1982 by \"Marsha Raven\" called \"I Like Plastic\".\n"
        },
        {
            "header": "1990s",
            "p0": "Winstone was asked to appear in Mr Thomas, a play written by his friend and fellow Londoner Kathy Burke. The reviews were good, and led to Winstone being cast, alongside Burke in Gary Oldman's drama Nil By Mouth. He was widely lauded for his performance as an alcoholic wife-batterer, receiving a BAFTA nomination (17 years after his Best Newcomer award for That Summer). He continued to play \"tough guy\" roles in Face and The War Zone \u2013 the latter especially controversial, as he played a man who rapes his own daughter \u2013 but that obvious toughness would also allow him to play loved-up nice-guys in romantic comedies Fanny and Elvis and There's Only One Jimmy Grimble. In Last Christmas, he played a dead man, now a trainee angel, who returns from heaven to help his young son cope with his bereavement, written by Tony Grounds, with whom Winstone worked again on Births, Marriages & Deaths and Our Boy, the latter winning him the Royal Television Society Best Actor Award. They worked together again in 2006 on All in the Game where Winstone portrayed a football manager. He did a series of Holsten Pils advertisements where he played upon the phrase \"Who's the Daddy\", coined in the film Scum.\n"
        },
        {
            "header": "2000s",
            "p0": "In 2000, Winstone starred alongside Jude Law in the hit cult film Love, Honour and Obey, then won the lead role in Sexy Beast, which brought him great acclaim from UK and international audiences and brought him to the attention of the American film industry. Winstone plays \"Gal\" Dove, a retired and happily married former thief dragged back into London's underworld by a psychopathic former associate (Ben Kingsley, who received an Oscar nomination for his performance).\n",
            "p1": "After a brief role alongside Burke again in the tragi-comic The Martins, he appeared in Last Orders where he starred alongside Michael Caine, Helen Mirren, David Hemmings, and Tom Courtenay.\n",
            "p2": "Next Winstone would get a prime part in Ripley's Game, the sequel to The Talented Mr. Ripley, in which he once again played a gangster. He followed up with Lenny Blue, the sequel to Tough Love, and the short The Bouncer.\n",
            "p3": "In 2000, he starred in To the Green Fields Beyond at the Donmar Warehouse and directed by Sam Mendes. In 2002, he performed at the Royal Court as Griffin in The Night Heron. Two years later, he joined Kevin Spacey for 24 Hour Plays at the Old Vic, a series of productions that were written, rehearsed and performed in a single day. Now internationally known, Winstone was next chosen by Anthony Minghella to play Teague, a sinister Home Guard boss in the American Civil War drama Cold Mountain.\n",
            "p4": "Perhaps inspired by Burke and Oldman, Winstone has now decided to direct and produce his own films, setting up Size 9 and Flicks production companies with his longtime agent Michael Wiggs. The first effort was She's Gone in which he plays a businessman whose young daughter disappears in Istanbul (filming was held up by unrest in the Middle East). He followed it up with Jerusalem in which he played poet and visionary William Blake.\n",
            "p5": "Winstone made his action film debut in King Arthur, starring Clive Owen, directed by Antoine Fuqua, and produced by Jerry Bruckheimer. Fuqua lauded his performance proclaiming he was \"the British De Niro\". Winstone provided the voice of Soldier Sam in the screen version of The Magic Roundabout.\n",
            "p6": "In 2005, he appeared opposite Suranne Jones in ITV drama Vincent about a team of private detectives. He returned to the role in 2006 and was awarded an International Emmy. He also portrayed a 19th-century English policeman trying to tame the Australian outback in The Proposition. In 2006, American critic Roger Ebert described Winstone as \"one of the best actors now at work in movies\".[16]\n",
            "p7": "A complete change of pace for Winstone was when he provided the voice for the cheeky-chappy Mr. Beaver in The Chronicles of Narnia: The Lion, the Witch and the Wardrobe, also in 2005. Winstone appeared in Martin Scorsese's 2006 film The Departed as Mr. French, an enforcer to Jack Nicholson's Irish mob boss. Critic Roger Ebert singled out Winstone for praise among the ensemble cast of The Departed, writing that the actor \"invests every line with the authority of God dictating to Moses\".[17]\n",
            "p8": "He provided motion capture movements and voice-over work for the title character in the Robert Zemeckis' film Beowulf. He then co-starred in Indiana Jones and the Kingdom of the Crystal Skull, which was released on 22 May 2008. He returned to television drama in The Changeling-inspired Compulsion, originally shown in May 2009.\n"
        },
        {
            "header": "2010 to present",
            "p0": "Winstone next starred as Arjan van Diemen in the film Tracker with Temuera Morrison[18] He had a role as CIA agent Darius Jedburgh in the Edge of Darkness remake, replacing Robert De Niro.[19] In 2012, Winstone played the role of Detective Inspector Jack Regan in a remake of The Sweeney (having had a minor role in the original series). Winstone also starred in the slasher-thriller film Red Snow, directed by Stuart St. Paul and based on a short film by Adam Mason.[20]\n",
            "p1": "In 2011, Winstone starred in the British independent film The Hot Potato, a comedy thriller about two men who come into possession of a lump of uranium. The film, which is set in the East End of London in the 1960s, also stars Winstone's eldest daughter Lois Winstone, Jack Huston, Colm Meaney, and David Harewood.\n",
            "p2": "In April 2013, while a guest host of the comedy quiz show Have I Got News for You, he provoked controversy by stating that Scotland's chief exports were \"oil, whisky, tartan and tramps\", leading to a headline in The Scotsman claiming \"Ray Winstone calls Scots 'tramps' on TV quiz show\". Viewers complained to Ofcom and the BBC.[21] In 2015, he played the role of ex-criminal Jimmy Rose in The Trials of Jimmy Rose, a three-part drama for ITV.\n",
            "p3": "In 2021, he joined the Marvel Cinematic Universe as General Dreykov in Black Widow and received mixed reviews for his performance. \n"
        }
    ]
}