{
    "id": "nm0991810",
    "name": "Mahershala Ali",
    "career": [
        {
            "header": "Acting",
            "p0": "Ali was known professionally by his full name, Mahershalalhashbaz Ali, from 2001 until 2010, when he began to be credited as Mahershala Ali.[9][12] Ali had considered shortening his name for a while, saying that using his full first name was \"a crazy thing to do considering that we're in Hollywood\", although he had never been pressured by managers or agents to change it.[12] He decided to use a shorter version of his first name after being told that his full name was too long to fit on the poster for the film The Place Beyond the Pines. He did not want the alternative of \"M. Ali\" to represent himself on the poster, so he chose to adopt the shorter version of his name.[12]\n",
            "p1": "\nHe elaborated in an interview to Vanity Fair in October 2016: ",
            "p2": "He is known for his portrayal of Remy Danton in the Netflix series House of Cards, Cornell Stokes in Marvel's Luke Cage, Colonel Boggs in The Hunger Games: Mockingjay \u2013 Part 1 and The Hunger Games: Mockingjay \u2013 Part 2 and Tizzy in the 2008 film The Curious Case of Benjamin Button, his first major film role. Other notable films include Predators, The Place Beyond the Pines, Free State of Jones, Hidden Figures.\n",
            "p3": "For his performance as mentor and drug dealer Juan in the drama film Moonlight (2016), Ali received universal acclaim from critics and won the Academy Award for Best Supporting Actor, the SAG Award and the Critics' Choice Award for Best Supporting Actor and received a Golden Globe and a BAFTA Award nomination. At the 89th Academy Awards, he was the first Muslim actor to win an Oscar.[13]\n",
            "p4": "In 2017, Ali joined the video game Madden NFL 18's story mode Longshot, in which he played Cutter Wade, the father of protagonist Devin.[14][15] He played Don Shirley in the 2018 film Green Book, receiving his second Academy Award for Best Supporting Actor, Golden Globe Award for Best Supporting Actor \u2013 Motion Picture[16] and the BAFTA Award for Best Actor in a Supporting Role.[17]\n",
            "p5": "Ali starred as Arkansas State Police detective Wayne Hays in the third season of the HBO series True Detective, which premiered on January 13, 2019, in the United States.[18] On Rotten Tomatoes, the site's critical consensus reads, \"Driven by Mahershala Ali's mesmerizing performance, True Detective's third season finds fresh perspective by exploring real world events \u2013 though it loses some of the series' intriguing strangeness along the way.\"[19]\n",
            "p6": "At the annual San Diego Comic-Con in July 2019, Ali was announced as being cast to play the supernatural superhero Blade in the Marvel Cinematic Universe film of the same name, which was previously played by Wesley Snipes.[20]\n"
        },
        {
            "header": "Music",
            "p0": "Ali was signed to Bay Area recording label Hieroglyphics Imperium during the late 2000s and recorded rap music as Prince Ali.[21] In 2006, he released his first album, Corner Ensemble, followed by Curb Side Service in 2007, but did not tour to promote the album, choosing instead to focus on his acting career.[22] In 2015 Ali appeared on rap artist Hus Kingpin album \"House Of Cards\" lending his voice to skits and rapping on the track entitled \"House Of Card Gods\" using his moniker .[23]In 2019, he made a guest appearance on Keith Murray's album Lord Of The Metaphor 2 alongside Casual and Planet Asia, and in 2020, appeared on Riz Ahmed's album The Long Goodbye.\n"
        }
    ]
}