{
    "id": "nm0940158",
    "name": "Bokeem Woodbine",
    "career": [
        {
            "header": "empty",
            "p6": "With the encouragement of his actress mother, Woodbine entered show business at age 19 as a stand-in and extra in Ernest Dickerson's directorial debut, Juice (1992), starring Tupac Shakur and Omar Epps. In the following year, he made his TV acting debut in the CBS Schoolbreak Special entitled \"Love Off Limits\". His appearance was noticed by casting director Jaki Brown-Karman, who later recommended him to Forest Whitaker for the latter's directorial effort, the HBO television movie Strapped (1993). Since then, he has worked with other major African-American filmmakers such as Spike Lee, Mario Van Peebles and the Hughes Brothers in the films Crooklyn (1994), Panther (1995) and Dead Presidents (1995), respectively.[2]\n",
            "p7": "In 1996 he appeared in Shakur's music video for \"I Ain't Mad at Cha\"[3] and formed a friendship with the rapper. They subsequently reunited in Vondie Curtis-Hall's directorial debut, Gridlock'd, which was released four months after Shakur's death.[4] In 1999 Woodbine appeared in an episode of HBO's The Sopranos as New Jersey Gangster rapper Massive Genius.\n",
            "p8": "Woodbine was featured as a regular on the NBC midseason sitcom Battery Park and played Dr. Damon Bradley, who later turned out to be a serial rapist,[5] in the short-lived CBS medical drama City of Angels, the latter of which earned him a nomination for the NAACP Image Award for Outstanding Supporting Actor in a Drama Series.[citation needed] Additionally, he appeared in the Wu-Tang Clan's music videos for their songs \"Protect Ya Neck II (The Jump Off)\", \"Gravel Pit\", and \"Careful (Click, Click)\".[6] Woodbine went to portray saxophonist David \"Fathead\" Newman in the Oscar-winning Ray Charles biopic Ray.[3]\n",
            "p9": "Over the next few years, Woodbine made minor appearances in both film and television. On the small screen, he could be seen in an episode of Fox's crime drama Bones and ABC's short-lived cop drama The Evidence, as well as two episodes of Spike TV's Blade: The Series, based on Marvel Comics' character and popular film series. The next year, Woodbine appeared with his Blade: The Series co-star Sticky Fingaz in his musical drama film A Day in the Life, starring Omar Epps and Mekhi Phifer, and two films by Jesse V. Johnson: the low-budget sci-fi/action movie The Last Sentinel (alongside Don \"The Dragon\" Wilson and Katee Sackhoff), and the action film The Butcher, opposite Eric Roberts. He also became a series regular, as Leon Cooley, an inmate on death row, in the TNT crime/drama series Saving Grace alongside Holly Hunter.\n",
            "p10": "In 2009, Woodbine appeared in the blaxploitation film Black Dynamite[3] and followed it up the next year with the M. Night Shyamalan-produced supernatural thriller Devil.[7] He has also appeared as a police officer on the critically acclaimed series Southland (2011). He next appeared in the 2012 remake of Total Recall[8] and then Riddick the next year.[9]\n",
            "p11": "In December 2015, he received a Critics' Choice Television Award nomination for Best Supporting Actor in a Movie/Miniseries and a Primetime Emmy Award nomination for his role as Mike Milligan in Fargo.[10][11]\n",
            "p12": "In 2017, Woodbine appeared in the Sony Pictures and Marvel Studios film Spider-Man: Homecoming, as Shocker, one of four villains, alongside Michael Keaton, Logan Marshall-Green and Michael Chernus.[12] In 2018, Woodbine starred in the series Unsolved. He played Daryn Dupree, who was part of a police task force that investigated the murders of rappers Notorious BIG and Tupac Shakur. In 2021, Woodbine played Sheriff Domingo in Ghostbusters: Afterlife.[13]\n"
        }
    ]
}