{
    "id": "nm0905302",
    "name": "Gordon Waddell",
    "career": [
        {
            "header": "empty",
            "p2": "Waddell was elected to the South African Parliament in April 1974 by winning the constituency of Johannesburg North for the Progressive Party. Waddell was one of seven new Progressive Party MPs who won election to Parliament in 1974, supporting Helen Suzman who had been the sole opposition MP to the National Party for 13 years.  Waddell acted as spokesperson for Economic Affairs for the Progressive Federal Party during his term in Parliament.[citation needed]\n",
            "p3": "He was responsible for instigating the special congress held over the weekend of 3 September 1979, which led to the ousting of party leader Colin Eglin[7] and the election of Frederik van Zyl Slabbert.[citation needed]\n"
        }
    ]
}