{
    "id": "nm1026161",
    "name": "Dan Payne",
    "career": [
        {
            "header": "empty",
            "p5": "In his early 20s, Payne was a professional volleyball player.[1] After his retirement, he was convinced by his brother Josh to move to Australia, where Josh was already living. Dan began his acting career by creating short films with his brother.[2]\n",
            "p6": "Payne then moved to the United Kingdom, where he supported himself playing, in his words, \"the big, dumb American\" in various British films and TV shows.[1] He moved to Vancouver in 2001.[1]\n",
            "p7": "Payne had numerous roles on the 2002-2005 science fiction series Stargate SG-1, and its 2004-2009 spin-off series Stargate Atlantis, both shot in Vancouver; these included Kull Warriors and an Ashrak assassin on Stargate SG-1, and the Wraith king in the Stargate Atlantis episode \"Sateda\".[3] Payne appeared as Nathan Davidson, a married, sexually-repressed father in the 2008 film Mulligans,[4] a role of which Payne stated in 2016, \"It is still one of my proudest efforts\".[1]  He also appeared as Dollar Bill in Watchmen (2009).\n",
            "p8": "Payne starred as Cesar Divine in the web based television series Divine:The Series that stretched four episodes.[5]\n",
            "p9": "Payne has starring roles in Hallmark Channel's 2016 movies All Yours, with Nicollette Sheridan[6] and A Time To Dance, with Jennie Garth.[7] Payne also landed a recurring role on Good Witch.[6][8]\n"
        }
    ]
}