{
    "id": "nm1084018",
    "name": "James Bethea",
    "career": [
        {
            "header": "empty",
            "p11": "Bethea began his career in 1982 while a Bronx Science student, as a cast member of the Nickelodeon series Livewire. Finding the behind-the-camera aspects of television equally appealing, he obtained work as a production assistant, first at the Children's Television Workshop, then back at Nickelodeon as a Segment Producer for the 3-hour weekly variety show Total Panic. With high school classmate Karim Miteff, Bethea co-created and produced Nick Arcade, a groundbreaking virtual reality game show whose bluescreen process received an Ultimatte Award for Technical Achievement from the National Association of Broadcasters, as well as a Cable Ace nomination.[1] The series format was licensed and produced worldwide, including as Zona De Juego in Spain for TVE.  Bethea also co-created and produced the original Slime Time Live.\n",
            "p12": "In 1997, Bethea was hired by Viacom's UPN as Director of Programming[2] and promoted shortly after to Head of Current Programming.[3] In this capacity, he supervised the production of the network's entire primetime slate, including comedy, drama and alternative series. He also appeared as a D&D Dungeon Master in high school classmate Jon Favreau's 1999 pilot Smog. Eventually, Bethea sold the network a pilot script of his own, The Gibsons and in 2000, returned to freelance producing.[4] The script was not ordered to series.\n",
            "p13": "Tapped again by Nickeodeon in 2003, Bethea developed and produced the TEENick Spin The Bottle franchise, in addition to composing its theme music. In 2005, Bethea began executive producing live television events. They include E!'s Live From the Red Carpet franchise and the 12th Critics' Choice Awards.\n",
            "p14": "He is also the producer of two plays written by actor Mike O'Malley: Three Years From Thirty and Searching For Certainty.\n",
            "p15": "Bethea donned a military uniform to portray an analyst for Jon Favreau in his 2008 Iron Man and its sequel, Iron Man 2; a nod to their days in high school as avid comic book fans.\n"
        }
    ]
}