{
    "id": "nm1095720",
    "name": "Keisha Castle-Hughes",
    "career": [
        {
            "header": "empty",
            "p8": "In 2002, Castle-Hughes made her debut in the film Whale Rider, in which she played the main role of Paikea Apirana (Pai). She had no previous acting experience and went directly from her Auckland school classroom to the film set when the shoot began in New Zealand in late 2001. Castle-Hughes received widespread critical acclaim for her performance, and in 2004 she received an Academy Award nomination for Best Actress at the 76th Academy Awards. Although she did not win the Best Actress award (it went to Charlize Theron for Monster), at age 13 she became the youngest person nominated in this category at the time and the second Polynesian actress, after Jocelyne LaGarde, to be nominated for an Oscar.\n",
            "p9": "She soon followed the role by appearing in Prince's controversial \"Cinnamon Girl\" music video and with a shoot in Vanity Fair magazine. In 2004, Castle-Hughes was invited to join the Academy of Motion Picture Arts and Sciences.[5]\n",
            "p10": "In 2005, Castle-Hughes had a small part as Queen Apailana in Star Wars: Revenge of the Sith. In 2006, she portrayed the starring role of the Virgin Mary in The Nativity Story. New York Times critic, A. O. Scott, said that she \"seemed entirely unfazed by the demands of playing Mary. She had the poise and intelligence to play the character not as an icon of maternity, but rather as a headstrong, thoughtful adolescent transformed by an unimaginable responsibility.\"[6] The Christian-themed film earned only $8\u00a0million during its opening week, but its box office surged during the week of Christmas.[7]\n",
            "p11": "In 2008, Castle-Hughes appeared in the Australian comedy-drama film Hey, Hey, It's Esther Blueburger, which was filmed in late 2006.[8]\n",
            "p12": "Castle-Hughes reunited with New Zealand director Niki Caro for the film adaption of The Vintner's Luck, which had its international premiere in September 2009.\n",
            "p13": "Castle-Hughes starred in the Japanese horror film Vampire,[9] and she also played a recurring role as Axl's flatmate in The Almighty Johnsons which premiered in 2011. In 2011 Castle-Hughes also played a minor part in the film Red Dog as Rosa the veterinary assistant and wife of Vanno.\n",
            "p14": "In 2014, Castle-Hughes had a guest role in the American television series The Walking Dead in which she played Joan.[10]\n",
            "p15": "In 2015, she joined the cast of the HBO TV series Game of Thrones in Season 5 as Obara Sand.[1] She pursued a role on the show in part because she is a fan of the books.[11] Castle-Hughes found out that she had won the role the night the Season 4 episode \"The Mountain and the Viper\" aired, in which her on-screen father's death was shown. She described having a very intense emotional reaction to the scene, because of the connection between the characters on the show.[11]\n",
            "p16": "Beginning in 2020, Castle-Hughes has played Hana Gibson, an FBI analyst, on CBS's FBI: Most Wanted.\n"
        }
    ]
}