{
    "id": "nm1013812",
    "name": "Rachel Grant",
    "career": [
        {
            "header": "empty",
            "p1": "Grant played Peaceful Fountains of Desire in the James Bond film Die Another Day.[5] One of her first TV roles was on SyFy as Nina, the hostess of horror show Sci-fright. She was Professor Myang Li in the Sky One series Brainiac: Science Abuse.[citation needed] She has starred in theatre and in TV shows including Emmerdale, Murder in Suburbia, Blue Murder and Casualty. She also appeared in the films Until Death, The Purifiers and more recently, in the sci-fi-fi comedy Snatchers.\n"
        }
    ]
}