{
    "id": "nm1019674",
    "name": "Sala Baker",
    "career": [
        {
            "header": "empty",
            "p2": "Originally hired as one of several stunt performers for The Lord of the Rings film trilogy,[citation needed] he ended up landing the part of the Dark Lord Sauron.[1] In addition, he also played several Orcs, a Gondorian, and one of the Rohirrim. Outside of The Lord of the Rings trilogy, Baker has performed in The Chronicles of Narnia: The Lion, the Witch and the Wardrobe, two Pirates of the Caribbean movies, Sherlock Holmes: A Game of Shadows, Deadpool 2, Braven, Sleepless, and Mile 22.\n",
            "p3": "Baker was also a part of the miscellaneous crew in the making of The Last Samurai in 2003.\n"
        }
    ]
}