{
    "id": "nm1046097",
    "name": "Rachel McAdams",
    "career": [
        {
            "header": "empty",
            "p5": "At this point in her career, McAdams was hailed as \"the next Julia Roberts\"[3] and the new \"Hollywood it girl\".[4] Vanity Fair invited McAdams, along with actresses Scarlett Johansson and Keira Knightley, to appear on its March 2006 cover, the annual Hollywood issue. Upon arrival on the photo set, McAdams discovered it was a nude session, declined and left. She later parted ways with her publicist at the time, who had not informed her in advance.[80] Knightley later recounted, \"Quite early on Rachel just said, 'No, I'm not into that.' She's a lovely girl, and I really respect her for doing that.\"[81] When asked about the incident in 2008, McAdams had \"no regrets\".[82] McAdams took a break from her film career from 2006 to 2007.[4] \"There were a lot of cooks in the kitchen, a lot of voices around me, and I wanted to step away so I could hear my own voice again\", McAdams said in 2013. \"Truthfully, I never really wanted to be a big movie star. I never even wanted to work outside of Canada, or outside of the theatre.\"[83] During that period, McAdams turned down roles in the films The Devil Wears Prada (2006), Casino Royale (2006), Mission: Impossible III (2006), Iron Man (2008),[84] and Get Smart (2008).[3] In February 2006, she made a one-off stage appearance in The Vagina Monologues at St. Lawrence Centre for the Arts, Toronto to raise funds for V-Day.[85] That same year, McAdams received a Rising Star Award nomination from the British Academy of Film and Television Arts[86] and hosted the Academy Awards for Technical Achievement.[87]\n",
            "p6": "McAdams returned to her film career in 2008. She starred with Pierce Brosnan and Chris Cooper in the 1940s film noir Married Life where she played Kay Nesbitt, a young widow who wins the affections of Brosnan and Cooper's older characters. In preparation for the role, McAdams studied old films, particularly those of Kim Novak.[88] She has said the film shoot re-energized and re-inspired her and made her eager to continue working more often again.[89] Lisa Schwarzbaum of Entertainment Weekly found McAdams \"a particularly delightful vision after her two-year intermission\".[90] Todd McCarthy of Variety criticized her break from the big screen but felt that, despite a performance of \"tender feeling\", \"her natural vivaciousness and spontaneity are straitjacketed\" by the film noir format.[91] The film had a limited release and was a box-office failure. It grossed just over $2\u00a0million worldwide, failing to recoup its production budget of $12\u00a0million.[92]\n",
            "p7": "Afterwards, McAdams starred with Tim Robbins and Michael Pe\u00f1a in the road trip comedy-drama The Lucky Ones, a story about three Iraq War soldiers on a brief road trip back in the United States. She trained at a real boot camp, at Fort Campbell, Kentucky, prior to filming.[93] In 2011, McAdams said that Colee Dunn was \"probably one of my favorite characters I've ever played\".[94] The film also had a limited release and Laura Kern of The New York Times found her \"luminous as always\"[95] while Roger Ebert of the Chicago Sun-Times hailed the performance as \"her coming of age as an actress\".[96] \"Previously she has been seen mostly as a hot chick or an idealized sweetheart\", he wrote. \"Here she is feisty, vulnerable, plucky, warm, funny ... Watch the poignancy of the scene when she meets her boyfriend's family.\"[96] Owen Gleiberman of Entertainment Weekly found her \"feisty, gorgeous, and as mercurial as a mood ring\".[97] The Lucky Ones is the least commercially successful film of McAdams's career as of 2012, having grossed just $266,967 worldwide.[98]\n",
            "p8": "In 2009, McAdams starred with Russell Crowe, Helen Mirren and Ben Affleck in the political thriller State of Play, based on the BBC drama television series of the same name. McAdams played Della Frye, an online reporter who investigates a possible conspiracy with Crowe's character, a veteran print journalist.[99] McAdams visited The Washington Post's offices and met with politicians on Capitol Hill for her research.[100] Gleiberman of Entertainment Weekly felt she was \"perfectly cast as an ambitious wonkette\"[101] while Sukhdev Sandhu of The Daily Telegraph noted that \"McAdams, with her lively eyes and large, expressive forehead, holds her own against Crowe. Mercifully, she avoids any temptation to play girly and demure to his grizzled alpha male.\"[102] The film grossed over $87\u00a0million worldwide.[103] Also in 2009, McAdams starred opposite Eric Bana in the science fiction romantic drama The Time Traveler's Wife, based on Audrey Niffenegger's best-selling novel of the same name.[104][105] McAdams fell \"madly in love\" with the novel,[106] but was initially slightly hesitant to accept the role because Clare Abshire, the long-suffering wife is a \"character that people have already cast in their heads\".[107] Peter Travers of Rolling Stone said, \"I'd watch the vibrant Rachel McAdams and Eric Bana in anything, but The Time Traveler's Wife is pushing it.\"[108] Betsy Sharkey of the Los Angeles Times found her \"luminous [yet], sadly, her facility as an actress is mostly wasted.\"[109] Writing in The Chicago Tribune, Michael Phillips, in an otherwise tepid review, said of her performance: \"Every scene she's in, even the silly ones, becomes better\u2014truer, often against long odds\u2014because she's in it. Her work feels emotionally spontaneous yet technically precise. She has an unusually easy touch with both comedy and drama, and she never holds a melodramatic moment hostage.\"[110] The film was a commercial success, earning over $101\u00a0million worldwide.[111]\n",
            "p9": "In late 2009, McAdams starred in the mystery/action-adventure film Sherlock Holmes with Robert Downey, Jr. and Jude Law. She played Irene Adler, an antagonist and love interest of Downey's title character Sherlock Holmes, and welcomed the opportunity to play a character who is \"her own boss and a real free spirit\".[112] Todd McCarthy of Variety felt her character was \"not very well integrated into the rest of the story, a shortcoming the normally resourceful McAdams is unable to do much about\".[113] A. O. Scott of The New York Times stated, \"Ms.\u00a0McAdams is a perfectly charming actress and performs gamely as the third wheel of this action-bromance tricycle. But Irene feels in this movie more like a somewhat cynical commercial contrivance. She offers a little something for the ladies and also something for the lads, who, much as they may dig fights and explosions and guns and chases, also like girls.\"[114] The film was a major commercial success, earning over $524\u00a0million at the worldwide box office.[115]\n",
            "p10": "In 2010, McAdams starred with her The Family Stone co-star Diane Keaton and Harrison Ford in the comedy Morning Glory. She played a television producer attempting to improve the poor ratings of a morning television program. The film was billed as a starring vehicle for McAdams.[116] She initially felt she was unsuited to the role saying, \"I'm not funny. So I said, 'if you need me to be funny, you might want to look somewhere else'\".[117] The film's director Roger Michell had a number of dinners with McAdams and persuaded her to join the cast.[26][118] Since working with Keaton, McAdams has described her as a mentor figure.[119] Kenneth Turan of the Los Angeles Times said McAdams \"gives the kind of performance we go to the movies for\"[120] while Roger Ebert of the Chicago Sun-Times felt she played \"as lovable a lead as anyone since Amy Adams in Junebug\" in an otherwise \"routine\" movie.[121] Lou Lumenick of the New York Post was impressed by \"her gift for physical comedy\",[122] as was Variety's Andrew Barker.[123] While Manohla Dargis of The New York Times felt she \"plays her role exceptionally well\" and is \"effortlessly likable\", it called on Hollywood to give her parts \"worthy\" of her talent. \"Ms.\u00a0McAdams has to rely on her dimples to get by. She does, but she could do better.\"[124] The film was a modest commercial success, grossing $58\u00a0million worldwide from a production budget of $40\u00a0million.[125] McAdams later expressed her disappointment that the film failed to find a larger audience.[63]\n"
        },
        {
            "header": "2011\u20132014: Work with auteurs",
            "p0": "In 2011, McAdams starred in Woody Allen's fantasy romantic comedy Midnight in Paris with her Wedding Crashers co-star Owen Wilson and Michael Sheen. The film opened the 2011 Cannes Film Festival.[126] McAdams played Inez, the shrewish fianc\u00e9e of Wilson's character Gil. Allen wrote McAdams' part for her, after hearing \"glowing reports\" from his friend and her former co-star Diane Keaton.[116] He said that he was \"crazy about Rachel\"[127] and wanted to give her the opportunity to play something other than \"beautiful girls\".[128] The film was shot on location in Paris and McAdams has said that the experience \"will always have a great place in my heart\".[129] Hadley Freeman The Guardian criticized that she \"has morphed from the sweet thing in Wedding Crashers to the dream-crushing bitch that, according to American comedies, women become once they ensnare their man\".[130] Richard Corliss of Time \"felt sorry for McAdams, whose usually winning presence is ground into hostile clich\u00e9\".[131] However, Kenneth Turan of the Los Angeles Times felt she \"deftly handles a part that is less amiable than usual for her\"[132] and A. O. Scott of The New York Times found her \"superbly speeded-up\".[133] It became Allen's highest-grossing film ever in North America[134] and was the most commercially successful independent film of 2011.[135] With a production budget of $17\u00a0million, the film has grossed over $151\u00a0million worldwide.[136] McAdams, along with six other members of the cast, received a Screen Actors Guild Award for Outstanding Performance by a Cast in a Motion Picture nomination.[137] Allen won the Academy Award for Best Original Screenplay and the film itself was nominated for three other Academy Awards, including Best Picture.[138]\n",
            "p1": "McAdams reprised her role as Irene Adler in the mystery/action-adventure sequel Sherlock Holmes: A Game of Shadows,[139] but the female lead role was played by Noomi Rapace. Joel Silver, the film's producer, has said that \"we always intended to have a different kind of girl for each movie\" in the vein of Bond girls.[140] He found it \"complicated\" to persuade McAdams to return in a smaller role: \"She loved being with us, but she hoped to have a bigger role.\"[140] Joe Morgenstern of The Wall Street Journal felt \"she vanishes all too soon in this overproduced, self-enchanted sequel, and so does the spirit of bright invention that made the previous film such a pleasant surprise.\"[141] Scott Mendelson of The Huffington Post remarked that she \"exhibits far more personality and roguish charm in her few moments here than she did in all of the previous film. Freed from the constraints of being the de-facto love interest, McAdams relishes the chance to go full-villain.\"[142] The film has grossed over $543\u00a0million worldwide.[143]\n",
            "p2": "In 2012, McAdams starred opposite Channing Tatum in the romantic drama The Vow, based on a true story.[144] McAdams and Tatum played a newlywed couple who try to rebuild their relationship after a car crash leaves the wife with no recollections of who he is or their marriage. McAdams was drawn to the \"roller coaster\" faced by her character[145] and found it interesting that the story was told \"through the guy's eyes\".[146] A. O. Scott of The New York Times stated that \"the dimply and adorable Rachel McAdams\" brings \"enough physical charm and emotional warmth to distract from the threadbare setting and the paper-thin plot\".[147] Joseph Amodio of Newsday felt that McAdams, \"exuding her usual uncanny warmth on-screen\", \"is the real draw\".[148] However, Betsy Sharkey of the Los Angeles Times felt she was \"wasted\" in the role: \"She is such an appealing actress that it's hard not to wish someone could make better use\" of her.[149] Mary Pols of Time found the film an example of McAdams \"coasting\" in \"unabashedly romantic\" movies and asserted that \"she's a much more versatile and clever actress\" than such projects would suggest.[150] The film, financed for $30\u00a0million, was a major commercial success and became her biggest box-office hit in a leading role.[151] It topped the U.S. box office and has grossed over $196\u00a0million worldwide.[152][153]\n",
            "p3": "In 2013, McAdams co-starred opposite Ben Affleck in Terrence Malick's romantic drama To the Wonder.[154] McAdams played a horse ranch worker in Oklahoma and the love interest of Affleck's character.[155] She found Malick to be an \"incredibly helpful\" director; they discussed her character in detail and he took her on a tour of the local town, pointing out which house she would have grown up in and where she would have attended school.[63] Upon its limited theatrical American release, the film polarized film critics.[156] Oliver Lyttelton of IndieWire noted that \"McAdams has the least to do of the principals, but is wonderfully haunted and sad in her brief appearances\".[157] Afterwards, McAdams starred in Brian De Palma's erotic thriller Passion opposite Noomi Rapace. They played two business executives engaged in a power struggle.[158] De Palma saw McAdams' performance in Mean Girls and decided to cast her as Christine.[159] The movie was released in selected theatres in the US. Gleiberman of Entertainment Weekly noted that McAdams \"uses her sexy billboard smile and emphatic delivery to nail a certain type of troublemaker boss who embeds her aggression in pert 'sincerity'\"[160] while Robert Abele of the Los Angeles Times remarked: \"McAdams and Rapace are gesturally awkward and wildly miscast\u2014more sorority sisters in a spat than cross-generational power antagonists.\"[161]\n",
            "p4": "In 2013, McAdams starred in Richard Curtis' romantic comedy-drama About Time opposite Domhnall Gleeson.[162] Zooey Deschanel was originally slated to play McAdams's role but dropped out shortly before filming began.[163] A fan of Curtis for years, McAdams wanted to work with him on what he stated would be his last project as a director.[164] The film was a commercial success at the international box office,[165] and McAdams had a positive reception among critics, with Leslie Felperin of Variety praising her and Gleeson for their \"radiant, believable chemistry\" which \"keeps the film aloft.\"[166] The following year, McAdams starred opposite Philip Seymour Hoffman in an adaptation of John le Carr\u00e9's espionage thriller A Most Wanted Man, directed by Anton Corbijn.[167][168][169] McAdams' attempt at a German accent was criticised by some reviewers.[170] Richard Lawson of Vanity Fair noted that McAdams had a \"little less success with her accent\" than her co-star Hoffman but, nonetheless, she \"proves as intelligent, soulful, and magnetic a presence as ever\".[171] In late 2014, McAdams received a star on Canada's Walk of Fame.[172][173]\n"
        },
        {
            "header": "2015\u20132016: Spotlight and beyond",
            "p0": "In 2015, McAdams starred with Michael Keaton, Mark Ruffalo and Stanley Tucci as journalist Sacha Pfeiffer in Tom McCarthy's Spotlight, a drama about the child-abuse scandal in Boston's Catholic Church.[174] To prepare for her role, McAdams spent time with Pfeiffer.[175][176] The film garnered universal critical acclaim, mainly for its detailed story and the performances of the ensemble cast,[177] and won the Academy Award for Best Picture. Though Justin Chang of Variety felt McAdams imbued her character with \"sensitivity and grit\", he was nonetheless surprised by her subsequent Academy Award nomination: \"[The performance] has the sort of fine-grained subtlety that voters too rarely notice. Take another look at that scene in which she gently, skillfully encourages an abuse survivor to lay bare his most lacerating secrets\u2014a small master class in how the simple act of listening can become a conduit for compassion.\"[178][179] For her role, McAdams received nominations for the Academy Award for Best Supporting Actress, Critics' Choice Movie Award for Best Supporting Actress and Screen Actors Guild Award nominations in the categories of Outstanding Performance by a Female Actor in a Supporting Role and Outstanding Performance by a Cast in a Motion Picture.[180][181]\n",
            "p1": "She next starred with her Wedding Crashers co-star Bradley Cooper, Emma Stone and John Krasinski in Cameron Crowe's romantic comedy-drama Aloha. She played the ex-girlfriend of Cooper's character, who is married to Krasinski's character with two children.[182] While the film received a negative reaction and controversy from critics and audiences alike,[183] Wesley Morris of Grantland remarked: \"Someone who can speak Crowe's language really helps. McAdams might be the best he's ever had ... [She] puts the perfect amount of air in her lines, giving the words a lightness that conflates optimism, amusement, and resignation. She's never seemed lovelier, more instinctive, or more present.\"[184] Mark Olsen of the Los Angeles Times felt she \"plays likely the strongest, most rounded female character Crowe has ever written, a woman suddenly lips to lips with the life she has and the one she might have had, and the actress brings a grounded, unforced earthiness to the role that is a joy to watch.\"[185]\n",
            "p2": "She co-starred with Jake Gyllenhaal in the boxing drama Southpaw (2015), where she played the wife of Gyllenhaal's character.[186] A.O. Scott of The New York Times conceded: \"It features some pretty appealing players. There are worse things to see at the multiplex than Ms. McAdams playing a tough cookie standing by her man.\"[187] She co-starred with James Franco, Charlotte Gainsbourg and Marie-Jos\u00e9e Croze in Wim Wenders' drama Every Thing Will Be Fine. The film received a U.S. limited release in December 2015.[188] Guy Lodge of Variety remarked: \"Poor McAdams, sporting sensible hair and a truly mystifying cod-Continental accent, continues her thankless run of needy, tossed-aside love interests in big-name auteur projects.\"[189] That same year, McAdams returned to television and starred as Det. Ani Bezzerides in the second season of HBO's anthology crime drama True Detective with her Wedding Crashers co-star Vince Vaughn, Colin Farrell and Taylor Kitsch.[190] Richard Vine of The Guardian remarked: \"If there's anyone with any chance of enjoying a McConaughaissance here it's probably McAdams \u2013 an actor whose characters are more usually associated with the death of the romcom than murders involving people with eyes burned out by acid. Here, her Ani is a convincing mess.\"[191] She received a nomination for the Critics' Choice Television Award for Best Actress in a Movie/Miniseries for her role.[181] Also in 2015, McAdams played Buttercup in a one-off, staged LACMA Live Read of The Princess Bride.[192]\n",
            "p3": "The following year, McAdams voiced The Mother of The Little Girl in an animated version of The Little Prince,[193] and co-starred with Benedict Cumberbatch in the Marvel Cinematic Universe superhero film Doctor Strange.[194] Peter Debruge of Variety said McAdams played \"the most competent\u2014and human\u2014of Marvel's window-dressing girlfriends,\"[195] while Gregory Ellwood of Indiewire remarked: \"It goes without saying that McAdams will never get the credit she deserves for transforming the barely sketched out role of Strange's former medical colleague Christine Palmer into a captivating three-dimensional character that feels like an integral part of the storyline even when she isn't.\"[196] Also in 2016, McAdams narrated an audiobook version of L. M. Montgomery's novel Anne of Green Gables, released by Audible.[197]\n"
        },
        {
            "header": "2018\u2013present: Recent roles",
            "p0": "After a year-long absence from the screen, McAdams co-starred with Jason Bateman in the comedy Game Night (2018). Glenn Kenny of The New York Times said the film served as a \"reminder that Ms. McAdams is one of cinema's most accomplished and appealing comic actresses.\"[198] Richard Lawson of Vanity Fair felt her character lacked \"any real arc or motivation of her own\", but \"It's a testament to McAdams's talent and charm, then, that she doesn't get lost in the movie, asserting herself in every scene with a goofy brightness.\"[199] She performed some of her own stunt driving in a getaway scene.[200] Later in 2018, McAdams starred opposite Rachel Weisz in Sebasti\u00e1n Lelio's romantic drama Disobedience, based on Naomi Alderman's novel.[201] Manohla Dargis of The New York Times said McAdams \"does some lovely work here to convey a woman agonizing over her existential situation\".[202] In 2020, she co-starred with Will Ferrell in the Netflix musical comedy film Eurovision Song Contest: The Story of Fire Saga.\n",
            "p1": "McAdams reprised her role as Christine Palmer in the superhero sequel Doctor Strange in the Multiverse of Madness. Released in May 2022, the film garnered mixed reviews.[203][204] McAdams is set to star in Are You There God? It's Me, Margaret, a film adaptation of Judy Blume's novel of the same name, scheduled for a September 2022 release.[205]\n"
        }
    ]
}