{
    "id": "nm1001615",
    "name": "Mary Oyaya",
    "career": [
        {
            "header": "empty",
            "p4": "She has worked for the United Nations since a young age. She mainly worked with refugees in Australia for several NGOs. While studying, she pursued a modeling career. She featured in several fashion magazines such as 'CAT' and 'S'. In the meantime, she appeared in advertisements with Salvatore Ferragamo and Gucci sunglasses, Chanel and Jan Logan jewelry and footwear with Sergio Rossi.\n",
            "p5": "Mary has starred in television commercials for Telstra Communications, Hewlett Packard Bell, and various sports advertisements. In 1999, she acted in the SciFi network TV series, Farscape. During this period, she ventured into film productions, such as Lost Souls and Down and Under. In 2002, she appeared as Jedi Master Luminara Unduli in the American blockbuster film Star Wars: Episode II \u2013 Attack of the Clones.[3]\n"
        }
    ]
}