{
    "id": "nm1002664",
    "name": "Michael Eklund",
    "career": [
        {
            "header": "Television",
            "p0": "As an actor living in Vancouver (aka Hollywood North) Eklund has appeared on several Canadian and American television series filmed in the area.\n",
            "p1": "His first television role was in 2000 as a police officer in an episode of the sci-fi series Dark Angel. Eklund appeared on an episode of Stargate SG-1 in 2002, and appeared in 2 episodes of Battlestar Galactica the following year.[18][19]  In 2005 he appeared on the Canadian series Da Vinci's Inquest and Cold Squad.[19] He also had a recurring role on the Canadian mini-series Terminal City that same year.[18][19]\n",
            "p2": "Eklund appeared in 2 episodes of Smallville in different roles in 2001 and 2007.[13][19] From 2005\u20132007 he played narcotics detective Rene Desjardins on the Canadian crime drama series Intelligence.[13][19]  In 2007 Eklund also had a recurring role on the Canadian series Blood Ties.[19]\n",
            "p3": "In 2008 Eklund appeared on an episode of Supernatural.[13] In 2009 and 2010 he appeared on episodes of the Canadian series Flashpoint . In 2010 he also appeared on episodes of the sci-fi series Caprica and Fringe. He also had a recurring role on the Canadian series Shattered that same year. In 2012 Eklund appeared in 2 episodes of the sci-fi thriller series Alcatraz.[13] He also appeared in an episode of Arrow in 2013.[19]\n",
            "p4": "In 2014 Eklund played Zane Morgan, a recurring character in the second season of the psychological horror drama Bates Motel.[13][18][20]  In 2015 he also played recurring character Robert Zorin on the Canadian sci-fi series Continuum.[1][19]\n",
            "p5": "From 2016\u20132017 Eklund played Martin, the punk energy vampire on the series Dirk Gently's Holistic Detective Agency[16][19] In 2018 he also appeared in 3 episodes of the sci-fi series Altered Carbon as Dimi 2, an illegal copy of character Dimitri Kadmin.[19]\n",
            "p6": "In 2016 he also joined the cast of Wynonna Earp, a series filmed in Calgary, Alberta and surrounding rural areas. On the series Eklund plays Bobo Del Rey, a fur-coat wearing Revenant.[1][16]\n"
        },
        {
            "header": "Film",
            "p0": "In 2007 Eklund appeared in the Al Pacino thriller film 88 Minutes.[18] In 2009, he had a small role in Terry Gilliam's The Imaginarium of Doctor Parnassus.[18]\n",
            "p1": "He played Larry in the 2010 comedy-western film Gunless with Paul Gross[18] That same year Eklund appeared in the British-Canadian comedy film The Making of Plus One, a film that also played at Cannes in 2009.[18]\n",
            "p2": "In 2011 he starred alongside Michael Biehn in the Xavier Gens thriller The Divide[18] He also played the character of Father in the apocalyptic siege warfare film The Day with Dominic Monaghan and Shawn Ashmore that same year.[18]\n",
            "p3": "In 2013 Eklund played Michael Foster, a serial killer who kidnaps Abigail Breslin's character and terrorizes Halle Berry in the film The Call.[1][16]\n",
            "p4": "Eklund has also collaborated three times with Calgary-based film director Robert Cuffley: In 2007, he played a crime boss\u2019s enforcer in Cuffley\u2019s dark comedy Walk All Over Me. In 2012, he played a desperate bartender in the violent thriller Ferocious and in 2016 he starred in Chokeslam as Luke Petrie, a friend of the film's protagonist.[16]\n"
        }
    ]
}