{
    "id": "nm1090693",
    "name": "Sally Mortemore",
    "career": [
        {
            "header": "empty",
            "p11": "Mortemore first worked in theatre as an acting assistant stage manager at the Queen's Theatre in Hornchurch[1] followed by seasons at the Haymarket Theatre in Basingstoke, Watford's Palace Theatre, Bolton's Octagon Theatre and the Churchill Theatre in Bromley, London. She also toured with the David Glass Ensemble,[1] Redshift,[2] Cleanbreak Theatre Company and Great Eastern Stage.[3]\n",
            "p12": "Mortemore appeared as Gertrude in David Glass' production of Gormenghast in 2006/2007.[4] Her film and television appearances include White Heat BBC2/ITV (2012), Ollie Kepler's Expanding Purple World (2010), Salt Grain (2010), Dead Gorgeous, Too Many Cooks, Harry Potter and the Chamber of Secrets as Madame Pince and Wire in the Blood[5] and Daphne & Apollo for the BBC as directed by Clare Kilner.[6]\n",
            "p13": "In 2016 she portrayed a Braavosi woman in the HBO series Game of Thrones in Season 6.\n"
        }
    ]
}