{
    "id": "nm1005694",
    "name": "Megan Baker",
    "career": [
        {
            "header": "empty",
            "p8": "While she was still a practicing PI and publishing with LTDBooks, she used the pen name Megan Sybil Baker.[8]\n",
            "p9": "She wrote Finders Keepers and Destiny's Game.[9][10] She sometimes writes with a good sense of humor, and her books Finders Keepers and An Accidental Goddess have been called \"funny\".[9][11] In a review of Gabriel's Ghost, Vicky Burkholder wrote that 'Linnea blends science fiction, romance, world building and the paranormal'.[12]\n",
            "p10": "Sinclair has used her experience as a private investigator in her work. The male protagonist in her novel The Down Home Zombie Blues is a homicide detective in a Florida city. Various of her short stories are based on a psychic investigator.[13]\n",
            "p11": "Sinclair's novel Games of Command and the short story Of Cats, Uh, Furzels and Kings feature telepathic feline creatures called 'Furzel's. Sinclair has stated that these are inspired by her two cats.[14]\n",
            "p12": "Sinclair's novel, The Down Home Zombie Blues was the basis for the movie The Down Home Alien Blues by director C. Duke Marsh and Green Sign Media. Principal photography was completed in March 2012.[15] The movie stars Nathalie Biermans, Jay Mitsch, and Derek Partridge. Release date was set for 2013.[16]\n"
        }
    ]
}