{
    "id": "nm1082477",
    "name": "Omar Sy",
    "career": [
        {
            "header": "empty",
            "p4": "Sy began his career after high school in 1996,[4] working at Radio Nova, where he met his comedy partner Fred Testot.[2] Afterwards, he appeared in the TV show Le Cin\u00e9ma de Jamel on Canal+, with Jamel Debbouze. He then created a TV show called Le Visiophon.[2] Following these roles, he appeared in various TV and stage shows such as Je ne fais pas mon \u00e2ge and Omar et Fred: le spectacle. Most notably, Sy co-hosted Service apr\u00e8s-vente des \u00e9missions, a French short comedy television series, with Testot from 2005 to 2012 on Canal+ until it was cancelled.\n",
            "p5": "He appeared in the television game show Fort Boyard in 2006.\n",
            "p6": "Sy then went to Los Angeles, where he lent his voice to Zip in the French version of the Tomb Raider Legend video game. He previously had also voiced a sheep in Disney's Brother Bear.[2]\n",
            "p7": "In 2008, he appeared in \"Bienvenue chez les Bylkas\", a video clip by Sinik. In 2009, he voiced some of the characters of Logorama with his partner Fred Testot.\n",
            "p8": "In 2011, Sy starred in The Intouchables, playing a streetwise young man who becomes the personal care assistant to a wealthy quadriplegic (played by Fran\u00e7ois Cluzet). The film enjoyed tremendous success, topping the French box office in 2011 and becoming the best selling French film of all time in its native country, with more than 19 million tickets sold. As a result, Sy was voted third favourite French personality behind Yannick Noah and Zinedine Zidane. The role earned him the 2012 Globe de Cristal for Best Actor. He also received a nomination for a Satellite Award for Best Actor.[6] He and co-star Fran\u00e7ois Cluzet were jointly bestowed the Best Actor Award at the Tokyo International Film Festival. Additionally, he won the C\u00e9sar Award for Best Actor in 2012 for the same film.\n",
            "p9": "On 30 December 2012, Sy was voted the favourite personality in France, based on a poll run by Le Journal du Dimanche, ahead of fellow actor Gad Elmaleh.\n",
            "p10": "In 2014, Sy appeared in X-Men: Days of Future Past, playing the character Bishop. He also starred in Samba, directed by Olivier Nakache and \u00c9ric Toledano. He co-starred in the fourth installment of the Jurassic Park franchise, Jurassic World,[2] which was released in June 2015.[7] In 2015, alongside Bradley Cooper, he played a compromised chef in Burnt. In 2017, he voiced the character Hot Rod in the film Transformers: The Last Knight, the fifth installment in the Transformers series. In 2021, he starred in Netflix's hit series Lupin, a modern day retelling of Ars\u00e8ne Lupin novels.[8][9] Lupin has become one of the most-watched non-English series on Netflix. More recently, Sy has signed a multi-year feature film deal with Netflix.[10] In 2021, he was included on the Time 100, Time's annual list of the most influential people in the world.[11]\nMost recently, Sy signed a first-look deal with HBO Max, to develop series for multiple markets, especially those that are French-speaking.[12]\n"
        }
    ]
}