{
    "id": "nm1049512",
    "name": "Erik Bauersfeld",
    "career": [
        {
            "header": "empty",
            "p1": "Bauersfeld was teaching at the San Francisco Art Institute, when he began working at Pacifica Radio station KPFA-FM in Berkeley, beginning in 1961.[4] He served as the Director of KPFA's Drama and Literature Department for 31 years.[5] Outside of radio, he dabbled in voiceover work in films and video games.\n",
            "p2": "Bauersfeld was working at Lucasfilm on a radio project,[2] with sound designer Randy Thom, when eventually he was approached by Star Wars sound designer Ben Burtt. Burtt asked him to read for the part of Ackbar. According to Bauersfeld, he was shown a picture of Ackbar and instantly came up with the character's voice.[5] Ackbar's lines, including the memorable exclamation \"It's a trap!\", took an hour for Bauersfeld to record.[5] He then spent an additional 30 minutes reading for the voice of Bib Fortuna, who was Jabba the Hutt's majordomo.[5] Both of his vocal parts were added to the finished production of Return of the Jedi, but Bauersfeld received no screen credit at the time.[5]\n",
            "p3": "He was the last person to read for the part of Yoda, a role that eventually went to puppeteer Frank Oz.[6]\n",
            "p4": "He also voiced several characters in the 1979 Highbridge audio productions of The Hobbit and The Lord of the Rings.\n",
            "p5": "Bauersfeld reprised his role as the voice of Admiral Ackbar in several video games (including Star Wars: X-Wing and Star Wars Battlefront: Elite Squadron), as well as in Star Wars: The Force Awakens.[7]\n"
        }
    ]
}