{
    "id": "nm1024868",
    "name": "Mei Melan\u00e7on",
    "career": [
        {
            "header": "Actor",
            "p0": "Melan\u00e7on started acting in 2003. She was at that time a successful model and was signed to Wilhelmina Modeling Agency.  She appeared on season two of Legends of Tomorrow as \"Masako Yamashiro\". Melan\u00e7on also appeared in the final season of The L Word as recurring character \"Jamie Chen\",[3] as Psylocke in X-Men: The Last Stand, as \"Miyu\" (Kevin Spacey's assistant) in Shrink, as Lynda in the HK-shot film Irreversi, as Dr. Catherine Ivy in the psychological thriller/horror film Pathology (with Milo Ventimiglia), and as the other \"Girl in the Car\" along with Maggie Q in Rush Hour 2 when she was still modeling. Melan\u00e7on also starred as Lotus Long in the short film bio-pic Keye Luke, which premiered at the 2012 Los Angeles Asian Pacific Film Festival and which was Closing Night Film of the inaugural 2013 Seattle Asian American Film Festival.[4] She starred in Blumenthal where she played Scottish actor Brian Cox's niece, and the film made its premiere in 2013 at the Santa Barbara International Film Festival.\n"
        },
        {
            "header": "Writer, producer, director",
            "p0": "Melan\u00e7on co-wrote the thriller American Romance in 2014. She has also co-written a short film entitled \"Stephany + Me\", with Ben Duhl, co-starring Tara Summers, directed by Peter Shanel.[5] She produced and starred in a PSA written by comedian Todd Glass that has been covered by The Huffington Post, Perez Hilton among other news outlets.[6] Melan\u00e7on has also written articles for Giant Robot Magazine.[7]\n"
        }
    ]
}