{
    "id": "nm1143246",
    "name": "Paul Bannon",
    "career": [
        {
            "header": "Corby Town",
            "p0": "Bannon began his career at Nottingham Forest, scoring consistently for the club's reserve side, but never made a senior appearance for the club. Despite the offer of a trial at Swansea City, in July 1977, Bannon joined Southern Football League side Corby Town, making his debut in the first leg of a cup match, a 1\u20131 draw with Bedford Town.[5] However, he failed to turn up to the second leg of the match which saw him handed a two-week suspension by the club and he would later be fined a weeks wages later in the season after failing to appear at a league match against Burton Albion. Bannon scored 11 goals in 38 matches for the club but, following a row with manager John Loughlan, was released in April 1978. Loughlan later stated: \"On reflection it was probably the best thing I ever did for him [...] He was susceptible to any bad influence in the town and certain so-called friends did not help. They were forever trying to lead him astray\". Loughlan would later send Bannon a congratulatory telegram on his return to the Football League in 1979.[5]\n"
        },
        {
            "header": "Football League",
            "p0": "Following his release, Bannon briefly played Gaelic football but soon returned to association football with Welsh club Ammanford Town and his impressive form in the opening months of the 1978\u201379 season, scoring 16 times by October, saw him join Bridgend Town.[6] He again scored consistently and, in February 1979, he joined Football League Third Division side Carlisle United for a fee of \u00a38,500.[5] He spent four years with the Cumbrians, making his debut in a 2\u20131 defeat to Bury in February 1979,[6] and won promotion to Division Two with the club during the 1981\u201382 season.[7] In his final year with Carlisle, he spent a brief period on loan with Darlington in 1983 where he made three league appearances.\n",
            "p1": "In 1983, Bannon joined Bristol Rovers and scored double figures in his first season at Eastville Stadium, including a goal in the team's 1984 Gloucestershire Cup final victory over local rivals Bristol City.[6] The following season, Bannon spent short spells on loan at Cardiff City, making four appearances, and Plymouth Argyle where he made two substitute appearances in November in matches against Wigan Athletic and Walsall without scoring.[8]\n"
        },
        {
            "header": "Greece",
            "p0": "After a period playing for NAC Breda in the Netherlands,[2][9][10] PAOK Bannon spent the 1987\u201388 Alpha Ethniki season with PAOK F.C. He played 20 matches and scored nine league goals, including a hat-trick on 14 February against Levadiakos,[6] which made him the club's joint top scorer.[11] At the end of the season, he moved on to Greek champions Larissa. Their first foray into the European Cup was soon over. In the first round of the 1988\u201389 European Cup, they were drawn against Neuch\u00e2tel Xamax of Switzerland. They overcame the Swiss 2\u20131 in the first leg, but fell to the same scoreline away. The match went to penalties, and Larissa lost 3\u20130 with Bannon missing the second kick.[10] Bannon finished the league season with three goals from 11 appearances,[12] and then returned home to Ireland.\n"
        },
        {
            "header": "Ireland",
            "p0": "He made his League of Ireland debut for Cork City on 3 September 1989, the opening day of the 1989\u201390 season, against Drogheda United.[13] Signed as a centre forward, Bannon went back to centre half because of Cork's injury problems, and he was playing in that position when he scored his first league goal, against Dundalk at Oriel Park on 5 November 1989.[14] Former Cork player and manager Dave Barry included Bannon as a defender in his all-time Cork City eleven, selected in 2004.[15]\n",
            "p1": "Bannon played in Cork's first ever European game, against Torpedo Moscow in the 1989\u201390 European Cup Winners' Cup. Despite suffering from a virus, he played as the lone striker, and had Cork's only two chances\u00a0\u2013 one header over the bar, one saved\u00a0\u2013 as they lost 5\u20130 in Moscow.[16] Bannon also played twice against Bayern Munich in the 1991\u201392 UEFA Cup. Overall, he made four appearances for Cork in Europe.[10]\n",
            "p2": "Bannon scored the only goal of the semi-final, against St Patrick's Athletic, to put Cork through to the 1992 FAI Cup Final.[4] They lost 1\u20130 to Bohemians.[17] In his last game for Cork, he scored the winning goal to win the 1992\u201393 League of Ireland Premier Division title at the RDS Arena.[18]\n",
            "p3": "He finished his playing career with Cobh Ramblers,[10] and then assisted Mick Conroy with the running of a youth academy in Cork. Successful graduates include Ireland internationals Colin Healy, Damien Delaney and Liam Miller.[19][20]\n",
            "p4": "After spending 17 years working for the FAI, he died on 15 February 2016.[20]\n"
        }
    ]
}