{
    "id": "nm1157048",
    "name": "Zachary Levi",
    "career": [
        {
            "header": "Acting",
            "p0": "Levi first appeared in the FX television movie Big Shot: Confessions of a Campus Bookie. He played Kipp Steadman on the ABC sitcom Less than Perfect. He also portrayed a potential boyfriend of Charisma Carpenter's character, Jane, in the then-ABC Family television movie See Jane Date. Levi was slated to be a lead in an ABC pilot called Three for the 2004/2005 television season, but the show was not picked up.[14]\n",
            "p1": "He landed the starring role in Chuck in 2007. Levi and his Chuck co-star Yvonne Strahovski were both nominated for Best Action Actor and Actress Choice TV Series for the Teen Choice Awards 2010 where they both won and presented.[15] In the summer of 2008, Levi was named one of Entertainment Weekly's Top Thirty People Under Thirty.[16] He later starred in the film Alvin and the Chipmunks: The Squeakquel in the lead role as Dave's cousin Toby Seville.[17] He starred in the 2010 Disney-animated feature film Tangled, which is based on the popular fairy tale Rapunzel. He voices Flynn Rider, a bandit who finds refuge in Rapunzel's tower. He provided narration in the 2011 film Under the Boardwalk: The Monopoly Story, a documentary about the game of Monopoly.[18] Levi hosted the 2011 Spike Video Game Awards.[19]\n",
            "p2": "BuddyTV ranked him #97 on its list of \"TV's Sexiest Men of 2011\".[20] Levi landed the male lead in the 2012 TV pilot Let It Go, which would have aired on Fox, but was not picked up.[21] Levi hosted the web documentaries Tomb Raider The Final Hours, going behind the scenes of the new Tomb Raider game. He was originally to portray Fandral in Thor, but had to drop out due to scheduling conflicts with Chuck.[22] He did play the role in the sequels, Thor: The Dark World (2013), after original actor Josh Dallas had scheduling conflicts of his own, and briefly in Thor: Ragnarok (2017). Levi made his Broadway debut in a production of the musical comedy First Date in August 2013.[23]\n",
            "p3": "In January 2015, it was announced that Levi would be a lead member of the cast of NBC's 13-episode miniseries Heroes Reborn as Luke Collins.[24] The show was not picked up for a second season.[25] He also guest-starred as Abraham Lincoln in the Hulu original series Deadbeat.[26]\n",
            "p4": "Levi joined the cast of the Broadway revival of She Loves Me in the lead role of Georg, alongside Laura Benanti as Amalia. It opened at Studio 54 on March 17, 2016, after previews on February 19, 2016, for a limited engagement through June 12.[27][28] The run was later extended through July 10, when it closed.[29][30] The production received high critical praise, receiving 5 Stars from The Guardian and was selected as a Critics' Pick for The New York Times.[31][32] Levi was nominated for a Tony Award for Best Performance by an Actor in a Leading Role in a Musical for his performance.[33] Critics praised Levi's performance of Georg, noting that his portrayal is \"suave and handsome at times, disarmingly nebbishy at others,\" and that he \"[exudes] sweet modesty and just a pinch of hauteur.\"[34][35] The production had a historic livestreamed performance on June 30, 2016, with Levi and the cast participating in the first livestreamed show in Broadway history.[36]\n",
            "p5": "In 2017, Levi reprised his role as Flynn Rider in a Disney Channel Original Movie titled Tangled: Before Ever After. This movie continued the story as a regular series titled Rapunzel's Tangled Adventure, which lasted for 3 seasons, premiering on March 24, 2017, and concluding March 1, 2020. The series is based on the 2010 film Tangled and features the returning voices of Mandy Moore and Zachary Levi.[37]\n",
            "p6": "In 2018, Levi appeared as Dr. Benjamin Ettenberg, a love interest for the main character, Miriam 'Midge' Maisel, in the second season of The Marvelous Mrs. Maisel. With the series' other principal cast members, Levi won the Screen Actors Guild Award for Outstanding Performance by an Ensemble in a Comedy Series at SAG's January 2019 awards ceremony.[38]\n",
            "p7": "In 2019, Levi starred as the title character in New Line Cinema and Warner Bros.' superhero comedy feature film Shazam!, an entry in the DC Extended Universe franchise. In the film, Levi's Shazam character (also known as Captain Marvel) is the superpowered alter-ego of a teenaged boy, Billy Batson (played by Asher Angel), who retains his childish personality in his adult form similar to the 1988 20th Century Fox comedy Big.[39]\n",
            "p8": "After a nearly two-year hiatus away from acting, Levi starred in a supporting role on The Mauritanian, which was directed by Kevin Macdonald and starred Tahar Rahim and Jodie Foster in the lead roles. He is also set to star in two films by the Kingdom Story Company: the leading role of Kurt Warner in the biographical sports drama American Underdog,[40][41] and LaRette in The Unbreakable Boy.[42][43] He is set to reprise as Billy Batson/Shazam in Shazam! Fury of the Gods, set to release on March 17, 2023.[44]\n"
        },
        {
            "header": "Music",
            "p0": "In April 2010, Katharine McPhee released a preview of a music video to cinemas for her single \"Terrified\". Levi duets with her on the song (which was re-recorded; the original album version features Jason Reeves) and appears in the music video singing with McPhee. On May 3, 2010, the song was previewed on the Entertainment Weekly website and made available for purchase on iTunes.[45] The full video premiered May 7, 2010 on the music video website Vevo.[46] Levi financed Kendall Payne's album Grown after she was dropped by her label, Capitol Records.[47]\n",
            "p1": "On the soundtrack of the movie Tangled, Levi sings \"I See the Light\" (with costar Mandy Moore) and \"I've Got a Dream\". In honor of the Oscar nomination for Best Original Song, Levi and Moore performed \"I See the Light\" at the 83rd Academy Awards.[48] Levi has also been a guest member of Band from TV, a band made up of actors from various American television shows.[49]\n"
        }
    ]
}