{
    "id": "nm1150144",
    "name": "Cullen Moss",
    "career": [
        {
            "header": "empty",
            "p6": "Moss has portrayed a variety of supporting roles; his most notable television roles are Junk on One Tree Hill,[3] Officer Gorman on The Walking Dead,[4] and Joey on Resurrection.[5]\n",
            "p7": "Moss's film work includes The Notebook, Dear John,[3] The Conspirator,[3] and Times Like Dying[4]\n",
            "p8": "Moss has provided the English-version voice for a few Japanese anime such as You're Under Arrest and its motion picture version.\n"
        }
    ]
}