{
    "id": "nm1166041",
    "name": "Ophelia Lovibond",
    "career": [
        {
            "header": "Television",
            "p0": "Lovibond's first television appearance was at the age of 12 in the Channel 4 sitcom The Wilsons.  She said she lied about her age to win the role.[1]\n",
            "p1": "She appeared in Elliot Hegarty\u2019s FM and the British period drama Heartbeat. She also played Izzy Gould in the BBC satire W1A.\n",
            "p2": "Lovibond was a regular on season 3 of Elementary as Sherlock's new apprentice, Kitty Winter. She also made an appearance in episodes 15 and 16 of season 5, as well as in season 7.\n",
            "p3": "In 2016, she played the role of Lady Alexandra Lindo-Parker in Sky1 series Hooten & The Lady.\n",
            "p4": "She appeared in a guest role in the 2019 series Whiskey Cavalier as MI6 agent Emma Davies.\n",
            "p5": "She stars as Joyce Prigger in the HBO comedy series Minx.\n"
        },
        {
            "header": "Film",
            "p0": "Lovibond made her film debut in Roman Polanski's Oliver Twist in 2005.[4] She had a part in the John Lennon biopic Nowhere Boy.[5]  She played a leading role in the film 4.3.2.1,[6] and had roles in the 2011 films London Boulevard, No Strings Attached and Mr. Popper's Penguins.  Lovibond played Teri in the BFI/BBC film based on the award winning novel, 8 Minutes Idle, and Carina, The Collector's slave, in the 2014 film Guardians of the Galaxy.[7][8]\n"
        },
        {
            "header": "Radio",
            "p0": "BBC Radio 4 Lobby Land (Series 1, June 2018).\n"
        },
        {
            "header": "Theatre",
            "p0": "In 2015, Lovibond made her professional stage debut in the revival of Lucy Prebble's The Effect, directed by Daniel Evans.[9] The following year, she appeared as Elizabeth Barry in Stephen Jeffreys' The Libertine at London's Theatre Royal Haymarket.[10]\n",
            "p1": "In 2017, she played Lois, the eponymous character, in Githa Sowerby's The Stepmother.[11] She played Lou in Barney Norris\u2019s 2018 play Nightfall [12] and starred in the revival of David Hare's The Bay at Nice.[13]\n"
        },
        {
            "header": "Others",
            "p0": "Lovibond appeared in Gabrielle Aplin's February 2013 music video \"Please Don't Say You Love Me\".[14]\n"
        }
    ]
}