{
    "id": "nm1128572",
    "name": "Lake Bell",
    "career": [
        {
            "header": "Actress",
            "p0": "After returning to the United States, Bell began her career in 2002 with roles in the film Speakeasy, a film about two men who become unlikely friends after a minor traffic accident, and in two episodes of the medical TV drama ER. Her first significant roles came in 2003. After appearing in the psychological thriller I Love Your Work, she was cast alongside Jeff Goldblum as the female lead in the NBC television film War Stories. She next played Alicia Silverstone's wisecracking best friend, Victoria Carlson, in NBC's comedy-drama series Miss Match. In 2004, Bell appeared in the wrestling film Slammed and made her debut as Sally Heep in the final four episodes of the series The Practice. Her character was carried over into the spinoff Boston Legal, where she was a regular cast member until she left the series in 2005. She also appeared alongside Dustin Hoffman in an Audi commercial that spoofed his well-known film The Graduate.\n",
            "p1": "Bell played the lead role in the science fiction series Surface, which aired between September 2005 and May 2006. She also star in the film Rampage: The Hillside Strangler Murders (2006) about the Hillside Strangler of the late 1970s; and returned to Boston Legal for two episodes, reprising her role as Sally Heep, opposing counsel to Alan Shore (portrayed by James Spader). In 2008, she played the female lead in the thriller Under Still Waters, for which she won the Newport Beach Film Festival Award for Outstanding Performance in Acting.[17] She also starred alongside Paul Rudd and Eva Longoria in the romantic comedy Over Her Dead Body, played the best friend of Cameron Diaz's character in the romantic comedy What Happens in Vegas; and played the wife of Colin Farrell's character in the crime drama Pride and Glory.\n",
            "p2": "She was cast as the lead female role, Dr. Cat Black, in Rob Corddry's satirical comedy Childrens Hospital.[18] The fourth season began airing in August 2012 and featured two episodes that were directed by Bell: the season premiere, \"The Boy with the Pancakes Tattoo\", a parody of the film The Girl With the Dragon Tattoo; and the ninth episode, \"A Kid Walks in to a Hospital\".[19]\n",
            "p3": "In 2009, Bell voiced the role of Dana Mercer in the video game Prototype. That year she also played Alec Baldwin's wife in the romantic comedy It's Complicated and guest starred in an episode of the fourth season of the series Wainy Days. In 2010 Bell voiced a supporting role in Shrek Forever After, starred in the satirical film Burning Palms, guest starred in an episode of the second season of the sitcom The League, and was cast as a lead character in the HBO series How to Make It in America,[17] which aired for two seasons from February 2010 to November 2011. Bell was to play Deputy Judy Hicks in Scream 4, but dropped out four days before filming due to scheduling conflicts, with the role going to Marley Shelton.[20]\n",
            "p4": "In 2011, Bell starred alongside Josh Lucas and Terrence Howard in the supernatural thriller Little Murder, played Ashton Kutcher's boss in the romantic comedy No Strings Attached, a performance that won her critical praise and was called \"scene-stealing\";[21] starred in the ensemble comedy A Good Old Fashioned Orgy; and guest starred in an episode of the first season of New Girl. \n",
            "p5": "Bell had a lead role alongside Kate Bosworth in the 2012 thriller Black Rock.[22][23]\n",
            "p6": "In 2021, Bell lent her voice to the adult animated film Cryptozoo.[24]\n"
        },
        {
            "header": "Writer and director",
            "p0": "In 2010, Bell[25] made her writing and directing d\u00e9but with the short film Worst Enemy,[26] which starred Michaela Watkins,[27] Matt Walsh and Lindsay Sloane. Her film d\u00e9buted at the 2011 Sundance Film Festival[28][29][30][31] and has also played at the Nantucket Film Festival, the Dallas International Film Festival, the Gen Art Film Festival and Aspen Shortsfest, winning the Tony Cox Award for Screenwriting in a Short Film from Nantucket and receiving a Shorts Jury Special Mention from Dallas. Her film led to her being named one of the \"2012 Inspiring Filmmakers\" by LUNAFEST.[32] Speaking on the film, Bell stated:\n",
            "p1": "Bell made her writing and directing feature film debut at the 2013 Sundance Film Festival with In a World....[2][1][34] which she wrote and directed and in which she starred.[21] She describes the film as \"a comedy about a female voice-over artist and family dysfunction and relationships. I\u2019m obsessed with the voice-over world, so it makes sense for me.\"[21][35][36] The film was picked up by Roadside Attractions and Sony.[37][38] In February 2014 she said her next project would be What's the Point? (And Other Fair Questions About Marriage), a film she would write and direct, which was eventually renamed I Do... Until I Don't and released in 2017 to mixed reviews.[39][40]\n",
            "p2": "Bell also has a number of television directing credits, including two 2017 episodes of the Hulu comedy-drama series Casual, two 2019 episodes of the ABC sitcom Bless This Mess (a show in which she co-created and starred), and two episodes of the 2022 Hulu biographical miniseries Pam & Tommy.\n"
        },
        {
            "header": "Modeling",
            "p0": "Bell was listed as number 45 on Femme Fatales' list of the 50 Sexiest Women of 2003; 6th on British Vogue's list of the 10 Best Dressed Women of 2007, 32nd on Maxim's Hot 100 of 2008, 44th on Maxim's Hot 100 of 2012 and 89th on AskMen's 99 Most Desirable Women of 2012.\n",
            "p1": "In 2007, Bell appeared in a photo shoot for GQ;[11] in 2008 she appeared in a photo shoot for Marie Claire;[41] in 2009 she modeled for Scott Caan, for his first book, Scott Caan Photographs, Vol. 1;[42] and in 2011 she appeared in photo shoots for Elle,[43] Los Angeles,[44] Maxim[45] and Esquire,[46] the latter in conjunction with the website Me In My Place.[47] In September 2011, Bell modeled at Pirelli's Fashion Week in Milan, Italy.[48][49] For New York Fashion Week 2013, Bell modeled nude with strategic body painting (done by her husband) on the cover of New York shot by Mark Seliger.[50] In April 2014, Bell appeared in Esquire for the second time.[51]\n"
        },
        {
            "header": "Other activities",
            "p0": "Bell has an automotive column in The Hollywood Reporter called Test Drive and is the magazine's automotive contributing editor.[52] In 2022, her book Inside Voice\u2014on the topic of the human voice\u2014was published.[53]\n"
        }
    ]
}