{
    "id": "nm1116660",
    "name": "Paul Wernick",
    "career": [
        {
            "header": "empty",
            "p1": "Wernick has produced several network reality shows, including CBS's Big Brother 2 and ABC's I'm a Celebrity... Get Me out of Here!. Wernick has won three Emmy Awards for his work in news,[2] which included producing stints at KVOA, KOLD, KTVK, KSL and KCAL.\n",
            "p2": "Big Brother 2 inspired Wernick and Rhett Reese, a screenwriter friend of his brother back from Phoenix, Arizona, where both attended high school - Reese was a senior on Wernick's freshman year - to create their own take on reality television, The Joe Schmo Show.[3][4]\n"
        },
        {
            "header": "Film",
            "p0": "Wernick and Reese's first feature collaboration was the 2009 film Zombieland, which they created and also executive-produced. The film was released by Sony Pictures in theaters October 2, 2009, and went on to become one of the highest grossing zombie movies of all-time.[5]\n",
            "p1": "Wernick and Reese followed Zombieland with Paramount Pictures\u2019 G.I. Joe: Retaliation,[6][7] starring Dwayne Johnson, Channing Tatum, and Bruce Willis, which was released on March 27, 2013.  The sequel outperformed the original, grossing  $375 million.[8]\n",
            "p2": "Paul Wernick wrote and executive produced 20th Century Fox's Deadpool, along with Reese. Deadpool starred Ryan Reynolds, and was directed by Tim Miller.[9] The R-rated film was released on February 12, 2016. Its opening weekend was the highest grossing of all time for R-Rated films, and it went on to gross more than $780 million worldwide.[10] The team's next project, sci-fi thriller Life, was released in March 2017. The film was directed by Daniel Espinosa, produced by Skydance, and through Sony Pictures, with Ryan Reynolds, Jake Gyllenhaal, and Rebecca Ferguson starring. They wrote Deadpool 2 in 2018, which like its predecessor was released to positive reviews.\n",
            "p3": "Wernick and Reese were announced as the co-screenwriters of the feature film adaptation of Cowboy Ninja Viking. Reportedly Chris Pratt will star in the film as well as also serve as executive-produce.  The film is being distributed by Universal Pictures.[citation needed] Their original science fiction spec screenplay Epsilon was sold to Sony Pictures; with contracts to co-produce in partnership with Michael De Luca.[citation needed] Wernick and Reese recently optioned Thomas Oliver's book, The Real Coke, The Real Story, about the failed launch of New Coke. The pair will write and produce the project.[citation needed]\n"
        },
        {
            "header": "Television",
            "p0": "Wernick and Reese first collaborated in 2001, creating, writing, and executive-producing  The Joe Schmo Show for Spike TV.  The series drew Spike\u2019s highest-ever ratings.  Joe Schmo was named to numerous Best Of lists, including Time's \"Top 10 TV Shows of 2003\" and Entertainment Weekly's \"50 Best TV Shows Ever on DVD.\"[citation needed]\n",
            "p1": "The Schmo format has sold internationally, in the UK, France, Spain, and New Zealand. Wernick and Reese followed up with Invasion Iowa, a high-concept, high-stakes comedy hybrid starring William Shatner. The show premiered on Spike in the first quarter of 2005 and aired internationally immediately following. Invasion Iowa was released on DVD in May, 2009.[citation needed]\n",
            "p2": "Reese and Wernick created and executive-produced Stuck on ODB, a comedy reality show starring Ol' Dirty Bastard (ODB) of the Wu Tang Clan for Spike TV. ODB died before the show ever aired.[citation needed]\n"
        }
    ]
}