{
    "id": "nm1113863",
    "name": "Graham Duff",
    "career": [
        {
            "header": "empty",
            "p4": "Duff began writing and performing in the mid-1980s with the performance art group Theatre of the Bleeding Obelisk and the fringe theatre company Wax Cabinet.  During this period, he also worked occasionally as an assistant editor at Ikon, the video department of Manchester's Factory Records.  By the early 1990s he was a member of the comedy improvisation group \"Fish-heads\".  With Wax Cabinet colleague Malcolm Boyle, he wrote for BBC Radio 1's Mark Goodier Show and contributed sketches to BBC Radio 3's The Music Makers.  Duff also DJ\u2019d and hosted comedy phone-in shows in the guise of self-help guru Doctor Devlin on a number of independent and pirate radio stations, as well as presenting \"The Duff Almanac\", a regular feature on BBC Radio 4's Loose Ends.\n"
        }
    ]
}