{
    "id": "nm1157771",
    "name": "Andrew Morgado",
    "career": [
        {
            "header": "empty",
            "p14": "Morgado's career began in 2003 when he lent a voice of an unnamed character and many others in the video game Command & Conquer: Generals.\n",
            "p15": "From 2012 to 2014, he served as a narrator on the reality television series Insane Coaster Wars. Afterwards, he provided several announcer voices on sitcoms, such as Hot in Cleveland, Tosh.0, The X-Files, Fresh Off the Boat and Game Shakers. He also served as a sound editor on the very first episode of the television series Fargo, \"The Crocodile's Dilemma\", for which he earned an Primetime Emmy Award nomination for Outstanding Sound Editing in a Drama Television Series, along with his fellow sound editors.\n",
            "p16": "In 2018, he provided the voice of the character Bruno Delacroix in the action video game Call of Duty: Black Ops 4.[4] A year later, he voiced Kollector in the martial arts video game Mortal Kombat 11 (2019).[5]\n",
            "p17": "In 2020, he provided the English voice of Kouichi Adachi in the martial arts video game for PlayStation 4, Yakuza: Like a Dragon.[6]\n"
        }
    ]
}