{
    "id": "nm1268158",
    "name": "Dania Ramirez",
    "career": [
        {
            "header": "Music videos",
            "p0": "Ramirez has appeared in several music videos, including Jay-Z's Streets is Watching (1998), De La Soul's \"All Good?\" feat. Chaka Khan (2000), LL Cool J's \"Hush\" (2005; directed by her then fianc\u00e9 Jessy Terrero),[6][7] Santana's \"Into the Night\" (2007), as well as \"Cry Baby Cry\" (a collaboration of Santana and Sean Paul). Ramirez appeared in Wisin & Yandel's music video \"Dime Qu\u00e9 Te Pas\u00f3\", in which she played the main character, the wife and mother of a military man in Iraq who finds out her husband died at war. She was also featured in hip-hop group Sporty Thievz's video \"Cheapskate\" in 1998.[8]\n"
        },
        {
            "header": "Films",
            "p0": "Ramirez appeared as an extra in the HBO film Subway Stories (1997), where she met filmmaker Spike Lee who would later cast her in the film She Hate Me (2004).[9] She played older sister \"Laurie\" in the movie Fat Albert (2004).[10] She was Callisto (one of The Omegas) in the comic book film X-Men: The Last Stand (2006). She went on to star in The 5th Commandment, a film written by and starring Rick Yune, in 2008. In 2012, Ramirez appeared in two films, playing Selena in American Reunion and a bicycle messenger in Premium Rush.[11][12]\n"
        },
        {
            "header": "Television",
            "p0": "Ramirez appeared as the minor character Caridad in the final episodes of the television series Buffy the Vampire Slayer, and as Blanca Selgado,[13] a recurring role during season six of The Sopranos.[14]\n",
            "p1": "Ramirez portrayed the character of Maya Herrera on the TV series Heroes.[15]\n",
            "p2": "Ramirez was a guest judge on episode five of Cycle 14 of America's Next Top Model.[citation needed]\n",
            "p3": "Ramirez guest starred as Alex, an employee of Turtle's, who begins a relationship with Turtle in season seven on the TV series Entourage.[citation needed]\n",
            "p4": "From 2013 to 2016, Ramirez had been part of the main cast of Devious Maids, which aired on the Lifetime network for four seasons. She portrayed Rosie Falta, one of the main characters and titular protagonists of the series.[3]\n",
            "p5": "In July 2017, Ramirez was cast as a series regular in the softly-rebooted final season of Once Upon a Time. She portrayed Jacinda Vidrio, the real-world counterpart of the series' second iteration of Cinderella. In 2018, Ramirez was cast in another fairytale-themed drama, Tell Me a Story for CBS All Access. Ramirez played Hannah Perez, loosely based on Gretel from Hansel and Gretel.[citation needed]\n"
        },
        {
            "header": "Other media",
            "p0": "Ramirez has appeared in several magazine spreads. She has also been listed in several of the world's top publications' \"Sexiest Ladies of the Year\" lists. In 2009, she was added to the roster of models for CoverGirl Cosmetics.[16] In January 2010, Ramirez and Queen Latifah launched the company's \"Clean Makeup for Clean Water Campaign\".[17]\n"
        }
    ]
}