{
    "id": "nm1212050",
    "name": "Russell Richardson",
    "career": [
        {
            "header": "empty",
            "p6": "Richardson made his first grade debut for Cronulla-Sutherland against South Queensland in Round 11 1996.\n",
            "p7": "Richardson scored Cronulla's sole try in the 1997 Telstra Cup Premiership's Grand Final loss to Brisbane. In the 1997 post season, Richardson was selected to play for Australia from the interchange bench in two matches of the Super League Test series against Great Britain.\n",
            "p8": "In the 1999 Tri-Nations series, game 1, he was a starting Centre for the Australians against New Zealand, scoring a try.  Also in 1999, Richardson made 16 appearances for the club as they finished as minor premiers and reached the preliminary final against St George.  Richardson played at centre in the match as Cronulla took a half time lead but fell away in the second half to lose 24\u20138.[2]\n",
            "p9": "In 2002, Richardson joined South Sydney and played in the club's first game since readmission which was a 40\u20136 loss against arch rivals the Sydney Roosters.  Souths finished second last in their first season back in the NRL and were only saved from the wooden spoon due to Canterbury's salary cap breaches.  In 2003, Richardson made 6 appearances as Souths finished last on the table.  In 2004, Richardson joined Newcastle and played one season for the club before retiring.\n"
        }
    ]
}