{
    "id": "nm1200692",
    "name": "Eva Green",
    "career": [
        {
            "header": "2001\u20132005",
            "p0": "Green appeared on stage in Jalousie en Trois Fax (2001) for which she was nominated for a Moli\u00e8re Award.[30] She also appeared in Turcaret (2002).\n",
            "p1": "In 2002, Green had her film debut, when director Bernardo Bertolucci cast her for the role of Isabelle in The Dreamers (2003), which involved her in extensive full frontal nude scenes and rear nude scenes as well as graphic sex scenes. Green told The Guardian that her agent and her parents begged her not to take the role, concerned that the film would cause her career to \"have the same destiny as Maria Schneider\",[31] because of Schneider's traumatic experience during the filming of Bertolucci's Last Tango in Paris.[26] Green said that with Bertolucci's guidance she felt comfortable during the filming of the nude and sex scenes[32] but was embarrassed when her family saw the film.[26] Her performance was well-received, and some compared her to Liv Tyler.[33] Green expressed surprise when a minute was cut from the film for the American market, stating, \"[T]here is so much violence, both on the streets and on the screen. They think nothing of it. Yet I think they are frightened by sex.\"[26] Her next film was Ars\u00e8ne Lupin (2004), in which she portrayed Lupin's love interest. She enjoyed the light-hearted role, although she has stated that she generally prefers more complex characters.[30]\n",
            "p2": "Her performance in The Dreamers led Ridley Scott to cast Green in Kingdom of Heaven (2005), a film about the Crusades where she played Sibylla, Princess of Jerusalem. Green performed six screen tests and was hired only a week before principal photography began.[17] Green found the atmosphere of coming onto a film so late tense and exciting, and she liked the film's ambiguity in approaching its subject matter.[29] To her disappointment, much of her screen time was cut.[17] Stephanie Zacharek of Salon.com praised her performance: \"She doesn't quite know what to do with her character's stilted dialogue, but she carries herself so regally that you barely notice.\"[34] Nev Pierce of the BBC, however, called her character \"limp\".[35] Green was satisfied when her character's complex subplot was restored in the director's cut.[36] Total Film said the new scenes completed her performance: \"In the theatrical cut, Princess Sibylla sleeps with Balian and then, more or less, loses her mind. Now we understand why. Not only does Sibylla have a young son, but when she realizes he's afflicted with leprosy just like her brother Baldwin, she decides to take his life shortly after he's been crowned king.\"[37]\n"
        },
        {
            "header": "2006\u20132013",
            "p0": "Green was considered for roles in The Constant Gardener (a role that went to Rachel Weisz) and The Black Dahlia.[26] She was cast at the last minute for the role of Vesper Lynd in the 2006 James Bond film Casino Royale.[27] Green was approached in mid-2005 but turned it down.[36] Principal photography was already underway, and director Martin Campbell said casting the role was difficult because \"we didn't have the final script and a Bond girl always had the connotation of tits 'n' ass.\" Campbell saw Green's performance in the director's cut of Kingdom of Heaven,[38] and approached Green again. She read the script, and found the character of Vesper far deeper than most Bond girls.[36] Green's performance was well received: Entertainment Weekly called her the fourth-best Bond girl of all time;[39] IGN named her the best femme fatale, stating, \"This is the girl that broke \u2013 and therefore made \u2013 James Bond\";[40] and she won a BAFTA and an Empire award for her performance. Both awards were voted for by the British public.[41]\n",
            "p1": "Green portrayed the witch Serafina Pekkala in the 2007 film adaptation of The Golden Compass. Green hoped the religious themes of the book would be preserved,[36] but references to Catholicism were removed from the film.[42] Green next appeared in Franklyn, as the tormented artist Emilia,[43] (who Green compared to real-life figures Sophie Calle and Tracey Emin)[44] and the mysterious Sally, who she described as, \"full of life, very witty, big sense of humor\".[45] She also filmed Cracks, the directorial debut of Jordan Scott, Ridley Scott's daughter, where she plays a teacher at a girls' school named Miss G, who falls in love with one of her pupils. In March 2009, she appeared in Womb, where she plays a woman who clones her dead boyfriend. It is a collaboration between actor Matt Smith and director Benedek Fliegauf.[46]\n",
            "p2": "She was considered for the role eventually played by C\u00e9cile de France in Un Secret (2007).[47] Additionally, she was initially approached for the female lead in Lars von Trier's controversial film Antichrist (2009). According to Trier, Green was positive about appearing in the film, but her agents refused to allow her. The unsuccessful casting attempt took two months of the film's pre-production process. Anglo-French actress Charlotte Gainsbourg was subsequently cast in the role.[48] Green later said that she got along well with Trier, \"but then we started talking about nudity and sex and so on. It got a bit too far ... It was my dream to work with him, but it's a shame it was on that film that it nearly happened. I'm sure I would have been trashed doing that film\".[49]\n",
            "p3": "In 2011, Green signed with United Talent Agency in the US, remaining represented by Tavistock Wood in the UK.[50] Green then starred in the first season of Starz's series, Camelot, as the sorceress Morgan le Fay.[51] Green stated, \"This is such an iconic story and you have 10 episodes to explore a character. It's not a girlfriend role that you could have in a movie. It's a real ballsy character. She has some guts.\"[52] In 2012, Green played a vengeful witch Angelique Bouchard whose curse turns Johnny Depp's character into a vampire in Tim Burton's Dark Shadows.\n"
        },
        {
            "header": "2014\u2013present",
            "p0": "In 2014, she played Artemisia in the 300 sequel, 300: Rise of an Empire for which she received excellent reviews.[53] Rafer Guzman in his Newsday review stated, \"The one bright spot is Eva Green as Xerxes' machinator, Artemesia, a raccoon-eyed warrior princess... Green plays a snarling, insatiable, self-hating femme fatale and completely steals the show.\"[54] Stephanie Zacharek writing for The Village Voice exclaimed, \"Rise of an Empire might have been essentially more of the same, but for one distinction that makes it 300 times better than its predecessor: Mere mortals of Athens, Sparta, and every city from Mumbai to Minneapolis, behold the magnificent Eva Green, and tremble!\"[55]\n",
            "p1": "Between May 2014 and 2016, Green starred in the Showtime horror drama series Penny Dreadful as Vanessa Ives.[56] Her performance earned her a nomination for Best Actress in a Television Series \u2013 Drama at the 73rd Golden Globe Awards. She also played the titular role of Ava Lord in the Sin City sequel film, Sin City: A Dame to Kill For (2014).[57]\n",
            "p2": "In 2016, Green reunited with Tim Burton in Miss Peregrine's Home for Peculiar Children, a film based on the 2011 novel by Ransom Riggs.[58] Green collaborated once more with Burton in Disney's 2019 live-action adaptation of Dumbo, co-starring with Colin Farrell and Michael Keaton.\n",
            "p3": "In 2018, she was appointed as a Chevalier of the Ordre des Arts et des Lettres, an honorary award given by the French government.[59]\n",
            "p4": "In 2019, she starred in the French drama film Proxima directed by Alice Winocour. Green's performance in the movie was met with critical acclaim and she was eventually nominated for the C\u00e9sar Award for Best Actress.[60]\n",
            "p5": "In 2020, she starred as Lydia Wells in the BBC One miniseries The Luminaries, based on the 2013 novel by Eleanor Catton.[61]\n",
            "p6": "In April 2018, it was announced that Green would star in the sci-fi thriller film A Patriot.[62] In August 2020, it was reported that the actress, who was also an executive producer on the project, was suing the production company, White Lantern Film, because it had refused to pay her an \u00a3800,000 ($1.04 million) fee after the project was abandoned, and a pay-or-play contract had been agreed on. In its own suit, White Lantern claims Green derailed the film, e.g. demanding that additional expensive crew be hired. The company also claims Green owes it more than \u00a31 million ($1.3 million) after walking away from the project.[63]\n",
            "p7": "In June 2021, it was announced that Green will serve as the lead character in the upcoming British-French Apple TV+ series Liaison, co-starring Vincent Cassel.[64]\n",
            "p8": "Green next appears in Nocebo, a thriller produced by teams from Ireland and the Philippines, set for a November 4, 2022 release in the US and December 9, 2022 in the UK and Ireland.[65]\n"
        }
    ]
}