{
    "id": "nm1242950",
    "name": "Rebecca Mader",
    "career": [
        {
            "header": "empty",
            "p0": "Mader was born in 1977 in Cambridge, England.[1] She worked as a model in New York City for a year, appearing in adverts for L'Or\u00e9al, Colgate and Wella Hair. She began her television career on the ABC daytime soap operas All My Children as Morgan Gordon, and One Life to Live as Margaret Cochran.[3] She also appeared on the soap opera Guiding Light in 2003.\n",
            "p1": "Mader has made a number of guest appearances on television shows. In 2006, she had a series regular role on the short-lived Fox legal drama Justice. In 2008, Mader began starring as anthropologist Charlotte Lewis on ABC series Lost.[4] She appeared in the show from 2008 to 2009 and in two episodes in 2010. In 2011, she had a recurring role on No Ordinary Family, and in 2012, she made a guest starring appearance on the Fox science-fiction series Fringe as Jessica Holt.[5] Also in 2012, Mader starred in the short-lived ABC comedy series Work It.[6]\n",
            "p2": "In June 2013, Mader made her stage debut in the role of Barrie in the one-act comedy The Third Date at the Hollywood Fringe Festival.[7]\n",
            "p3": "In December 2013, Mader was cast as the Wicked Witch of the West, a new antagonist for the second half of the third season of Once Upon a Time.[8] She also made guest appearances during the second half of the fourth season and was later promoted to a series regular for the fifth and sixth seasons.[9] In May 2017, Mader announced that she would not be returning for the seventh season of the show due to a creative decision by the showrunners.[10] However, in September 2017, it was announced that Mader would be reprising her role as Zelena in a recurring capacity for the second half of the seventh season.[11] In all, she made seven appearances in the seventh season, including the series finale \"Leaving Storybrooke\".\n",
            "p4": "In May 2020, during the COVID-19 lockdown in California, Mader created the \"At Home with Sean and Bex\" interview series on YouTube with Once Upon a Time co-star Sean Maguire.[12]\n"
        }
    ]
}