{
    "id": "nm1292243",
    "name": "Roshawn Franklin",
    "career": [
        {
            "header": "empty",
            "p4": "Franklin was born in Forrest City, Arkansas, on June 27, 1982. His mother Gwendolyn, was 21 years old when she gave birth to Franklin. He eventually moved to Pomona, California. Franklin's acting career began at the age of 14, when he was discovered by a talent agent in Los Angeles.[2]\n",
            "p5": "Franklin's acting career began with small roles on multiple TV series. In 2000, he guest starred on the TV show Opposite Sex. Franklin has appeared in other guest starring television roles over the years including on the shows Grey\u2019s Anatomy, Bones, NCIS, NCIS Los Angeles.[3] He played the recurring role of Officer Ray Terrapin on the soap opera The Haves and the Have Nots.[4]\n",
            "p6": "In 2015, he guest starred in Castle, appearing in the season 7 episode Habeas Corpse.[5] He played Ali Davis in the 2019 romantic comedy What Men Want?.[6]\n",
            "p7": "Since 2019, he's been portraying the role of Special Agent Trevor Hobbs on the drama series FBI.[7][8]\n"
        }
    ]
}