{
    "id": "nm1211344",
    "name": "Leonardo Nam",
    "career": [
        {
            "header": "empty",
            "p21": "Before his Hollywood success, Nam travelled to New York City to pursue his acting career. His first few nights he slept in Central Park and then found jobs working as a waiter and bartender.[2] His breakthrough role came in his performance of Roy in The Perfect Score (2004). He had a small role in the 2005 film The Sisterhood of the Traveling Pants as Brian McBrian, a hardcore gamer. He played Brian again in The Sisterhood of the Traveling Pants 2; in the sequel, his character has a larger role. Nam also made an appearance in The Fast and the Furious: Tokyo Drift (2006) as Morimoto.[4] In 2016, he joined the cast of the HBO series Westworld.[5] In 2018 he was featured in the music video \"Waste It on Me\" by Steve Aoki featuring BTS.[6]\n"
        }
    ]
}