{
    "id": "nm1268047",
    "name": "Christina Cole",
    "career": [
        {
            "header": "empty",
            "p1": "Cole won the role of Clarissa Payne in What a Girl Wants (2003), while still at drama school. She graduated early to begin filming. She was then cast as Juliet in a production of Romeo and Juliet at Clwyd Theatr Cymru.[3]\n",
            "p2": "Cole's first lead role was that of Cassie Hughes in Hex. She portrayed Cassie for the whole of the first season and the first three episodes of the second. Upon her departure, the character was killed off.[4] Co-star Jemima Rooper has stated that the reason for Cole's exit from the series was that she wanted to move on.[5]\n",
            "p3": "After leaving Hex, Cole went on to appear as Blanche Ingram in the critically acclaimed BBC television serial Jane Eyre and guest starred as Lilith in the Doctor Who episode \"The Shakespeare Code\". She provided an audio commentary for the episode on the DVD release of the series' third series alongside David Tennant.[6]\n",
            "p4": "Other roles include a small part in the James Bond film Casino Royale (2006), as the receptionist at the Ocean Club Hotel in Nassau, Bahamas, and Diana Mann in the pilot episode of Cane, Cole's first appearance on American television. She has also appeared as Mel on the ITV sitcom Sold,[7] as Jenny Walker in The Deaths of Ian Stone (2007), and as Charlotte Warren in Miss Pettigrew Lives for a Day (2008).\n",
            "p5": "Cole once again played alongside Jemima Rooper as Caroline Bingley in Lost in Austen.[8]\n",
            "p6": "In 2009, Cole played Dr. Sarah King in Poirot: Appointment with Death.[9] In 2009, Cole was cast in the lead role for a failed pilot prepared for Fox[10] about a brilliant surgeon who endures adult-onset schizophrenia.[11]  That same year she also appeared in the films Surviving Evil and Doghouse.\n",
            "p7": "In 2012, Cole appeared in a music video for Cheyenne Jackson's \"Before You\".\n",
            "p8": "Since 2015, Cole has portrayed Dr. Paula Agard on a recurring basis in the USA Network series Suits,[12] and appeared in an episode of the NBC series The Blacklist. The same year she also portrayed Mrs Sprot in the BBC's Partners in Crime series, in two episodes adapting Agatha Christie's N or M?.\n",
            "p9": "In 2016, Cole opened at the Playhouse Theatre as Stevie in the world premiere of Matthew Perry's play The End of Longing.[13]\n"
        }
    ]
}