{
    "id": "nm1218607",
    "name": "Burn Gorman",
    "career": [
        {
            "header": "empty",
            "p2": "One of Gorman's earliest television roles was in 1998 as Etheric Foundation cult leader Ben Andrews in Granada TV's Coronation Street. He played William Guppy in the 2005 BBC One adaptation of Charles Dickens' Bleak House, and then appeared as Owen Harper in the first two seasons of the BBC science fiction series Torchwood. Other BBC television roles include Lark Rise to Candleford, Funland and Bonekickers; he also appeared in Channel 4's political thriller Low Winter Sun. \n",
            "p3": "Gorman played scriptwriter Ray Galton in the BBC Four television play The Curse of Steptoe. He has also appeared in television series such as Dalziel and Pascoe, Casualty, Merseybeat and The Inspector Lynley Mysteries.\n",
            "p4": "Gorman played Jed on the soap opera EastEnders in March 2007. He starred as Hindley Earnshaw in the ITV adaptation of Emily Bront\u00eb's Wuthering Heights. In 2011, he starred in Sky1's second Martina Cole adaptation, The Runaway and in 2014, portrayed Adam, the lead character's stalker and fellow immortal, in ABC's Forever. He played Karl Tanner in seasons 3 and 4 of HBO's Game of Thrones,[6] Major Hewlett in the AMC miniseries Turn and Nicholas Farlow on the BBC miniseries Jamestown.\n",
            "p5": "On film, Gorman has had roles in Layer Cake, The Best Man, Penelope, Fred Claus, Cemetery Junction and The Dark Knight Rises. He also appeared as Dr. Hermann Gottlieb in the film Pacific Rim and its sequel Pacific Rim: Uprising.\n",
            "p6": "On radio, Gorman played Elizabethan spy Robert Poley in Michael Butt's The Babington Plot (2008)[7] and Unauthorized History: The Killing (2010)[8] and Mike Walker's The Reckoning: The Death of Christopher Marlowe (2022).[9]\n",
            "p7": "Gorman's stage credits include Ladybird (Royal Court), Flush (Soho Theatre), and Gong Donkeys (Bush Theatre), prompting Michael Billington of The Guardian to write that \"Gorman proves that he is one of the best young actors in Britain\".[10] He has performed in readings, workshops, and development initiatives with the National Theatre Studio, Young Vic, Royal Court, Oxford Stage Company, Paines Plough and Soho Theatre.[11] Outside London, he has worked with Nottingham Playhouse, the Theatre Royal, Plymouth and the Royal Exchange and Contact Theatres, where he was nominated for a Manchester Evening News Best Newcomer Award.[citation needed]\n",
            "p8": "From 2008 to 2009, Gorman played Bill Sikes in the West End revival of the musical Oliver! for which he was nominated for Best Supporting Actor in a Musical in the 2010 Whatsonstage Theatre Awards.[12]\n"
        }
    ]
}