{
    "id": "nm1268748",
    "name": "Tamer Hassan",
    "career": [
        {
            "header": "empty",
            "p6": "Hassan started acting in television before his role in The Calcium Kid.[5] He was cast as the leader of a fictional football firm in The Football Factory. The film's director Nick Love subsequently cast him in the primary supporting role for The Business.\n",
            "p7": "Hassan has had roles in films including The Ferryman, Batman Begins, Cass, Eastern Promises, and Clash of the Titans, in which he portrayed Ares, the ancient Greek god of war. In 2011, he played \"The Boss\", a shady police officer, in the British film noir Jack Falls. He played \"Chavez\" in Wrong Turn 3: Left for Dead.\n",
            "p8": "In 2016 he joined the HBO series Game of Thrones in Season 6 as Khal Forzo.[6]\n"
        }
    ]
}