{
    "id": "nm1211488",
    "name": "Lynn Collins",
    "career": [
        {
            "header": "empty",
            "p3": "Collins made her television debut in 1999, in an episode of Law & Order: Special Victims Unit, and went on to star onstage as Ophelia opposite Liev Schreiber in Hamlet, followed by a turn as Juliet in Romeo and Juliet.[7][better\u00a0source\u00a0needed] After bit parts that included a stint on the show Haunted and roles in the  movies Down with Love, 50 First Dates and 13 Going on 30,[7][better\u00a0source\u00a0needed] she gained notice in the film The Merchant of Venice as the female lead Portia, alongside Al Pacino, Joseph Fiennes and Jeremy Irons,[7][better\u00a0source\u00a0needed] Collins' audition tape for the supporting role of Jessica having so impressed director Michael Radford that\u2014upon Cate Blanchett's opting out as Portia (due to pregnancy)\u2014Radford had championed Collins becoming Blanchett's replacement.[9][10]\n",
            "p4": "She furthered her profile in 2008 when she was cast as Jason Stackhouse's girlfriend Dawn Green in the first season of the HBO vampire series True Blood, and through a featured role as the hero's love interest Kayla Silverfox in the 2009 X-Men Origins: Wolverine opposite Hugh Jackman. Her first leading film role came in 2012 when she was cast as the headstrong Martian princess Dejah Thoris in John Carter.[11][12]\n"
        }
    ]
}