{
    "id": "nm1336552",
    "name": "Goran Kostic",
    "career": [
        {
            "header": "empty",
            "p29": "He is an actor and producer, known for roles in Taken (2008), and Hannibal Rising (2007).\n",
            "p30": "In 2007, he played the Polish builder Erek in the BBC soap opera EastEnders. He appears as Pavel, a Russian PhD student moonlighting as the campus security officer in New Tricks Series 7, episode 2, \"It Smells of Books\".\n",
            "p31": "He appeared in Angelina Jolie's 2011 film In the Land of Blood and Honey about the Bosnian war where he plays Danijel, a Serb policeman, with co-star, Zana Marjanovi\u0107. The film was Jolie's directorial debut.[2]\n"
        }
    ]
}