{
    "id": "nm1385364",
    "name": "Emma Harris",
    "career": [
        {
            "header": "empty",
            "p9": "On February 4, 1914, the electricity shut off at the Zerkalo Zhizni Cinema and chaos ensued. Outside an angry crowd gathered and Alexander calmed them, refunding their money and promising everyone one film free of charge the following day. Several months later, on May 9, Harris performed at her usual stomping grounds, the Kommerchesky Garden Club (May 9\u201315).\n",
            "p10": "On June 28, 1914, Gavrilo Princip assassinated Archduke Franz Ferdinand of Austria in Sarajevo, setting in motion the events leading to the outbreak of World War I. On July 25, according to later passport, Harris revisited Moscow, possibly taking an opportunity to visit Frederick B. Thomas. Thomas (now using the Russified version of his name, Fyodor Tomas) had become the owner of the Aumont Theater in 1911 and had converted it into Moscow's popular amusement park, the Aquarium Garden Theater. Besides its various entertainment establishments, the park also held private residences, hotels, cafes and cinemas. The latest attraction at the Aquarium was Jack Johnson, America's Heavyweight Champion, who was preparing for a boxing tournament between Johnson and M. P. Tsarev that was initially to be held on July 28. However, the tournament was called off due to the news of chaos coming from other parts of Europe. Harris would have witnessed off-duty army officers spending time at the Aquarium, sipping champagne, staring at the chorus girls, and some of them meeting and dining with Johnson.\n",
            "p11": "On August 1, Germany declared war on Russia, and on August 3, France. As the Russian Empire prepared for mobilization, Johnson and his wife caught the next train to Paris. Harris herself promptly returned home to Kharkov and began liquidating her various properties.\n",
            "p12": "On September 1, the Tsar declared that St. Petersburg would from then onwards be known as Petrograd. Russian high society began basking in what would be the Russian Empire's last year and Russian society's greatest season. There was a feverish desire to have a good time to combat the undercurrent of nervousness. It was a large distraction upon newspapers reporting on October 29 that the Ottoman Empire had attacked Russia. All of Petrograd indulged in wild partying, amusement and merrymaking before the Tsarist government initiated prohibition that November; alcohol was banned for the remainder of the war. One highlight of the year was Countess Shuvalov's black and white ball, with the uniformed Chevalier Gardes in attendance. Many people spent their evenings out at the opera and attending parties. Harris entertained at the popular establishments, watching everyone dancing and drinking.\n",
            "p13": "Two months after the start of the war, Turkish warships shelled cities on the southern coast of Russia, including Odessa. In response to this, the Mizinkin household relocated to Moscow, where Harris had purchased a comfortable apartment on 12 Bol'shoy Kozikhinskiy Pereulok, in the center of the city. Also living in the apartment building was the popular Russian actor from the Maly Theatre, Alexander Ostuzhev, who was appearing successfully in the production of V. Sardu's \"Graf de Rizoor\". Fyodor Tomas\u2019 Aquarium Garden establishment was less than ten minutes away on the Bolshaya Sadovaya.\n",
            "p14": "Lonely in the middle of Moscow without her husband and unable to tour due to the war, Harris decided to embark on a film career. After writing a scenario together with directors Sigmund Veselovsky and Parkomenko, Harris traveled to the G.I. Libkin Studios in Yaroslavl to star in her debut film Satan's Woman (Zhenshchina Satana). Released May 15 by the Alians Film Office, the 5-hour, 1350 meter film was an interesting attempt on Russian soil to create an intricate American adventure-drama.\n",
            "p15": "In the film, \"Famous circus actress Gaia Assi (Ge-de-Gayam), a charming and beautiful woman, enjoys great success with men. Not loving anyone except her devoted Arab Emerita (Harris, credited as Galima Oriedo), she pursues one goal \u2013 to fall in love. However, no one touches her suffering and the cold laughter of celebration meets hot recognition of its victims. On a ride she meets a banker who is fond of her, she also meets and soon conquers the heart of the engineer Lamanca, who saw her performance in a circus. Entertainer Yevgeniy Tolsky (Nikolai Saltykov), former lover of Miss Assi, was terribly jealous of her new banker lover. Gaia still possessed affection for Tolsky, much to the chagrin of Emerita who was deeply in love with him.[citation needed]\n",
            "p16": "The banker walks in on Gaia kissing Tolsky, however, Gaia recovers her relationship with him by inviting everyone to a party at her home. She also asks that Tolsky bring along his brother Andrei (Lihomsky), a popular sculpture artist. At the party, guests demand that Gaia dance and she performs the dance of fire much to the delight of everyone. While Gaia spent much of the evening snuggling up with her banker, the sculptor Andrei realizes she is the woman of his dreams and wants to sculpt statues of her. Tolsky overhears his brother and an argument ensues. Eventually, the banker gets in involved and Tolsky challenges him to a duel. Tolsky injures the banker and returns to the party to search for Gaia, only to find her embracing Andrei. Rushing out from her bedroom, Emerita attempts to comfort Tolsky. Unfortunately, he pushes her away, locks himself in the next room to commit suicide. Hearing Emerita's cries, Gaia and Andrei discover the horrible tragedy that has occurred. Emerita embraces the cold body of her dead love interest, blaming his death on Gaia and Andrei.[citation needed]\n",
            "p17": "Disgusted, Andrei loses interest in the beautiful dancer and immediately decides to seek revenge on his brother. Conspiring with a friend, Andrei kidnaps Gaia in an automobile to an abandoned cellar. They're unaware that Emerita had followed behind them in a taxi and finds a way to rescue her starving friend from the cellar. As the women escape, they're followed by the men until the pursuers get caught in a car accident. Later on, while Gaia is home entertaining a new potential lover, Andrei sneaks into her home and poisons the coffee right before she begins serving refreshments. Gaia, in agony from the effects of the poisoning, is approached by Andrei who declared that he was once in love with her but now was lost to him. During his speech, Gaia used the last of her energy to grab a dagger and murder Andrei before she also succumbed to death.\"[citation needed]\n",
            "p18": "Harris became an overnight sensation due to the success of the film.[according to whom?]\n",
            "p19": "That summer at Moscow's Aquarium Garden, Fyodor Tomas sold tobacco, then sent the proceeds to the troops in the war. Elsewhere, bazaars were organized to sell items to raise money for the troops. On June 12, for the first time in five years, Harris renewed her American passport, although there were discrepancies, as she claimed to have been born in Washington D.C. in 1886.\n",
            "p20": "Before the year was over, the Kinolent Film Office released the comedy film, Feet Up! (Nogi Vverkh), in which Harris starred alongside actor Tikhomirov. It was directed by Boris Kramskoy, who also held the main role within the film.\n",
            "p21": "In 1916, to supplement an income, the Mizikin home doubled as a high-class brothel that serviced soldiers and aristocratic clientele.\n",
            "p22": "By the beginning of 1917, Harris decided to follow in the footsteps of her husband and attended Bolshevik rallies and meetings across Moscow. Unfortunately, during a public demonstration held in Moscow sometime in January 1917, Harris witnessed armed gendarmes fire upon the crowds and was soaked in blood as a man beside her was murdered. On February 6, she renewed her American passport, expressing a wish to travel to neutral Scandinavia.\n",
            "p23": "After the February Revolution and with Russia in a dire situation, Harris's artistic career was suddenly interrupted and, like the rest of the American expat community, she pondered at the idea of returning to America. The war and revolution had abruptly ended Russia's importance on the continental theatrical circuit. Extensive touring was impossible and many Russian establishments began shutting down. The vast majority of the African-American community in Russia were rushing to Petrograd's American embassy and Moscow's consulate to apply for passports to sail across the Black Sea towards Turkey and Romania or board Trans-Siberian trains towards Manchuria and Japan in their journey back to America. However, from letters she received from friends such as Ollie Burgoyne, Saidie Sellyna and Ida Forsyne who had returned home to America, she was able to learn about the changes in the American entertainment scene. The majority of black establishments only wanted light-skinned Negro women, and Harlem cabarets had women perform shake dances in between the tables and mingle with the audiences as jazz played in the background. Such activities didn't happen in Russian cabarets and music halls. Most of the successful Negro performers returning to America from Europe found themselves suddenly penniless and turning to domestic work. By May, Russia was already adapting to the country's new political reality, although most activities continued as before. However, Moscow's police forces were disarmed and disbanded by the rebels. The Provisional government declared broad civil liberties. It also pardoned all political prisoners, including terrorists; in addition, about two thousand thieves and murderers were released from prisons in Moscow. The city was flooded with a wave of crime \u2013 there was looting in the streets and attacks on houses and businesses. Even the Mizikin residence was looted; the thieves got away with many valuables, including Harris's American passport. The new city militia, which consisted mainly of volunteer students, was ineffective, and homeowners were forced to organize their own associations for mutual protection.\n",
            "p24": "Throughout the course of the October Revolution, Harris and her fellow brothel girls banded together and tended to the wounded Bolsheviks that they dragged inside from the daily street skirmishes. By the end of the week, dozens of buildings in the center of Moscow were damaged by shots from rifles, machine guns and artillery fire, including the most revered cathedrals in the Kremlin itself. On November 20, the Moscow Military Revolutionary Committee proclaimed its victory, declaring that the Cadets and its other opponents had surrendered or been killed. On November 29, Harris used her connections to gather the ingredients to produce a large Thanksgiving feast for American Consul Maddin Summers and the remnants of Moscow's dwindling American Consulate staff.\n",
            "p25": "Harris was running out of time to leave. The Bolsheviks did not want people to slip out from under their power, and everyone who wanted to leave Moscow had to get a special permit. Train traffic throughout the country had deteriorated greatly: the schedule became irregular, tickets were in short supply, rolling stock was deteriorated, and delays became frequent due to engine failure. In addition, getting on a train in Moscow did not guarantee the achievement of the destination. At each station, many people tried to get on the train that the passengers had to fight for their seats. Harris enlisted with the Red Cross, serving as a nurse aboard armoured train no. 1045 that traversed south into the Ukraine.[3]\n"
        }
    ]
}