{
    "id": "nm1385871",
    "name": "Olga Kurylenko",
    "career": [
        {
            "header": "empty",
            "p11": "Kurylenko moved from native Berdyansk to Moscow at 15. At the age of 16, she moved to Paris.[9] In 1996, she signed a contract with the Paris-based Madison modelling agency where she met her publicist Val\u00e9rie Rosen.[13] The following year, by the age of 18, she had appeared on the covers of Vogue and Elle magazines.[14] While working as a model in Paris, Kurylenko supported her mother in Ukraine.[8]\n",
            "p12": "She also appeared on the covers of Madame Figaro and Marie Claire magazines.[15]\nShe became the face of brands Bebe, Clarins, and Helena Rubinstein.[15] She has also modelled for Roberto Cavalli and Kenzo[16] and appeared in the Victoria's Secret catalogue.[17]\n",
            "p13": "In 1998, she features in the music video of French-Algerian Ra\u00ef style singer Faudel called \"Tellement Je T'aime\".\n",
            "p14": "One of her first acting appearances was in Seal's music video, \"Love's Divine\" in 2003,[18] but her film career truly began in France during 2005.[9] She received the certificate of excellence award at the 2006 Brooklyn International Film Festival for her performance in L'Annulaire, and also starred in the Paris, je t'aime segment \"Quartier de la Madeleine\" opposite Elijah Wood. That same year, she was selected to be the face of Kenzo's new fragrance, Kenzo Amour.[19] She has appeared in all subsequent Kenzo Amour advertisements.\n",
            "p15": "In 2007, she starred in Hitman alongside Timothy Olyphant. She had a minor role in Max Payne as Natasha. She played Bond girl Camille Montes in the 2008 James Bond film, Quantum of Solace (after beating out Gal Gadot in the auditions).[20] In the film she plays the role of Bolivian Secret Service agent Camille Montes, who teams up with Bond to stop a terrorist organization and avenge the death of her parents.[21]\n",
            "p16": "She was featured on the cover of the December 2008 issue of the US edition of Maxim magazine[22] and on the cover of the February 2009 issue of the Ukrainian edition of Maxim.[23] In Ukraine the mayor of Berdyansk suggested naming a street after her in early 2008,[citation needed] and she and her mother met Ukraine's First Lady Kateryna Yushchenko in President Victor Yushchenko's family country house.[13][14]\n",
            "p17": "Kurylenko appeared in Terrence Malick's romantic drama film To the Wonder starring Ben Affleck and Rachel McAdams. The film was shot in the fall of 2010 in Bartlesville, Oklahoma.[24] She also appeared in Oblivion, a science fiction film starring Tom Cruise and directed by Joseph Kosinski.[25] Kurylenko played Alice Fournier in the spy thriller November Man.[26] In 2014, Kurylenko starred in the historical drama film The Water Diviner alongside Russell Crowe (who made his directorial debut), Jacqueline McKenzie and Jai Courtney. She also played the headmistress in Vampire Academy. She later acted in films such as Momentum, Mara and The Bay of Silence.\n",
            "p18": "In 2017, she appeared in Armando Iannucci's political satire film The Death of Stalin as the Soviet pianist Maria Yudina. The film was a critical success and starred Steve Buscemi, Simon Russell Beale, Jason Issacs, Michael Palin, and Jeffrey Tambor. The following year she starred in Terry Gilliam's epic adventure film The Man Who Killed Don Quixote (2018) starring Adam Driver and Jonathan Pryce where it premiered at the 2018 Cannes Film Festival. She also appeared as Baroness Roxane de Giverny in The Emperor of Paris, and as the Russian spy in the Rowan Atkinson led comedy film Johnny English Strikes Again (2018).\n",
            "p19": "In 2021, she starred in the action thriller film Sentinelle.[27] In the same year, she played Antonia Dreykov / Taskmaster in the Marvel Cinematic Universe (MCU) film Black Widow.[28][29] In October, she was cast in comedy heist film High Heat alongside Don Johnson.[30]\n"
        }
    ]
}