{
    "id": "nm1339223",
    "name": "Ty Simpkins",
    "career": [
        {
            "header": "empty",
            "p40": "Simpkins first appeared on TV when he was three weeks old. His first role was on One Life to Live where he shared the recurring role as John \"Jack\" Cramer. Simpkins then had a recurring role as Jude Cooper Bauer on Guiding Light, in which he went on to be \"Jude\" for about four years. He guest starred in Law & Order: Criminal Intent and a handful of commercials and print ads.\n",
            "p41": "Simpkins made his film debut in Steven Spielberg's War of the Worlds (2005).[2] Next was a featured role in All the King's Men (2006) where he played a young version of Jude Law's character, and he played Aaron in the multiple-award-winning Little Children (2006).[4][5] Simpkins went on to film Pride and Glory (2008), in which he and his sibling, actor Ryan Simpkins, play the children of Colin Farrell. Simpkins also completed Gardens of the Night (2008) and then Revolutionary Road (2008), in which he again starred alongside his real-life sibling Ryan.[6][7] Simpkins has guest-starred on CSI, Private Practice and Family of Four. In September 2009, he signed on to play Luke in the 2010 film The Next Three Days.[8] He also played Dalton Lambert in Insidious (2011) and Insidious: Chapter 2 (2013).\n",
            "p42": "In 2013, Simpkins starred alongside Robert Downey Jr. in the live-action film Iron Man 3, as Tony Stark's sidekick Harley Keener (he also reprises the role in Lego Marvel's Avengers). This was the first time a child character had been featured prominently in the Iron Man films.[9] He appeared in Iron Man 3 director Shane Black's 2016 film, The Nice Guys.\n",
            "p43": "In 2019, he reprised the role of Harley Keener in a cameo during Stark's funeral at the end of the film Avengers: Endgame.[10] Simpkins later revealed that he had to keep Stark's death, and his own cameo, a secret for two years.[11]\n",
            "p44": "Simpkins starred in the 2015 blockbuster Jurassic World, and he appeared as Adam in Meadowland.[12][13]\n"
        }
    ]
}