{
    "id": "nm1328998",
    "name": "Julia Krynke",
    "career": [
        {
            "header": "empty",
            "p8": "Julia Krynke has worked extensively in film, television and theatre in Poland, Germany, Ireland, and the UK.\n",
            "p9": "Soon after the completion of her studies, Krynke made her big-screen debut playing one of the lead roles in the much-acclaimed Distant Lights, directed by Hans-Christian Schmid (Germany, 2003). The film received many awards \u2013 including the FIPRESCI prize[3] and the German Critics' Association Award \u2013 and was nominated for the Golden Bear at The Berlin Film Festival.\n",
            "p10": "From 2003 to 2008, Krynke went on to appear in a number of popular Polish television series whilst performing full-time in the Teatr Polski (Warsaw), Teatr Nowy (Poznan), Teatr Nowy (Lodz) and Scena in Vitro (Lublin).[4]\n",
            "p11": "In 2006, Krynke made a well-received debut on the Irish stage as Monica in Dermot Bolger's The Townlands of Brazil (dir. Ray Yeates).\n",
            "p12": "In 2007, Krynke appeared regularly as Mela in the Irish television series The English Class.\n",
            "p13": "In 2008, Krynke moved to London to take classes at the Michael Chekhov Studio. She has been based in London since.\n",
            "p14": "From 2009 onwards, Krynke took a series of further English-speaking parts, most notable of which was that of Olenka in the Bafta award-winning BBC drama series The Street (wr. Jimmy McGovern dir. David Blair). She also played Bibi Saparova in season eight of Spooks (dir. Alrick Riley).\n",
            "p15": "During the same period, Krynke also featured in televised roles in Germany, including that of Olga Sarpei in the ZDF series Leipzig Homicide.\n",
            "p16": "In 2012, Krynke took a lead televised role \u2013 Milena Kintrup \u2013 in the German-Austrian-Swiss series Tatort: Das Wunder von Wolbeck (dir. Matthias Tiefenbacher).[5][6]\n",
            "p17": "In 2013, Polish audiences could watch her as Mira Ziemska in the television series Medics (dir. Marcin Wrona) and she also appeared in a BBC TV series Casualty as Ania.\n",
            "p18": "In 2014, Krynke featured in season 2 of Line of Duty as Kasia.[7]\n",
            "p19": "2015 saw Krynke portray Julia Katrin Vesik in the British TV series DCI Banks (ITV)[8] and Agnieszka in the German television movie Der Pfarrer und das M\u00e4dchen (ZDF, dir. Maris Pfeiffer).[9] In the same year she also appeared in The Avengers: Age of Ultron (dir. Joss Whedon).[10]\n",
            "p20": "In 2016, Krynke joined BBC series The A Word as Maya Petrenko in season 1,[11] starred with Nabil Elouahabi in the independent British-Jordanian-Iranian feature film Undocument[12] and featured as Natascha Karpenko in a German crime TV series Ein starkes Team: T\u00f6dliche Botschaft.[13]\n",
            "p21": "Krynke works regularly with European independent film-makers. She starred in German director's Saschko Frey's Echos (2009), winner of the Friedrich-Wilhelm Murnau Kurzfilmpreis. She made the experimental noir Muse with Italian film-maker Massimo Salvato[14] and has collaborated with British directors Jessica Townsend,[15] Esther Richardson[16] and Nick Cohen[17] and Kyla Simone Bruce.\n",
            "p22": "Krynke has won theatrical prizes in her native Poland. She was the first contestant ever to receive all three major awards in one year at 20th Festival of Theatre Schools in 2002: the Best Actor Award, Audience Award and Critics' Award for the role of Gileta in the play The Topsy-Turvy Princess (wr. Calderon de la Barca, dir. Remigiusz Brzyk).[18] Krynke was also given Second Prize in the Ogolnopolski Przeglad Piosenki Aktorskiej in Zamosc (a Polish singing contest for actors).\n"
        }
    ]
}