{
    "id": "nm1352845",
    "name": "David Ury",
    "career": [
        {
            "header": "empty",
            "p2": "Since studying abroad in Tokyo, Ury and has worked as a translator in film, television, and manga and currently (As of May\u00a02011[update]) translates and writes English adaptations for manga.[2][3] Ury moved to Los Angeles in August 2001 where he began performing stand-up comedy.\n",
            "p3": "Cartoonist Keith Knight, a neighbor of his, described Ury's acting career as \"Spooge man\" and \"a cavalcade of reprobates, sleazeballs, derelicts, & weirdos.\"[4]\n"
        }
    ]
}