{
    "id": "nm1379739",
    "name": "Patrick O'Brien Demsey",
    "career": [
        {
            "header": "empty",
            "p4": "Demsey's acting career started with a successful casting call for the 2004 movie Miracle, in which he plays Mike Eruzione, the captain of the U.S. hockey team that defeated the Soviet Union's team in the 1980 Winter Olympics. To prepare for the movie, Demsey trained with the real Eruzione's hockey team.[1][2][3]\n",
            "p5": "After Miracle he moved to Sherman Oaks, California, to continue his acting career, but received only one major role opportunity, for the 2006 horror movie Big Bad Wolf, an offer he turned down. He returned to Danvers, worked in construction briefly, but returned to California to give acting another try. He received an offer to play a part in the movie Frail.[4]\n"
        }
    ]
}