{
    "id": "nm1356578",
    "name": "J.B. Smoove",
    "career": [
        {
            "header": "empty",
            "p1": "Smoove has had recurring roles on Everybody Hates Chris and Saturday Night Live. On SNL, he worked as a writer (and had bit roles in sketches, including playing Jimmy \"JJ\" Walker in a parody of the 1970s sitcom Good Times) and was a recipient of the 2007 Writers Guild of America award for Best Comedy/Variety Series (Including Talk).[10] He was on Saturday Night Live for three years.[2]\n",
            "p2": "Smoove has been a regular cast member on the HBO comedy Curb Your Enthusiasm since its sixth season in 2007, playing Leon Black. Smoove got the role of Leon on Curb Your Enthusiasm after his stint on SNL.[11] Although he was at that time based on the East Coast, he was in Los Angeles for his friend, music producer Oji Pierce's funeral, so was able to audition for Curb Your Enthusiasm.[12]  Smoove wrote a book as his Curb Your Enthusiasm character, Leon, which was released on October 10, 2017.[13]\n",
            "p3": "He had a major role for seasons two and three on the FOX network sitcom 'Til Death with Brad Garrett and Joely Fisher. In June 2008, he taped several episodes of The Gong Show with Dave Attell as one of the celebrity judges. Smoove was also a cast member on the short-lived sketch comedy program Cedric the Entertainer Presents. He hosted the standup comedy series Russell Simmons Presents: Stand-Up at The El Rey on Comedy Central in July 2010 and also appeared on an episode of The Simpsons titled '\"Angry Dad: The Movie\" in February 2011. Also in 2011, he starred in the American Dad! episode \"The Worst Stan\" and appeared in an episode of Kick Buttowski: Suburban Daredevil called \"Dude, Where's My Wade\".\n",
            "p4": "In 2012, his first televised comedy special, JB Smoove: That's How I Dooz It, premiered on Comedy Central. The DVD of the special was released April 3, 2012. In 2013, Smoove voiced Hackus in The Smurfs 2. Smoove appeared in Movie 43 in the segment \"The Proposition\" alongside Anna Faris and Chris Pratt. He was the substitute co-host of the New York City morning talk show Good Day New York with Rosanna Scotto on April 9, 2012. He had a cameo as a grave digger in the episode of Louie entitled \"Barney/Never\". He also played a supporting role in Season 4, Episode 7 \"The Vapora Sport\" in the American sitcom The League on FX.  He plays Wheelchair Guy, with whom the main characters have recurring comedic run-ins. He plays one of the \"Replacers\" for Call of Duty: Black Ops II. He was in the show Real Husbands of Hollywood, where he played a fictionalized version of himself.[3]\n",
            "p5": "Smoove hosts a talk show on the MSG Network called Four Courses With JB Smoove.[5] He provides the voice of Dr. Ray De Angelo Harris, host of the Chakra Attack radio show in the video game Grand Theft Auto V. Smoove appeared in the 2013 film Dealin' with Idiots as Coach Ted. In 2013, he became a regular cast member of the CBS comedy The Millers, playing the character Ray.\n",
            "p6": "In the summer of 2014, Smoove hosted the eighth season of the NBC reality series Last Comic Standing.[14]\n",
            "p7": "In July 2016, Smoove appeared on comedian Jerry Seinfeld's web series, Comedians in Cars Getting Coffee.[6][15]\n",
            "p8": "In 2017, Smoove played Santa in Sia's music video, \"Santa's Coming for Us\".[16]\n",
            "p9": "In 2019, Smoove attended the final dinner service of  Hell\u2019s Kitchen's eighteenth season Hell's Kitchen: Rookies vs. Veterans as a chef\u2019s table guest in the blue kitchen that was run by runner-up Mia Castro. He appeared as a guest judge on the first season of the FOX reality singing competition The Masked Singer.[17] He also voiced Frank in Harley Quinn beginning in 2019, as well as playing Julius Dell in the Marvel Studios film Spider-Man: Far From Home and its 2021 sequel Spider-Man: No Way Home.[18][19]\n",
            "p10": "In 2020, Smoove starred in Mapleworth Murders opposite Paula Pell and John Lutz for Quibi.[20]  Smoove won the 2021 Primetime Emmy Award for Outstanding Actor in a Short Form Comedy or Drama Series for his role.[21]\n",
            "p11": "In April 2021, Smoove, alongside his cohost Miles Grose, created May I Elaborate? Daily Wisdom from JB Smoove, a podcast on the Team Coco podcast network.[22][23] Beginning in the fall of 2021, Smoove had a recurring role as the titular Caesar in multiple commercials for the Caesars Sportsbook mobile app, appearing alongside Patton Oswalt, Halle Berry, and the Manning family.\n"
        }
    ]
}