{
    "id": "nm1300303",
    "name": "Svetlana Khodchenkova",
    "career": [
        {
            "header": "empty",
            "p7": "Khodchenkova\u2019s debut-role was in the film Bless the Woman (2003) directed by Stanislav Govorukhin.[3] For this role she was nominated for \"Nika\" award as Best Actress. She continued her career in the role of a clairvoyant Cassandra historical television series Talisman of Love (2005).\nSvetlana played a ballerina in Pavel Sanaev\u2019s film Kilometer Zero (2007).\n",
            "p8": "In 2008, at the Polish Film Festival she won the award for Best Actress in Little Moscow.[4]\n",
            "p9": "She is also known for her roles in box office films Love in the Big City (2009), its sequel, Love in the Big City 2 (2010), and Office Romance. Our Time (2011).\n",
            "p10": "She starred in the TV-series Lavrova's Method (2011), and appeared as Irina in Tinker Tailor Soldier Spy (2011). Khodchenkova attended the premiere of \"Tinker, Tailor, Soldier, Spy\" at the 68th Venice Film Festival, on September 5, 2011.[5] She co-starred with Hugh Jackman in the 2013 superhero film The Wolverine as  Viper, one of the film's antagonists.[6]\n",
            "p11": "Khodchenkova played the leading role, Irina the Greek woman, in the historical action film Viking (2016).\n"
        }
    ]
}