{
    "id": "nm1400884",
    "name": "Peter Lyon",
    "career": [
        {
            "header": "empty",
            "p10": "Lyon played with Eaglehawk originally, then went across to Deniliquin in 1961 and played in a losing grand final against Cobram. Lyon shared the 1961 Murray Football League O'Dwyer Medal with Cobram coach, Les Mogg.[1] Lyon then returned to Eaglehawk in 1962, before heading to Hawthorn in 1963.\n",
            "p11": "Lyon came off the bench in the 1963 VFL Grand Final, which Hawthorn lost to Geelong. He could only break into the seniors three times the following year.\n",
            "p12": "A centreman, Lyon spent the next three seasons as playing coach of Devonport. He represented both the North West Football Union and Tasmanian representative teams, winning the Alstergen Trophy in 1967 for his performance with the former.\n",
            "p13": "Lyon later coached Kyabram to the 1975 Goulburn Valley Football League premiership.[2]\n"
        }
    ]
}