{
    "id": "nm1419919",
    "name": "Caroline Correa",
    "career": [
        {
            "header": "empty",
            "p20": "Caroline made her first film debut in the Australian movie, Go Big, which starred Justine Clarke, Tom Long, Alex Dimitriades, and Kimberley Joseph. A year later, she appeared in Star Wars: Episode III \u2013 Revenge of the Sith, during the year she took a role as Henry's date in the film Stealth. In 2006, she starred in The Fast and the Furious: Tokyo Drift of film series. Correa has recently appeared on Redbelt, and is currently working on Deep in the Valley. She features on the Magnum ice-cream ad alongside Benicio Del Toro.\n"
        }
    ]
}