{
    "id": "nm1404034",
    "name": "Assaf Cohen",
    "career": [
        {
            "header": "empty",
            "p5": "Cohen worked for a few years at regional theaters such as The Magic, Marin Shakespeare Company, Marin Theatre Company, TheatreWorks, San Francisco Shakespeare Festival, and PCPA Theaterfest.  He then next moved east and earned an MFA degree in acting from the Professional Actors Training Program at Rutgers University's Mason Gross School of the Arts, where he studied under New York Acting teachers William Esper, Maggie Flanigan and Deborah Hedwall. He later moved to Los Angeles, where he performed at theaters including South Coast Repertory and began his career in film and television.\n"
        }
    ]
}