{
    "id": "nm1439087",
    "name": "Emma Lockhart",
    "career": [
        {
            "header": "empty",
            "p11": "Lockhart then attended Arizona State University, majoring in communications as a student at the school's Walter Cronkite School of Journalism and Mass Communication, which produces newscasts for sister operation KAET (channel 8),[3] where she reported, and also anchored the Monday evening edition of the school's Cronkite News broadcast.[4] After graduation, she then worked for two years as a multimedia journalist and weather presenter for KERO-TV (channel 23) in Bakersfield, California,[5] before she took her current position as a reporter with KTVK/KPHO.[1]\n"
        }
    ]
}