{
    "id": "nm1456912",
    "name": "Nancy Grace",
    "career": [
        {
            "header": "empty",
            "p22": "After leaving the Fulton County prosecutors' office, Grace was approached by and accepted an offer from Court TV founder Steven Brill to do a legal commentary show alongside Johnnie Cochran. When Cochran left the show, Grace was moved to a solo trial coverage show on Court TV, she hosted Trial Heat from 1996-2004, then Closing Arguments from 2004-2007, replacing Lisa Bloom and James Curtis, both of whom were hosting Trial Heat at that point.[9]\n",
            "p23": "In February 2005, she began hosting a regular primetime legal analysis show called Nancy Grace on CNN Headline News (now HLN) in addition to her Court TV show.[8] On May 9, 2007, Grace announced that she would be leaving Court TV to focus more on her CNN Headline News Program and charity work.[11] She did her last show on Court TV on June 19, 2007.\n",
            "p24": "Grace has a distinctive interviewing style mixing vocal questions with multimedia stats displays. The Foundation of American Women in Radio & Television has presented Nancy Grace with two Gracie Awards for her Court TV show.[8]\n",
            "p25": "While still hosting Nancy Grace, she also hosted Swift Justice with Nancy Grace which premiered September 13, 2010, and ran until May 2011. Grace left the show due to productions moving from Atlanta to Los Angeles. In September 2011, Judge Jackie Glass, who is known for presiding over the O. J. Simpson robbery case, took over Grace's place. The show continued for one more season and ceased production in 2012.\n",
            "p26": "Grace had been covering the Casey Anthony story for years. After the controversial verdict finding Casey Anthony not guilty, her Nancy Grace show on HLN had its highest ratings ever in the 8 p.m. and 9 p.m. hour slots on Tuesday, July 5, 2011.[12]\n",
            "p27": "On October 13, 2016, at the end of her contract, Grace hosted her last show.\n",
            "p28": "On July 13, 2019, an Oxygen TV channel true crime series began, hosted by Grace and titled Injustice with Nancy Grace with criminal cases being the subject of episodes that seek to bring to light unjust accusations, bungled investigations, arcane evidence, new motives, and shocking sentences.[13]\n"
        },
        {
            "header": "Controversies",
            "p0": "In a 2011 New York Times article, David Carr wrote, \"Since her show began in 2005, the presumption of innocence has found a willful enemy in the former prosecutor turned broadcast judge-and-jury\". He criticized her handling of the kidnapping of Elizabeth Smart, the Duke lacrosse case, the Melinda Duckett interview and suicide, and the Caylee Anthony case. George Washington University law professor Jonathan Turley told Carr that Grace, as an attorney and reporter, \"has managed to demean both professions with her hype, rabid persona, and sensational analysis. Some part of the public takes her seriously, and her show erodes the respect for basic rights.\"[14]\n",
            "p1": "In January 2014, she again ignited controversy for her wildly negative depiction of recreational marijuana users. Grace made statements such as users were \"fat and lazy\" and that anyone who disagreed with her was \"lethargic, sitting on the sofa, eating chips\" to CNN's news correspondent Brooke Baldwin during a segment covering legalization in Colorado on January 6, 2014.[15]\n",
            "p2": "On October 11, 2016, The Jim Norton and Sam Roberts Show had Grace as a guest, at which time they accused her of capitalizing on others' tragedies, for her personal gain.[16] They also addressed her handling of The Ultimate Warrior's death,[17] and the Duke lacrosse case.[18] Norton said during the interview that he has disliked her for some time, and noted she had previously blocked him on Twitter.[19] Grace, in defending herself, stated that she was a crime victim herself,[20] and that they didn't ask her one decent question.[21] The next day on The View, Grace addressed the interview, calling Norton and Roberts \"Beavis and Butt-Head\".[22] Grace said she had to hold back tears during the interview and stated, \"I don't really know what it was, but it was hell for me.\"[23]\n",
            "p3": "During the 2002 Elizabeth Smart kidnapping case, when suspect Richard Ricci was arrested by police on the basis that he had a criminal record and had worked on the Smarts' home, Grace immediately and repeatedly proclaimed on Court TV and CNN's Larry King Live that Ricci was guilty, although there was little evidence to support this claim. She also suggested publicly that Ricci's girlfriend was involved in the cover-up of his alleged crime. Grace continued to accuse Ricci, who had died while in custody.[24] It was later revealed that Smart was kidnapped by Brian David Mitchell and Wanda Barzee, two individuals with whom Ricci had no connection.[25]\n",
            "p4": "When Court TV confronted Grace seven months later to ask whether she was incorrect in her assertion that Ricci was guilty, and whether or not she felt bad about it in any way, she stated that Ricci was \"a known ex-con, a known felon, and brought suspicion on himself, so who could blame anyone for claiming he was the perpetrator?\" When Larry King asked her about the matter, she equated criticism of herself with criticism of the police in the case. She said, \"I'm not letting you take the police with me on a guilt trip.\"[26]\n",
            "p5": "In July 2006, Grace interviewed Smart, who was promoting a legislative bill. Grace repeatedly asked her for information regarding her abduction. Smart told her she didn't feel comfortable discussing it, despite Grace's persistence in the matter. Finally, Grace stopped when Smart said she \"didn't appreciate [Grace] bringing all this up.\"[27]\n",
            "p6": "During the trial of David Westerfield in 2002 for the kidnap and murder of Danielle van Dam, Grace made it clear on Larry King Live that she thought he was guilty, but she got some facts wrong. For example, she said he had steam-cleaned his RV, but no evidence was introduced that he had. Dr. Henry Lee pointed out that if he had done so, they wouldn't have found the fingerprints and the bloodstain on the carpet.[28][29] David Westerfield was convicted of kidnapping and murdering Danielle van Dam.[citation needed]\n",
            "p7": "Grace also dismissed the defense's proposal that hair and fibers found on Westerfield's black jacket had been transferred from van Dam to Westerfield when the two were dancing at a bar on Friday night. Grace contended that the jacket was leather and a transfer would not have been possible.[30]\n",
            "p8": "She also made some statements pointing to Westerfield's possible innocence. The strongest evidence against Westerfield was found in his RV, particularly a drop of van Dam's blood and her hand print. That evidence could be innocently explained if, at some previous time while it was parked unlocked in the streets outside her home, van Dam had entered that vehicle, perhaps to explore it out of curiosity. There was no testimony she had done so, but Grace said she \"can imagine a little girl wandering into a RV and playing in it, much as if they saw a swimming pool, they might jump in, or a playground, they might play on it\".[28]\n",
            "p9": "Grace took a vehemently pro-prosecution position throughout the 2006 Duke University lacrosse case, in which Crystal Mangum, a stripper and North Carolina Central University student, falsely accused three members of Duke University's men's lacrosse team of raping her at a party. Prior to Duke suspending its men's lacrosse team's season, she sarcastically noted on the air, \"I'm so glad they didn't miss a lacrosse game over a little thing like gang rape!\" and \"Why would you go to a cop in an alleged gang rape case, say, and lie and give misleading information?\"[31] After the disbarment of District Attorney Mike Nifong, Attorney General Roy Cooper pronounced all three players innocent of the rape charges made by Mangum and Nifong.[32] On the following broadcast of her show, Grace did not appear and a substitute reporter, Jane Velez-Mitchell, announced the removal of all charges.[33]\n",
            "p10": "In September 2006, 22-year-old Melinda Duckett committed suicide following an interview conducted by Grace concerning the disappearance of Duckett's 2-year-old son, Trenton.[34] Grace interviewed Duckett less than two weeks after the child went missing, questioning her for her alleged lack of openness regarding her son's disappearance, asking Duckett \"Where were you? Why aren't you telling us where you were that day?\"[35] Duckett appeared confused and was unable to answer whether or not she had taken a polygraph test. When Grace asked her why she could not account for specific details, Duckett began to reply, \"Because I was told not to\", to which Grace responded, \"Ms. Duckett, you are not telling us for a reason. What is the reason? You refuse to give even the simplest facts of where you were with your son before he went missing. It is day twelve.\" According to the CNN transcript, Duckett replied, \"(INAUDIBLE) with all media. It's not just there, just all media. Period.\" Grace then moved on to a psychologist who asserted that Duckett was \"skirting around the issue.\"[34][35]\n",
            "p11": "The next day, before the airing of the show, Duckett shot herself, a death that relatives claim was influenced by media scrutiny, particularly from Grace.[34][36] Speaking to The Orlando Sentinel, Duckett's grandfather Bill Eubank said, \"Nancy Grace and the others, they just bashed her to the end. She was not one anyone ever would have thought of to do something like this.\"[34] CNN has also been criticized for allowing the show to air in the wake of Duckett's suicide.[37] Police investigating the case had not named Melinda Duckett as a suspect in the case at the time, but after her suicide the police did say that, as nearly all parents are in missing-child cases, she was a suspect from the beginning.[34]\n",
            "p12": "In an interview on Good Morning America, Nancy Grace said in reaction to events that \"If anything, I would suggest that guilt made her commit suicide. To suggest that a 15- or 20-minute interview can cause someone to commit suicide is focusing on the wrong thing.\"[38] She then said that, while she sympathized with the family, she knew from her own experience as a victim of crime that such people look for somebody else to blame.[39]\n",
            "p13": "While describing it as an \"extremely sad development\", Janine Iamunno, a spokeswoman for Grace,[34] said that her program would continue to follow the case as they had a \"responsibility to bring attention to this case in the hopes of helping find Trenton Duckett.\" Grace commented that \"I do not feel that our show is to blame for what happened to Melinda Duckett. The truth is not always nice or polite or easy to go down. Sometimes it's harsh, and it hurts.\"[34]\n",
            "p14": "On November 21, 2006, The Smoking Gun exposed pending litigation on behalf of the estate of Melinda Duckett, asserting a wrongful death claim against CNN and Grace. The attorney for the estate alleges that, even if Duckett did kill her own son, Grace's aggressive questioning traumatized Duckett so much that she committed suicide. She also argues that CNN's decision to air the interview after Duckett's suicide traumatized her family. Trenton has never been found.[37][40]\n",
            "p15": "On November 8, 2010, Grace reached a settlement with the estate of Melinda Duckett to create a $200,000 trust fund dedicated to locating Trenton. This settlement was reached a month before a jury trial was scheduled to start. According to the agreement, if the young boy is found alive before he turns 13, the remaining proceeds in the trust will be administered by a trustee \u2013 Trenton's great-aunt Kathleen Calvert \u2013 until he turns 18 and the funds are transferred for his use. If Trenton is not found by his 13th birthday, or if he is found but is not alive, the funds will be transferred immediately to the National Center for Missing and Exploited Children. \"We are pleased the lawsuit has been dismissed. The statement speaks for itself,\" a spokeswoman for CNN said.[41]\n",
            "p16": "From 2008 to 2011, the Caylee Anthony disappearance and the prosecution, trial, and acquittal of her mother Casey Anthony on charges of murder of the child were a regular feature of the Nancy Grace show. She would reveal every new detail of the story.[42] Her program is cited as having \"almost single-handedly inflated the Anthony case from a routine local murder into a national obsession\".[43]\n",
            "p17": "\nThe Nancy Grace audience more than doubled in the weeks after the start of the Casey Anthony trial.[44] David Carr wrote that Grace took her show to the trial scene in Orlando, Florida in order to \"hurl invective from a close, intimate distance.\"[14] Grace expressed rage at Anthony's acquittal right after announcement of the verdict, saying: \"Tot Mom's lies seem to have worked.\"[43] In a press conference after the verdicts were read, Cheney Mason, one of Anthony's defense attorneys, blamed the media for a \"media assassination\" which led to public hatred toward Anthony. He also said,",
            "p18": "Grace took it personally and responded, \"What does he care about what pundits are saying?\". She also stated that she had as much legal experience as Mason and criticized the defense attorneys for taking on the media before mentioning Caylee Anthony's name in their news conference and stated that \"[T]here is no way that this is a verdict that speaks the truth.\"[45]\n",
            "p19": "\nMichelle Zierler, director of the Project in Law and Journalism at New York Law School, said Grace \"is always certain that the defendant is guilty and needs instant punishment\" and this had affected her analysis of the case.[45] Howard Finkelstein, the Broward County, Florida public defender said, ",
            "p20": "On the day Anthony was sentenced on misdemeanor counts of lying to investigators, a supporter held a sign reading: \"Nancy Grace, stop trying to ruin innocent lives. The jury has spoken. P.S. Our legal system still works!\"[46]\n",
            "p21": "\nIn a televised appearance with media expert Dan Abrams, Grace stated about Anthony's being freed from jail, ",
            "p22": " Abrams commented, ",
            "p23": "Mainstream media have suggested that Grace made \"wildly speculative\" allegations on her program that the investigation into Whitney Houston's death should include the possibility that someone may have been responsible for drowning Houston. Some reporters have pointed out that Grace should have waited for the coroner's report before making this allegation.[48]\n",
            "p24": "On November 22, 2011, Toni Annette Medrano accidentally killed her 3-week-old son, Adrian Alexander Medrano, while she was sleeping on the couch with him. According to the criminal complaint, Medrano told police she had consumed almost an entire fifth of vodka the night before her son died and fell asleep with him on a couch. The following morning, she woke up and found her infant son unresponsive and cold to the touch. While Grace was covering the case, she infamously dubbed Medrano \"Vodka Mom\". During one of her shows, Grace brought a bottle of vodka onto her set and poured shots to demonstrate how much Medrano had drunk the night of her son's death.[49] In June 2012, Medrano was charged with two counts of second-degree manslaughter.[citation needed]\n",
            "p25": "\"The baby is dead because of vodka mommy\", Grace said during her June 11 show on HLN. \"I don't care if she was driving a car, holding a pistol or holding a fifth of vodka. [It] doesn't matter to me. The baby is dead at the hands of the mommy.\" During the show, Grace said the charges filed against Medrano weren't harsh enough. \"I don't see how this whole thing was an accident and I want murder charges\", Grace said.[50]\n",
            "p26": "On July 2, Medrano doused herself in flammable liquid and set herself on fire. She died of her injuries on July 7. After her death, Medrano's husband and the father of her son said he felt the segment Grace did was cruel and added \"The things people said were horrible. It shows that cyberbullying happens to adults, too.\"[51] Following Melinda Duckett's suicide, this was the second suicide to which Grace has been linked.[52] On January 4, 2012, a lawsuit against CNN brought by Medrano's family was settled, \"I can tell you the case was settled in principle two weeks ago\", said personal injury attorney Michael Padden. A lawsuit was never formally served but \"we resolved the case just by negotiation\", he said.[53]\n",
            "p27": "Grace commented on the Amanda Knox case: \"I was very disturbed, because I think it is a huge miscarriage of justice. I believe that while Amanda Knox did not wield the knife herself, I think that she was there, with her boyfriend, and that he did the deed, and that she egged him on. That's what I think happened... I just happen to know the facts... I'm not trying to get Amanda Knox's first interview because\u2026 my show does not pay for interviews... Second, I don't think she's going to tell the truth anyway, so what's the point?\"[54]\n",
            "p28": "Following WWE Hall of Famer The Ultimate Warrior's death on April 8, 2014, Nancy Grace invited retired wrestler Diamond Dallas Page on her show to discuss Warrior. Unbeknownst to Page,[55] the subject of the episode was deaths in the professional wrestling industry caused by steroids. Grace claimed that \"rumors of steroid and drug use are swirling\" in the case of Ultimate Warrior's death,[56][57] although an autopsy had concluded that Warrior had died of natural causes with neither drugs nor alcohol in his system at his time of death.[58] During the segment, Grace made several mentions to a list of wrestlers who had died young, linking their deaths to drug abuse. The list included wrestlers whose deaths were unrelated to drug abuse.[56]\n",
            "p29": "After the segment aired, a petition on Change.org requesting that CNN remove Nancy Grace from television received over 10,000 signatures within twenty four hours.[59] #CancelNancyGrace became a trending topic on Twitter following the episode's airing.[55] Page released a statement after the episode aired, stating that he was under the assumption that he would be sharing stories in Warrior's memory and did not know that steroids would be the only topic discussed.[55][60] WWE subsequently asked past and present WWE talent to not appear on Grace's HLN show.[61] Nancy Grace responded to criticism by telling Radar Online that she would welcome any WWE personalities to come onto her show to \"correct all of my misconceptions\".[62]\n",
            "p30": "During one of her newscasts, Grace interviewed Charles Bothuell IV, informing him that his son, Charles Bothuell V, was found, to the surprise of Bothuell IV, in his basement by members of law enforcement.[63]\n"
        },
        {
            "header": "Awards",
            "p0": "Grace has been awarded several American Women in Radio & Television Gracie Awards, has been awarded the \"Individual Achievement/Best Program Host\" honor by that organization, and has been recognized by many other organizations (including, without limitation, the Carole Sund-Carrington Foundation, Crime Victims United of California and The Retreat) for her advocacy work on behalf of victims\u2019 rights.[6]\n"
        }
    ]
}