{
    "id": "nm1526617",
    "name": "Allison McAtee",
    "career": [
        {
            "header": "Television",
            "p0": "McAtee began her career appearing in stage productions Off-Broadway in New York City. She made her television debut on Rescue Me   followed by Hope and Faith in 2005. She later guest-starred on Ugly Betty, Law & Order: Criminal Intent, CSI: Crime Scene Investigation, its spin-offs CSI: Miami and CSI: NY, and Castle, The Mentalist, NCIS, and Revenge. McAtee was also a recurring guest star for two seasons on Showtime's Californication.\n",
            "p1": "In 2014, McAtee joined the cast of the Oprah Winfrey Network primetime drama, The Haves and the Have Nots. She plays Maggie Day, campaign manager to Jim Cryer (John Schneider) and David Harrington (Peter Parros).[2] She was promoted to regular cast member as of third season.\n",
            "p2": "In June 2021, McAtee was reunited with Bloomington co-star Sarah Stouffer when she guest starred in two episodes of the web series Grey Area. The pair's shared scenes made tongue-in-cheek references to Bloomington.[3][4]\n"
        },
        {
            "header": "Films",
            "p0": "In film, McAtee has appeared in The Killing Floor (2007) and Hell Ride (2008), and Iron Man (2008) before landing the leading role in the independent drama Bloomington (2010).[5][6]\n"
        }
    ]
}