{
    "id": "nm1566474",
    "name": "Julianna Guill",
    "career": [
        {
            "header": "empty",
            "p7": "Guill has made numerous guest appearances in television series such as One Tree Hill, CSI: Miami, 90210, How I Met Your Mother, Criminal Minds and CSI: Crime Scene Investigation.[1] In 2009, she appeared in the starring role of Katy in the direct-to-DVD film Road Trip: Beer Pong, which is a sequel to the 2000 comedy film Road Trip.[citation needed]\n",
            "p8": "Guill appeared in the horror film Friday the 13th, a 2009 remake of the original film.[3][4][5] The same year, Guill played sweet 16 girl Madison Penrose in MTV's slasher horror television film, My Super Psycho Sweet 16, which premiered on October 22, 2009.[6][7] She briefly reprised the character in My Super Psycho Sweet 16: Part 2, which premiered in October 2010.[8] The following week saw the premiere of the horror film Altitude, with Guill in a starring role.[9][10]\n",
            "p9": "In 2010 Guill was cast in a starring role the TBS comedy series Glory Daze.[1][11][12] The same year she starred the web series Sweety for the web site Sweety High,[13] after starring in the web series My Alibi the previous year.[14]\n",
            "p10": "Guill appeared in the Steve Carell comedy Crazy, Stupid, Love, and in the 2012 horror film The Apparition, from Dark Castle Entertainment.[15] She guest starred in the NBC comedy Community as Head Cheerleader in \"A Fistful of Paintballs\". Guill is friends with Community star Alison Brie, with whom she co-starred in My Alibi; along with fellow My Alibi co-star Cyrina Fiallo, they perform together as a singing group The Girls.[16] Between 2014 and 2017, she played Becca Riley in the Bravo television series Girlfriends' Guide to Divorce starring Lisa Edelstein.\n"
        }
    ]
}