{
    "id": "nm1570191",
    "name": "Agam Darshi",
    "career": [
        {
            "header": "empty",
            "p1": "Darshi has made appearances in over twenty-five television productions along with appearing in over a dozen films. She is best known for her roles in Tru Calling, Dead Zone, The L-Word, and as Laura in the horror film Final Destination 3. She appeared in a recurring role on the Canadian teen-drama television series renegadepress.com. From 2009 to 2011, Darshi appeared in the television series Sanctuary. She was part of the main cast in seasons two and three and had a recurring role in season four.\n",
            "p2": "Darshi is also a producer, director,[3] writer, screenwriter, playwright, artist, and graphic designer. At the 2013 Leo Awards, she won Best Supporting Performance by a Female in a Motion Picture for her role in the feature Crimes of Mike Recket.[4] Along with fellow South Asian actress Patricia Isaac, she co-founded the Vancouver International South Asian Film Festival (VISAFF).[5]\nShe has also appeared as Ruby Shivani in season 2 of TV serial You Me Her.\n",
            "p3": "In January 2021, she began principal photography on her directorial debut film, titled Donkeyhead, in Regina, Saskatchewan.[6] The film, in which Darshi also played the lead character, premiered at the 2021 Mosaic International South Asian Film Festival.[7]\n"
        }
    ]
}