{
    "id": "nm1559927",
    "name": "Booboo Stewart",
    "career": [
        {
            "header": "empty",
            "p11": "During 2006\u20132010 Stewart appeared or starred in several independent, direct-to-video, or TV films. He also hosted six episodes of the children's show Blue Dolphin Kids in Hawaii, and did stunt work on several films including the 2006 film Zoom and the 2007 film Beowulf. He had roles on episodes of Steve Harvey's Big Time Challenge, ER, Dante's Cove, Everybody Hates Chris and R.L. Stine's The Haunting Hour. Stewart also toured with Hannah Montana/Miley Cyrus on her Best of Both Worlds Tour featuring the Jonas Brothers and in the Camp Rock Freestyle Jam concert series. He recorded the opening theme for the Disney Channel Games 2008 titled \"Let's Go!\", and in 2010 \"Under the Sea\" (from The Little Mermaid) for the Disney recompilation disc DisneyMania 7. He promoted clothes, as well as toys and games such as Wii Fit and Hot Wheels. He also played Roman in Lab Rats: Elite Force.\n",
            "p12": "During 2006\u20132008, he was a member of the musical group T-Squad.\n"
        },
        {
            "header": "2010\u2013present: Theatrical debut",
            "p0": "In 2010, Stewart appeared in the movie Logan, a coming of age story about two brothers. He portrayed Seth Clearwater in The Twilight Saga: Eclipse, the third installment of The Twilight Saga film series.\n",
            "p1": "In 2012, Stewart starred in the movie White Frog as Nick Young, a teen with Asperger's syndrome. In 2013, he played the lead role in Running Deer, an award-winning short film produced and directed by Brent Ryan Green through Toy Gun Films.[6] Stewart also appeared in 2014's X-Men: Days of Future Past[7] acting as Warpath.\n",
            "p2": "In 2013, Stewart appeared in Space Warriors alongside Danny Glover, Dermot Mulroney, Josh Lucas, Mira Sorvino, directed by Sean McNamara.\n",
            "p3": "Stewart starred in the 2015 Disney Channel original movie Descendants as Jay, the son of Jafar. He reprised his role in the 2017 and 2019 sequels, Descendants 2[8] and Descendants 3. In 2020, Stewart appeared as Willie in the Netflix series Julie and the Phantoms, and as Peter Dragswolf in the film Let Him Go.\n"
        }
    ]
}