{
    "id": "nm1670700",
    "name": "Tolga Safer",
    "career": [
        {
            "header": "empty",
            "p11": "Safer was born in London, to Turkish Cypriot parents.[1] He started acting at the age of 7 in school plays and attended classes at the Sylvia Young Theatre School. Safer has appeared in various TV commercials for Pepsi and Korres, and The Red Cross, (Directed by Peter Webber). He has appeared in several TV episodes of BBC's Casualty and Doctors. His first main role was in the film Culture Menace which was a British independent movie before working on Harry Potter and the Goblet of Fire[2] in a role created especially for him. Other notable film credits include Sugarhouse alongside Andy Serkis and Ashley Walters and Shoot on Sight. In 2017, Safer appeared alongside Dylan O'Brien in CBS Films' thriller American Assassin.[1][3]\n",
            "p12": "At the Arcola Theatre, Safer performed in the controversial play 'Bintou' and then on 'Venezuela'. As well as the Arcola Theatre, Tolga Safer has also performed in plays such as Prayer Room at the Birmingham Repertory Theatre.[4] and appeared at The Royal National Theatre.[5]\n"
        }
    ]
}