{
    "id": "nm1675277",
    "name": "Evelyn McGee",
    "career": [
        {
            "header": "The Dana Carvey Show (1996)",
            "p0": "Following the cancelation of Exit 57, Colbert worked for six months as a cast member and writer on The Dana Carvey Show, alongside former Second City castmate Steve Carell, and also Robert Smigel, Charlie Kaufman, Louis C.K., and Dino Stamatopoulos, among others. The series, described by one reviewer as \"kamikaze satire\" in \"borderline-questionable taste\", had sponsors pull out after its first episode aired and was canceled after seven episodes.[50] Colbert then worked briefly as a freelance writer for Saturday Night Live with Robert Smigel. Smigel brought his animated sketch, The Ambiguously Gay Duo, to SNL from The Dana Carvey Show; Colbert provided the voice of Ace on both series, opposite Steve Carell as Gary. Needing money, he also worked as a script consultant for VH1 and MTV, before taking a job filming humorous correspondent segments for Good Morning America.[34] Only two of the segments he proposed were ever produced and only one aired, but the job led his agent to refer him to The Daily Show's producer, Madeline Smithberg, who hired Colbert on a trial basis in 1997.[51][clarification needed]\n"
        },
        {
            "header": "Strangers with Candy (1999\u20132000)",
            "p0": "During the same period, Colbert worked again with Sedaris and Dinello to develop a new comedy series for Comedy Central, Strangers with Candy. Comedy Central picked up the series in 1998 after Colbert had already begun working on The Daily Show. As a result, he accepted a reduced role, filming only around 20 Daily Show segments a year while he worked on the new series.[34]\n",
            "p1": "Strangers with Candy was conceived of as a parody of after school specials, following the life of Jerri Blank, a 46-year-old dropout who returns to finish high school after 32 years of life on the street. Most noted by critics for its use of offensive humor, it concluded each episode by delivering to the audience a skewed, politically incorrect moral lesson.[52] Colbert served as a main writer alongside Sedaris and Dinello, and portrayed Jerri's strict but uninformed history teacher, Chuck Noblet, seen throughout the series dispensing inaccurate information to his classes. Colbert has likened this to the character he played on The Daily Show and later The Colbert Report, claiming that he has a very specific niche in portraying \"poorly informed, high-status idiot\" characters.[11] Another running joke throughout the series was that Noblet, a closeted homosexual, was having a \"secret\" affair with fellow teacher Geoffrey Jellineck, despite the fact that their relationship was apparent to everyone around them. This obliviousness also appears in Colbert's Daily Show and Colbert Report character.\n",
            "p2": "Thirty episodes of Strangers with Candy were made, which aired on Comedy Central in 1999 and 2000.[53] Though its ratings were not remarkable during its initial run, it has been characterized as a cult show with a small but dedicated audience.[54] Colbert reprised his role for a film adaptation which premiered at the Sundance Film Festival in 2005 and had a limited release in 2006. The film received mixed reviews. Colbert also co-wrote the screenplay with Sedaris and Dinello.[55]\n"
        },
        {
            "header": "The Daily Show (1997\u20132005)",
            "p0": "Colbert joined the cast of Comedy Central's parody-news series The Daily Show in 1997, when the show was in its second season. Originally one of four correspondents who filmed segments from remote locations in the style of network news field reporters, Colbert was referred to as \"the new guy\" on-air for his first two years on the show, during which time Craig Kilborn served as host. When Kilborn left the show prior to the 1999 season, Jon Stewart took over hosting duties, also serving as a writer and co-executive producer. From this point, the series gradually began to take on a more political tone and increase in popularity, particularly in the latter part of the 2000 U.S. presidential election season. The roles of the show's correspondents were expanded to include more in-studio segments and international reports, which were almost always done in the studio with the aid of a greenscreen.[34]\n",
            "p1": "Unlike Stewart, who essentially hosted The Daily Show as himself,[56] Colbert developed a correspondent character for his pieces on the series that was a parody of conservative political pundits such as Bill O'Reilly.[57] Colbert has described his correspondent character as \"a well-intentioned, poorly informed, high-status idiot\"[58] and \"a fool who has spent a lot of his life playing not the fool\u00a0\u2013 one who is able to cover it at least well enough to deal with the subjects that he deals with\".[34] Colbert was frequently pitted against knowledgeable interview subjects, or against Stewart in scripted exchanges, with the resultant dialogue demonstrating the character's lack of knowledge of whatever subject he is discussing.[59][34] Colbert also made generous use of humorous fallacies of logic in explaining his point of view on any topic. Other Daily Show correspondents have adopted a similar style; former correspondent Rob Corddry recalls that when he and Ed Helms first joined the show's cast in 2002, they \"just imitated Stephen Colbert for a year or two\".[60] Correspondent Aasif Mandvi has stated \"I just decided I was going to do my best Stephen Colbert impression\".[61]\n",
            "p2": "Colbert appeared in several recurring segments for The Daily Show, including \"Even Stevphen\" with Steve Carell,[62] in which both characters were expected to debate a selected topic but instead would unleash their anger at one another. Colbert commonly hosted \"This Week in God\", a report on topics in the news pertaining to religion, presented with the help of the \"God Machine\". Colbert filed reports from the floor of the Democratic National Convention and the Republican National Convention as a part of The Daily Show's award-winning coverage of the 2000 and 2004 U.S. presidential elections; many from the latter were included as part of their The Daily Show: Indecision 2004 DVD release. Other pieces that have been named as his signature segments include \"Grouse Hunting in Shropshire\", in which he reported on the \"gayness\" of British aristocracy, his mock lionization of a smoking-rights activist and apparent chain-smoker, and his cameo appearances during his faux campaign for president.[63] In several episodes of The Daily Show, Colbert filled in as anchor in the absence of Jon Stewart, including the full week of March 3, 2002, when Stewart was scheduled to host Saturday Night Live. After Colbert left the show, Rob Corddry took over \"This Week in God\" segments, although a recorded sample of Colbert's voice was still used as the sound effect for the God Machine. Later episodes of The Daily Show have reused older Colbert segments under the label \"Klassic Kolbert\". Colbert won three Emmys as a writer of The Daily Show in 2004, 2005, and 2006.[64]\n"
        },
        {
            "header": "The Colbert Report (2005\u20132014)",
            "p0": "Colbert hosted his own television show, The Colbert Report, from October 17, 2005, through December 18, 2014.[65] The Colbert Report was a Daily Show spin-off that parodied the conventions of television news broadcasting,[20] particularly cable-personality political talk shows like The O'Reilly Factor, Hannity, and Glenn Beck.[36][57] Colbert hosted the show in-character as a blustery right-wing pundit, generally considered to be an extension of his character on The Daily Show. Conceived by co-creators Stewart, Colbert, and Ben Karlin in part as an opportunity to explore \"the character-driven news\", the series focused less on the day-to-day news style of the Daily Show, instead frequently concentrating on the foibles of the host-character himself.[66]\n",
            "p1": "The concept for The Report was first seen in a series of Daily Show segments which advertised the then-fictional series as a joke. It was later developed by Stewart's Busboy Productions and pitched to Comedy Central, which green-lighted the program; Comedy Central had already been searching for a way to extend the successful Daily Show franchise beyond a half-hour.[67] The series opened to strong ratings, averaging 1.2\u00a0million viewers nightly during its first week on the air. Comedy Central signed a long-term contract for The Colbert Report within its first month on the air, when it immediately established itself among the network's highest-rated shows.[68][69]\n",
            "p2": "Much of Colbert's personal life was reflected in his character on The Colbert Report. With the extended exposure of the character on the show, he often referenced his interest in and knowledge of Catholicism, science fiction, and The Lord of the Rings, as well as using real facts to create his character's history. His alternate persona was also raised in South Carolina, is the youngest of 11 siblings and is married.[70] However, Colbert's actual career history in acting and comedy was often downplayed or even denied outright, and he frequently referred to having attended Dartmouth College (which was at the forefront of the conservative campus movement in the 1980s) rather than his actual alma mater, Northwestern. In July 2012, Colbert added two years to his contract with Comedy Central, extending the run of The Colbert Report until the end of 2014.[71]\n",
            "p3": "The final episode on December 18, 2014, featured a rendition of \"We'll Meet Again\" and appearances from former guests of the show, including Jon Stewart, Randy Newman, Bryan Cranston, Willie Nelson, Yo-Yo Ma, Mandy Patinkin, Neil deGrasse Tyson, Tom Brokaw, David Gregory, J. J. Abrams, Big Bird, Gloria Steinem, Ken Burns, James Franco, Barry Manilow, Bob Costas, Jeff Daniels, Sam Waterston, Bill de Blasio, Katie Couric, Patrick Stewart, George Lucas, Henry Kissinger, Cookie Monster, Alan Alda, Eliot Spitzer, Vince Gilligan, Paul Krugman, and a text from Bill Clinton, and appearances by Alex Trebek, U.S. and coalition Afghanistan forces, and further characters (a space station astronaut, Santa Claus, Abraham Lincoln, etc.).[65]\n"
        },
        {
            "header": "The Late Show (since 2015)",
            "p0": "On April 10, 2014, CBS announced in a press release[72] that Colbert \"will succeed David Letterman as the host of The Late Show, effective when Mr. Letterman retires from the broadcast.\" On January 12, 2015, CBS announced that Colbert would premiere as the Late Show host on Tuesday, September 8, 2015.[73] The first guest of the new Late Show was George Clooney.[74] The show has a much more political focus than David Letterman's Late Show.[75][76]\n",
            "p1": "During his tenure as the host of The Late Show, Colbert hosted the 69th Primetime Emmy Awards, broadcast on CBS on September 17, 2017.[77] More recently, he and his Spartina Productions company had signed a deal with CBS Studios, through which programs such as Tooning Out the News and Fairview are produced. Colbert is also an executive producer on Comedy Central's Tha God's Honest Truth.[78]\n"
        }
    ]
}