{
    "id": "nm1692945",
    "name": "Nigel Pilkington",
    "career": [
        {
            "header": "empty",
            "p17": "Pilkington has appeared in various television programs such as \"Grandpa in My Pocket\", Cutting It, Trial & Retribution, Roman Mysteries and Richard Hammond's Secret Service.\n",
            "p18": "As a voice actor Pilkington has provided many voices for animated films like Wallace & Gromit: The Curse of the Were-Rabbit and Azur & Asmar: The Princes' Quest, television shows like The Adventures of Bottle Top Bill and His Best Friend Corky, The Jungle Book and Peter Rabbit and also the video games Inazuma Eleven and Ni No Kuni: Wrath of the White Witch.[1]\n",
            "p19": "From Series 19 onwards, he became the UK voice of Percy and Trevor in Thomas & Friends.\n",
            "p20": "Pilkington directed, produced and wrote the short films Alone in 2011,[2] and \"That's The Spirit\" in 2014.[3]\n",
            "p21": "Pilkington co-wrote, directed and produced the mockumentary podcast series \"Dying Breeds\", released in 2020.[4]\n"
        }
    ]
}