{
    "id": "nm1725950",
    "name": "Tony Guerrero",
    "career": [
        {
            "header": "empty",
            "p14": "Guerrero's career began in 1984 shortly after graduating from Saddleback High School when he began working professionally in Orange County, California in jazz clubs and dinner theaters. By 1986 he had formed his band Vision with college friends and  caught the eye of White Light Productions, a  record label led by Lucille Hunt. After signing Guerrero to a record deal, Hunt left her job in computers to pursue music management full-time, eventually managing Brian Bromberg, Max Bennett, and Rahsaan Patterson.\n",
            "p15": "Guerrero's first album, Tiara, was produced in a sixteen-track studio owned by John Friesen, drummer for the 1970s band Player. Guerrero had little experience in the studio at the time and producer Terry Whetton rarely showed up during the recording sessions. The musicians were a mixture of Guerrero's college-age friends and industry professionals, including Grant Geissman, Merry Clayton, and Max Bennett. Upon its release in 1988, Tiara ended up with a minor hit, \"L.A.'d\", that started receiving airplay on jazz radio stations around the country, most notably WNUA in Chicago, where the song would remain a staple for many years to come.\n",
            "p16": "White Light Productions was dissolved as a record company. Hunt negotiated a record deal for Guerrero with Nova Records, at the time one of the country's most successful independent contemporary jazz labels. Different Places was released in 1989 and several songs ended up receiving substantial airplay around the country. The songs \"Slam Shack\", \"Pancho\", and \"Mangione\" helped drive the song into the Billboard Top 20 charts. Different Places featured musicians Brian Bromberg, Richard Smith, Norman Brown, Bill Cantos, Brandon Fields and many other contemporary jazz notables. The album also led to Guerrero's first national touring dates as a headliner, performing mostly in clubs and at the Milwaukee Summerfest. The album also featured the song \"The Buckethead Shuffle\" which was arranged in 1990 for big band and released by Hal Leonard Publications. It became one of their top-selling releases that year and has remained a staple in high school, college and even professional big bands around the world.\n",
            "p17": "Another Day, Another Dream was released in 1991 and was a bigger hit on the radio, landing on several national radio charts.  Another Day, Another Dream would lead to more national and international touring dates and established Guerrero as a recognized voice in the early smooth jazz market. The album featured guests artists such as Gerald Albright, Mike Garson, Rob Mullins and more, performing along with Guerrero's band. The cover song, \"The Secret Garden\", also gave Guerrero a presence on R&B radio playlists.\n",
            "p18": "In 1991 and 1993, Guerrero was a featured headliner at the CanCun Jazz Festival, sharing the stage with legends such as Nancy Wilson, Joe Sample, Wynton Marsalis and more. During the same time, Guerrero also performed on extended European tours with Dutch guitarist Emiel van Egdom.\n",
            "p19": "After signing to Fahrenheit Records for one album (1995's Now & Then which was a collection of new tracks and previous releases), Guerrero signed to NuGroove Records and released Mysterie in 1996, produced by keyboardist Rob Mullins. The songs \"Mysterie\" and \"For Your Love\" were both hits on jazz radio.\n",
            "p20": "More albums would follow in the coming years: Apasionado (2008), a collection of original Latin/Brazilian-themed music featuring Grant Geissman, Bill Cantos, Brian Bromberg, and Eric Marienthal; Blue Room (2010) released on Charleston Square Records, which was Guerrero's first release featuring a more traditional, acoustic jazz setting. Blue Room spent nearly six months on the national jazz charts and received positive reviews.\n",
            "p21": "Over the years, Guerrero has also recorded duo albums (with Bill Cantos and Frank Giebels) and band projects featuring his side groups, The Hi-Fi Quintet and West Coast Sound.\n",
            "p22": "In 2018, Guerrero released a new album of Latin-inspired ballads entitled \"Abrazo\". The album features the flugelhorn as the primary instrument with Guerrero performing most of the other instruments.\n",
            "p23": "In 2010, Guerrero was chosen to create the big band arrangements for two John Tesh albums (John Tesh Big Band & John Tesh Christmas Big Band). These albums were followed by national tours (for which Guerrero held the solo trumpet chair with a 12-piece big band) and a well-received PBS special.\n",
            "p24": "In 2014, Guerrero hired as music director for Emmy Award-winning actress Jane Lynch's national cabaret tour, See Jane Sing. Guerrero's band, The Tony Guerrero Quintet, accompanied Lynch, actress Kate Flannery, and singer Tim Davis on tour dates around the country.\n",
            "p25": "In 2016, Jane Lynch recorded and released a Christmas album called \"A Swingin' Little Christmas\" in 2016. The album was released on KitschTone Records, Lynch's own record label, which was co-founded by Guerrero. Guerrero produced and arranged the music, which included five of his original Christmas songs. Two of Guerrero's originals, \"Winter's Never Cold (When You're Around)\" and \"A Swingin' Little Christmas Time\", both big band songs, helped the album to reach No. 8 on the Billboard Adult Contemporary charts in 2016. In 2017, the album was the #5 Holiday album in the country, propelled largely by the title track.\n",
            "p26": "Guerrero was featured on actor Dick Van Dyke's 2017 album playing trumpet and singing a duet with the actor on the song \"Rocking Chair\". Van Dyke also recorded a duet with Jane Lynch on Guerrero's original Christmas song, We're Going Caroling for KitschTone Records.\n",
            "p27": "On November 29, 2017, Guerrero had three songs land on the non-holiday Billboard Adult Contemporary Top 25 charts. Jane Lynch's \"A Swingin' Little Christmas Time\" was at #18, Dick Van Dyke & Jane Lynch's \"We're Going Caroling\" was at #24 and Charles Billingsley's \"Silver Bells\", which Guerrero had arranged, was at #17. By the end of December, 2017, the song \"A Swingin' Little Christmas\" had become the #5 Christmas song in the country and charted at #10 on Billboard's Adult Contemporary Charts (non-holiday).\n",
            "p28": "In 2017, Kitschtone also released \"Underneath the Mistletoe\", a Guerrero original featuring gospel artist, Crystal Lewis.\n",
            "p29": "In 2017 Guerrero also performed with Chance the Rapper on the Grammy Awards television broadcast and recorded with Paul McCartney for his new album.\n",
            "p30": "In 2022, Guerrero was featured in the single \"Everybody Loves a Lover\" by Arlene & The Vantastix. The song was released on Valentine's Day and also featured Arlene's real-life husband, Dick Van Dyke, whom Guerrero had previously worked with.\n",
            "p31": "In 2022, Guerrero produced a new album for notes jazz trumpet player, Arturo Sandoval, called Rhythm & Soul. The album also features three of Guerrero's original songs.\n",
            "p32": "Guerrero's work as musician and composer has been featured on numerous films and television shows, including Thelma & Louise, High School Musical 1 & 3, Today Show, Extra, Insider, The Jonas Bros,  Keeping Up with the Kardashians, Toddlers & Tiaras, Flipping Out, and PBS specials with Jane Lynch and John Tesh.\n"
        }
    ]
}