{
    "id": "nm1783797",
    "name": "Andrew Sullivan",
    "career": [
        {
            "header": "empty",
            "p6": "Sullivan first wrote for The Daily Telegraph on American politics.[12] In 1986, Sullivan went to work for The New Republic magazine initially on a summer internship; among the most significant articles he wrote were \"Gay Life Gay Death\", an essay on the Aids crisis, and the \"Sleeping with the Enemy\" column in which he attacked the practice of \"outing\", both of which earned him some recognition among the gay community.[12] He was appointed the editor of The New Republic in October 1991, a position he held until 1996.[15] In that position, he expanded the magazine from its traditional roots in political coverage to cultural issues and the politics surrounding them. During this time, the magazine generated several high-profile controversies.[18]\n",
            "p7": "While completing graduate work at Harvard in 1988, Sullivan published an attack in Spy magazine on Rhodes Scholars, \"All Rhodes Lead Nowhere in Particular,\" which dismissed recipients of the scholarship as \"hustling apple-polisher[s]\"; \"high-profile losers\"; \"the very best of the second-rate\"; and \"misfits by the very virtue of their bland, eugenic perfection.\" \"[T]he sad truth is that as a rule,\" Sullivan wrote, \"Rhodies possess none of the charms of the aristocracy and all of the debilities: fecklessness, excessive concern that peasants be aware of their achievement, and a certain hemophilia of character.\"[19] Author Thomas Schaeper notes that \"[i]ronically, Sullivan had first gone to the United States on a Harkness Fellowship, one of many scholarships spawned in emulation of the Rhodes program.\"[19]\n",
            "p8": "In 1994, Sullivan published excerpts on race and intelligence from Richard Herrnstein and Charles Murray's controversial The Bell Curve, which argued that some of the measured difference in IQ scores among racially defined groups was a result of genetic inheritance. Almost the entire editorial staff of the magazine threatened to resign if material that they considered racist was published.[18] To appease them, Sullivan included lengthy rebuttals from 19 writers and contributors. He has continued to speak approvingly of the research and arguments presented in The Bell Curve, writing, \"The book ... still holds up as one of the most insightful and careful of the last decade. The fact of human inequality and the subtle and complex differences between various manifestations of being human\u2014gay, straight, male, female, black, Asian\u2014is a subject worth exploring, period.\"[20] According to Sullivan, this incident was a turning point in his relationship with the magazine's staff and management, which he conceded was already bad because he \"was a lousy manager of people\".[18] He left the magazine in 1996.\n",
            "p9": "Sullivan began writing for The New York Times Magazine in 1998, but was fired by editor Adam Moss in 2002. Jack Shafer wrote in Slate magazine that he had asked Moss in an e-mail to explain this decision, but that his e-mails went unanswered, adding that Sullivan was not fully forthcoming on the subject. Sullivan wrote on his blog that the decision had been made by Times executive editor Howell Raines, who found Sullivan's presence \"uncomfortable\", but defended Raines's right to fire him. Sullivan suggested that Raines had done so in response to Sullivan's criticism of the Times on his blog, and said he had expected that his criticisms would eventually anger Raines.[21]\n",
            "p10": "Sullivan has also worked as a columnist for The Sunday Times of London.[22]\n",
            "p11": "Ross Douthat and Tyler Cowen have suggested that Sullivan is the most influential political writer of his generation, particularly because of his very early and strident support for same-sex marriage, his early political blog, his support of the Iraq War, and his subsequent support of Barack Obama's presidential candidacy.[23]\n",
            "p12": "After the cessation of his long-running blog, The Dish, in 2015,[24] Sullivan wrote regularly for New York during the 2016 presidential election,[25] and in February 2017 he began writing a weekly column, \"Interesting Times\", for the magazine.[26]\n",
            "p13": "On July 19, 2020, following the unexplained absence of his column for June 5,[27] Sullivan announced that he would no longer write for New York. He announced he would be reviving The Dish as a newsletter, The Weekly Dish, hosted by Substack.[4][28]\n"
        }
    ]
}