{
    "id": "nm1711389",
    "name": "Philip Bulcock",
    "career": [
        {
            "header": "empty",
            "p0": "Bulcock's career began with the Channel 4 TV movie The Fireboy, playing Billy Maslin alongside Anita Dobson and James Hazeldine. He then moved on to the stage and appeared in Musicals such as Elvis. The Musical, Grease with Shane Richie and Luke Goss and Return to the Forbidden Planet (Shakespeare & Rock n' Roll [7] ) in Berlin, before taking time-out of his career to train as a director. Subsequently he appeared in the films Brothers directed by Susanne Bier, 28 Weeks Later directed by Juan Carlos Fresnadillo, Red Tails directed by Anthony Hemingway and Tim Burton's Dark Shadows. He also provided the voice of David Sherlock for the independent feature-length animation, A Liar's Autobiography: The Untrue Story of Monty Python's Graham Chapman.[8] On television Philip starred in the Channel 5 series Hanrahan Investigates[9]  and played a guest role in the BBC medical drama, Casualty.[10] On stage he has appeared in Golden Boy directed by Isabel Lynch at the Lyric Theatre Belfast [11]  and the West Yorkshire Playhouse, Of Mice and Men directed by Jonathan Church at the Savoy Theatre,[12] Romeo and Juliet [13]  directed by Bill Bryden, and Misery[14]  directed by Andrew Lynford and co-starring Rebecca Wheatley. He most recently appeared in The King and I directed by Bartlett Sher and Footloose directed by Racky Plews.\n"
        }
    ]
}