{
    "id": "nm1775084",
    "name": "Rebecca Gethings",
    "career": [
        {
            "header": "Television",
            "p0": "Gethings has collaborated several times with Armando Iannucci, improvising with the US cast of Veep, in which she also appears.[1] Iannucci later cast her as Helen Hatley, the ambitious special adviser to Nicola Murray in the fourth and final series of The Thick of It.[2] \nGethings played Lizzie in episode 4 of 'Extras', directed by Ricky Gervais and Stephen Merchant.\nIn March 2020, she appeared in an episode of the BBC soap opera Doctors as Fran Claverley.[3]\n",
            "p1": "Gethings has voiced a number of animated characters for children's television, advertising campaigns and documentaries. and was the voice of Maiya the Meerkat in the Compare The Market TV advertising campaign.[4]\n"
        },
        {
            "header": "Film",
            "p0": "She worked again with Ricky Gervais, playing Miriam, the head of Human Resources in David Brent: Life on the Road, released in August 2016.[5][6] Her film work also includes Casino Royale and Mad to Be Normal.\n"
        },
        {
            "header": "Theatre",
            "p0": "Gethings' stage work includes Chicken Soup with Barley at the Royal Court Theatre[7] and the West End theatre production of Maxim Gorky's Vassa.\n"
        }
    ]
}