{
    "id": "nm1727367",
    "name": "Tim Heidecker",
    "career": [
        {
            "header": "Television",
            "p0": "Heidecker and Wareheim created, wrote, and starred in Tom Goes to the Mayor, a limited animation series that aired from November 2004 to September 2006 on Adult Swim. Heidecker plays Tom, the protagonist of the show who continually brings his ideas to the Mayor (played by Wareheim) only to have them thwarted in most cases, leaving Tom worse off than when he started. According to their website, Wareheim and Heidecker had mailed copies of an early version of the show to comedian Bob Odenkirk, who agreed to take on the project as the executive producer of the series and sold it to Adult Swim.[4]\n",
            "p1": "The duo's second show, Tim and Eric Awesome Show, Great Job!, premiered in 2007, on Adult Swim. They also created and starred in Tim and Eric's Billion Dollar Movie, and appeared together as debt collectors on the Adult Swim special Young Person's Guide to History and have made guest appearances in the movie Let's Go to Prison, as well as the Scottish video game series VideoGaiden and a Version 2 episode of Mega64.[5] Heidecker also had a small role in the 2011 film Bridesmaids, and a leading role in the 2012 independent drama The Comedy, directed by Rick Alverson and also starring Wareheim. In July 2012, Heidecker starred in an episode of Workaholics. In 2012, he guest starred in Dinosaur Jr.'s music video \"Watch the Corners.\"[6] In the same year, Heidecker made a cameo appearance on the independent movie reviewing site, Red Letter Media. Heidecker appeared in an episode of the RedLetterMedia series, \"Half in The Bag.\" The episode is titled \"Season Finale: Step Up Revolution.\" Within the short sketch comedy, Heidecker plays a VCR repairman named \"Tim\". Shortly after his introduction into the scene, he flies through the ceiling and makes his exit from the skit.[7]\n",
            "p2": "Heidecker starred in a series of films for Absolut Vodka's website with Wareheim and Zach Galifianakis. In 2010, Heidecker and Wareheim directed a series of Old Spice commercials starring actor Terry Crews. Using characters and skits from Awesome Show, Heidecker and Wareheim (via their Abso Lutely Productions company) created an online-only show called \"Tim and Eric Nite Live!,\" originally broadcast on the website SuperDeluxe.\n",
            "p3": "Since 2012, Heidecker has hosted a parodic web series and podcast called On Cinema, where he and special guest (Gregg Turkington) discuss films from past and present. In 2013 an On Cinema Film Guide app was released, featuring the voices of Heidecker and Turkington reviewing over 17,000 films. Heidecker, Wareheim, Sarah Silverman, Michael Cera, and Reggie Watts announced on the podcast Comedy Bang! Bang! that they were starting a comedy YouTube channel called Jash.\n",
            "p4": "Since 2016, Heidecker has hosted the podcast and web series Office Hours Live along with Vic Berger and Doug Lussenhop. It features phone and video calls with fans, comedians, musicians, and political commentators.[8]\n",
            "p5": "The duo's anthology horror series, Tim and Eric's Bedtime Stories, aired on Adult Swim from 2014 to 2017. A sitcom starring the duo, Beef House, premiered in March 2020.\n",
            "p6": "On October 23, 2020, Heidecker released his first stand-up comedy special, An Evening With Tim Heidecker, on YouTube. Filmed in the style of a typical standup special, Heidecker's special is a \"parody\" of the format in which he deliberately plays a hack stand-up comic.[9]\n"
        },
        {
            "header": "Music",
            "p0": "Heidecker played in various indie rock bands while in Philadelphia. He made an appearance in the 2008 Ben Folds and Regina Spektor music video entitled \"You Don't Know Me\".\n",
            "p1": "Although Davin Wood composed the music for Awesome Show, Heidecker would sometimes sing and write lyrics. Williams Street Records released both Awesome Record, Great Songs! and Uncle Muscles Presents Casey And His Brother in 2008, featuring music from the first two seasons. Wood previously composed the music for Tom Goes To The Mayor, and he and Heidecker form the duo Heidecker & Wood. Inspired by 1970s soft rock, they released their first album, Starting From Nowhere, on March 15, 2011.[10] The duo released a second album in the same style on November 12, 2013, Some Things Never Stay the Same. They cite the influence of Randy Newman, Warren Zevon, Harry Nilsson, and Boz Scaggs.[11]\n",
            "p2": "In 2012, Heidecker contributed a parody campaign jingle for Herman Cain's presidential bid titled \"Cain Train\".[12] This was the first of nine songs which would eventually become a full album, titled Cainthology: Songs in the Key of Cain. All of the proceeds from the album's sales go to benefit the Violence Intervention Program.[13] The number nine was chosen as the number of songs, and $9.99 the original price, in reference to Herman Cain's 9-9-9 financial plan.\n",
            "p3": "Before the release of Bob Dylan's album Tempest in September 2012, Heidecker released a Dylan pastiche called \"Titanic\", spoofing the news that the album would feature a 14-minute track about the RMS Titanic.[14] In 2013, he released two more Dylan parodies\u2014\"Running Out the Clock\", inspired by Dylan's 1983 album Infidels, and \"Long Black Dress\", a song in the actual style of Dylan's album Tempest\u2014and collaborated with the indie band The Earth is a Man on a cover of Dylan's \"All the Tired Horses.\"\n",
            "p4": "In 2013, Heidecker released the album Urinal St. Station under the Drag City label with his band, The Yellow River Boys.[15] The lead single, \"Hot Piss,\" was released in June 2013.[16] Vice Magazine named Urinal St. Station as the best album of 2013.[17]\n",
            "p5": "Heidecker and Davin Wood composed and performed the song \"Weatherman\" which was used in the 2014 film The Age of Reason.\n",
            "p6": "In June 2014, Heidecker and Wareheim released a 12\u2033 single, \"Jambalaya\", as Pusswhip Banggang.[18]\n",
            "p7": "Heidecker's solo album In Glendale was released in May 20 2016, on Rado Records.\n",
            "p8": "He released Too Dumb for Suicide: Tim Heidecker's Trump Songs via Jagjaguwar on November 8, 2017, a year to the date since Trump's presidential victory.[19]\n",
            "p9": "In August 2020, Heidecker announced Fear of Death, a concept album featuring members of Foxygen, The Lemon Twigs, and Weyes Blood, slated for release on September\u00a025 from Spacebomb Records.[20]\n",
            "p10": "Heidecker's sixth album, High School, was released June 24, 2022 on Spacebomb Records [21] followed by a supporting North American tour.[22]\n"
        }
    ]
}