{
    "id": "nm1883803",
    "name": "Jesse Garcia",
    "career": [
        {
            "header": "empty",
            "p13": "Garcia starred in the award-winning film Quincea\u00f1era, written and directed by Wash Westmoreland and Richard Glatzer with executive producer Todd Haynes, which won both the Grand Jury Prize and the Audience Award at the 2006 Sundance Film Festival in the Dramatic Independent Feature Competition. Quincea\u00f1era was also selected to play at the 2006 Berlin Film Festival. Garcia won Best Actor at the 2007 ALMA Awards for his role as Carlos, a troubled gay teenager, in Quincea\u00f1era. He appeared in the thriller Locker 13 in 2009. He recently made a cameo appearance on Marvel's The Avengers in 2012.\n",
            "p14": "Garcia was born in Rawlins, Wyoming, and spent most of his childhood in Hanna, Wyoming.[1] He was raised as a Jehovah's Witness, though he no longer practices that faith.[2][3] his sister one year younger worked oilfield trucking for over 19 years. His father is from the Mexican state of Durango and his mother, a native of Wyoming, is of Spanish and Mexican descent.[2][4]\n",
            "p15": "He appeared in the 2010 revival of The Pee-wee Herman Show[5] and in the 2010 music video of Wisin & Yandel's \"Estoy enamorado\".\n"
        }
    ]
}