{
    "id": "nm1807687",
    "name": "Hugh Scott",
    "career": [
        {
            "header": "empty",
            "p3": "Scott was admitted to the bar in 1922 and then moved to Philadelphia, Pennsylvania, where he joined his uncle's law firm.[10] Two years later, he married Marian Huntington Chase to whom he remained married until her death in 1987. The couple had one daughter, Marian.[9]\n",
            "p4": "Scott, who had become a regular worker for the Republican Party, was appointed assistant district attorney of Philadelphia in 1926[10] and served in that position until 1941. He claimed to have prosecuted more than 20,000 cases during his tenure.[12] From 1938 to 1940, he served as a member of the Governor's Commission on Reform of the Magistrates System.[11]\n"
        }
    ]
}