{
    "id": "nm1832674",
    "name": "Richard Christy",
    "career": [
        {
            "header": "Music",
            "p0": "In 1992, the 18-year-old Christy decided to pursue music in college in Kansas. In the week before he was set to begin, he heard one of his favourite bands, Public Assassin from Springfield, Missouri, were looking for a new drummer. After a successful audition in August 1992, he chose to join them rather than study.[10] He then moved from his Fort Scott home and into \"an old warehouse\" in Springfield,[5] and played on \"Raw as Fuck\", a same-titled mini-CD, and a demo titled Murdered. They toured the midwest across 1993, playing covers.[11] As he needed further income to support himself, Christy learned to become a residential electrician. In December 1993, Christy and Public Assassin guitarist Steve Childers formed a comical group, Skip Skiffington and The Elite, with Skiffington on vocals and Rick Granberg on keyboards. During this time, Christy played in a \"joke punk band\" with several friends named Pisser, playing GG Allin and Cocknoose covers.[10] In 1995, Public Assassin disbanded after Christy and Childers had several differences with singer/bassist Greg Ponder.[12][11]\n",
            "p1": "In late 1995, Christy and Childers formed Burning Inside new recruits Jamie Prim on vocals/bass and, later on, Michael Estes on guitar.[13] To increase their potential, the group relocated in February 1996 to Orlando, Florida, an area favourable for the metal scene.[10][14] Christy arrived by car, carrying everything he owned.[4] They toured, recorded songs for five metal tribute albums, and produced a six-song demo tape of new material released as The Eve of the Entities (2000).[11][13] Christy stayed in Florida for eight years. His income from music and electric work was limited, so he could only afford accommodation in a storage unit where he also kept and practised his drums[5] for as much as six hours each day. With only an outside garden hose to shower with, he later wrote a song about his appreciation for more comfortable living named \"The Beast Outside My Window\".[15] Christy joined local metal group Acheron, touring and playing on Anti-God, Anti-Christ (1996) and Necromanteion Communion (1998). His boss at his electrical company allowed him to spend time away to record and tour with his bands.[16][4]\n",
            "p2": "In 1997, Christy met fellow Orlando resident, singer and guitarist Chuck Schuldiner, in a chance encounter at a Florida book store in Altamonte Mall.[10][4] Schuldiner was, and remains, an influential figure in Christy's career. Christy was a big fan of Schuldiner's metal band Death, so when he learned the group needed a drummer his friends suggested his name and he was offered an audition.[16] Christy knew \"all of their albums ... back and forth\",[5] and auditioned with only Schuldiner and himself present.[4] The audition was a success, and Christy played on The Sound of Perseverance (1998), an album he called \"the album I'm most proud of\".[15] In May 1998, Christy toured Europe for four months with Death, which included a spot at the Dynamo Open Air festival in the Netherlands in front of 35,000 people.[4] A friendship and musical camaraderie with Schuldiner also brought Christy into the line-up of Schuldiner's progressive metal group, the more melodic Control Denied.[4] Christy played drums on their debut album, The Fragile Art of Existence (1999) and When Man and Machine Collide, an incomplete album that is yet to be released.[15][6][7] The two became close friends, and Christy would spend several Thanksgiving holidays with Schuldiner's family. In December 2001, Schuldiner died from brain cancer. Christy remains close with the family.[6]\n",
            "p3": "Between 1999 and 2004, Christy became a member of Iced Earth and Leash Law,[15] timing his schedule in order to perform in multiple bands at once.[14] In April 2000, he played with Incantation on their tour in support of The Infernal Storm (2000), playing to audiences of several hundred at each show.[17][4] Afterwards, he toured Europe with Demons and Wizards,[18] playing festivals of up to 20,000 people in attendance.[14] He landed the gig in Iced Earth through contacts he knew at Century Media Records, a prominent heavy metal label.[5] His first live gigs with them followed in August 2000, playing festivals including the Wacken Open Air festival in Germany.[4]\n",
            "p4": "In 2004, Christy began a five-and-a-half year hiatus as an active musician, but kept in touch with the metal scene by practicing his drums, attending local concerts, and writing articles for several publications.[7][14] By 2008, he started to write new material, playing the guitar more than he had done previously, and ended up with an entire album in demo form.[7] He signed a recording deal with Metal Blade Records in 2009 to release an album with his metal supergroup, Charred Walls of the Damned. He asked his first choice of musicians to take part in the project: bassist Steve Di Giorgio, vocalist Tim \"Ripper\" Owens and guitarist Jason Suecof.[6] It took roughly three months for Christy to settle on the band's name, and had around 200 possible names as \"every good band name has been taken\".[6] Their self-titled debut album was released in 2010. Their second, Cold Winds on Timeless Days, followed in 2011. Christy named the latter as the first letter of each word matched the band's initials.[16]\n",
            "p5": "Christy has performed live with Dream Theater,[19] \"A Favor House Atlantic\" with Coheed and Cambria,[20] Tiwanaku, Rick Renstrom, and Wykked Wytch.\n",
            "p6": "Sometime after 2011, Christy put together music that featured his three guinea pigs.  Three of the songs were released under the band name Boar Glue as part of a split EP with Hatebeak, another band that features an African grey parrot.[21]\n"
        },
        {
            "header": "The Howard Stern Show",
            "p0": "Christy became an avid listener of The Howard Stern Show in 1996 when he moved to Florida,[4] listening to the program \"every morning religiously\" with headphones while he worked as an electrician.[6] After he obtained the number to reach the show's answering machine from the Internet, he began to submit comical voicemail messages in 1999,[4] that were played frequently on the air.[12] From 2001, Christy began to send in song parodies and bits about staffers Robin Quivers and K.C. Armstrong.[4] He made his debut appearance on April 24, 2003, when the show was broadcast from the Hard Rock Hotel and Casino in Las Vegas. Christy lost a round of blackjack in hope of winning a date with a porn star.[22]\n",
            "p1": "Following the departure of \"Stuttering John\" Melendez in February 2004,[23] Stern announced the Get John's Job contest a month later, pitting ten listeners who had contributed to the show against each other in competition for the vacated position. Each contestant was given a week to display their talents they could bring to the show, after which the listeners voted online for their favorite. Christy produced a required demo CD of his bits, and was selected to compete for the prize of an initial three-month contract and $25,000.[24][4] Leaving Iced Earth was a difficult decision for Christy, but felt he could not waste the opportunity to pursue his \"dream job\" and work for Stern.[4] He had also grown tired of living in Florida, and wished to move.[25] On July 1, 2004, Christy won the contest with 30% of the vote; Sal Governale was second with 24%.[26] By September 2004, both had joined the show as full-time staff members.[27][4] Christy then relocated from Florida to New York City, where the show is based.[7]\n",
            "p2": "Christy has become known on the show for his prank calls, song parodies,[4] and outrageous stunts, usually performed with Governale.[7] He faced challengers in porn trivia in Stump the Perv,[28] vomited on guests,[27] received a bikini wax,[14] and painted his genitals. From 2005, Christy performed nationwide as a stand-up comedian as part of the Killers of Comedy Tour with other show cast members.[4]\n",
            "p3": "In 2006, the show relocated to Sirius XM Radio. Christy hosted a semi-regular metal show on the Liquid Metal channel named Richard Christy's Heavy Metal Hoedown. Christy also hosted Inside the Porn Actors Studio on Howard 101, an interview series that parodied the television series Inside the Actors Studio with porn actresses, with Christy filling the role of host James Lipton.\n"
        },
        {
            "header": "Film and television",
            "p0": "Christy once dreamed of a career in film after he saw Brad Pitt, from nearby Springfield, Missouri, in Interview with the Vampire. He hung up posters of Pitt in his New York City apartment, and once worked at a computer store owned by Pitt's parents.[29] He has been a fan of horror films since his youth, and rates Halloween (1978) as his \"faaavorite\".[25] In the mid-1990s, while living in Missouri, he started to make his own independent, low budget films. His first, Evil Ned 2, a horror comedy was made in 1994. This was followed by its sequel, Evil Ned 3: The Return of Evil Ned 2 \u2013 Electric Boogaloo, in 1995,[12] with a plot involving \"dirty magazines, huge hog testicles, gay monsters, Amish erotica, and evil talking ducks\".[30] The film was produced for $250,[31] \"200 of which was spent on beer\".[30] The film premiered at a Missouri hotel,[12] and was made available online in 2007.[30] In 2001, Christy released his feature-length film, Leaving Grunion County. Its premiere was held at the Enzian Theater in Maitland, Florida that April.[10]\n",
            "p1": "In 2006, Christy and Governale wrote, directed, and starred in the 30-minute comedy film Supertwink for Stern's on-demand digital cable service Howard Stern On Demand. It premiered at the Pioneer Theater in New York City on January 4, 2006. The film was reviewed by critic Richard Roeper, who panned it.[32] In 2007, Christy appeared in Harold & Kumar Escape from Guantanamo Bay playing the role of a Ku Klux Klansman named Kenny.[6][33] In the same year, he landed his first television role Rescue Me, portraying a \"really creepy guy at end of bar\".[34] In 2009, he appeared as Caleb in the horror film Albino Farm.[6][35] Also in 2009, Christy and Governale appeared in the 2009 horror novel Castaways, written by horror and crime novelist Brian Keene.[36] Christy has recorded voiceovers for the Adult Swim shows Metalocalypse[37] and Rick and Morty. He guest appeared on the Cartoon Network series Uncle Grandpa, playing Ric. Christy later made a cameo in Guardians of the Galaxy Vol. 2 as a character simply named \"Down There!\".[38]\n",
            "p2": "Christy has written articles for Decibel magazine about his love for horror films, named \"Richard Christy's Horrorscope\".[7]\n"
        }
    ]
}