{
    "id": "nm1813332",
    "name": "Daniel Negreanu",
    "career": [
        {
            "header": "empty",
            "p38": "Negreanu is an accomplished tournament and cash game player. He has six World Series of Poker (WSOP) bracelets and two World Poker Tour (WPT) championships. He has also reached multiple WSOP and WPT final tables and won various other tournament titles. Negreanu was named the 2004 Card Player Player of the Year[15] and the WSOP Player of the Year.[2] He was also named the 2004-05 WPT Player of the Year. In 2006, Negreanu was named \"Favorite Poker Player\" at Card Player Magazine's Player of the Year Awards Gala. In 2013, he captured two WSOP bracelets and another WSOP Player of the Year award, becoming the only player to win the award twice.[16] In November 2014, Negreanu was inducted into the Poker Hall of Fame in Las Vegas.\n",
            "p39": "Negreanu has regularly played the \"Big Game\" in Bobby's Room, in the Bellagio casino, Las Vegas, where the limits are $400\u2013$800 or greater and the games are mixed. He is a self-professed action junkie who claims to always seek new challenges and set high goals for himself. Unlike many players, he is outspoken about his results and regularly posts updates in the Full Contact Poker forums. Some of Negreanu's success is attributed to his ability to read opponents. When asked about this, Negreanu explained that the most important skill he employs is observing what hands his opponents play and how capable they are of playing them.[17]\n"
        },
        {
            "header": "Tournament poker",
            "p0": "Negreanu's first cash at the WSOP was also his first WSOP bracelet. Negreanu won $169,460 in the $2,000 Pot Limit Hold'em event in the 1998 World Series of Poker, becoming the youngest WSOP bracelet winner in history \u2014 a record he held until 2004 (Scott Fischman). Negreanu has since captured another five bracelets. He has 36 career WSOP final table appearances, including two apiece at the WSOP Europe and at the WSOP Asia-Pacific, and 103 money finishes.[2]\n",
            "p1": "An \"A\" following a year denotes bracelet(s) won at the World Series of Poker Asia-Pacific\nAn \"E\" following a year denotes bracelet(s) won at the World Series of Poker Europe\n",
            "p2": "In addition to his 6 bracelets, he also won a WSOP Circuit ring in 2006.\n",
            "p3": "Negreanu's first major successes on the tournament poker scene came in 1997 with three tournament wins, including two events at the World Poker Finals at Foxwoods Resort Casino, earning $55,064 and being named the tournament's best all-around player.\n",
            "p4": "In November 2008, Negreanu won the fourth-annual British Columbia Poker Championships main event, topping a field of 690 players (a personal high for Daniel), and earning $371,910 CAD (US$299,951).[18]\n",
            "p5": "In 2014, he was the runner-up in The Big One for One Drop which paid him $8,288,001. The event was held at the WSOP but was not eligible for a WSOP bracelet.\n",
            "p6": "Negreanu won $1 million as the winner of the 2016 Shark Cage tournament organized by PokerStars.net.[19]\n",
            "p7": "As of January 2020, his total live tournament winnings exceed $42,000,000.[20] His 112 cashes at the WSOP account for over $14,000,000 of those winnings.[2]\n",
            "p8": "In October 2022 he won $3.312 million in the $300,000 buy-in Super High Roller Bowl VII.[21]\n",
            "p9": "In addition to Negreanu's regular appearances in the big game at Bobby's Room, he played in all seven seasons of the television show High Stakes Poker. He also played in two seasons of PokerStars Big Game.\n"
        },
        {
            "header": "Online poker and sponsorship",
            "p0": "In December 2005, Negreanu became the professional spokesperson for an online poker site called Poker Mountain. He played at this cardroom under the screen name \"KidPoker\". In June 2005 he announced his decision to terminate that relationship due to software issues that were problematic enough to cause a shutdown of the site.[22] In 2006, he used Full Contact Poker to launch a competition to select a prot\u00e9g\u00e9, whom Daniel would attempt to mold into a world-class live tournament poker player. He agreed to pay the prot\u00e9g\u00e9's entry fee into four $10,000 buy-in events. Daniel's first prot\u00e9g\u00e9 was Brian Fidler. In 2007, Daniel ran a second prot\u00e9g\u00e9 promotion, which was won by Anthony Mak.\n",
            "p1": "In June 2007, Negreanu signed with PokerStars, joining Chris Moneymaker and many other professional poker players as a member of Team PokerStars.[1] His Full Contact Poker site has since returned to being a forum and informational site. After \"Black Friday\" (the 2011 US government crackdown on online poker), Negreanu moved back to Canada in order to continue playing online poker on PokerStars.\n",
            "p2": "On May 23, 2019, after nearly 12 years as a member of Team PokerStars, Negreanu announced he and PokerStars were parting ways.[23]\n"
        },
        {
            "header": "Heads-up challenge",
            "p0": "On July 29, 2020, after a years-long feud with fellow poker pro Doug Polk, Negreanu publicly accepted a challenge to a high-stakes grudge match. They played 25,000 hands of No-Limit Texas Hold'em at $200/$400 stakes.[24][25] The duel ended on 4 February 2021 with Polk winning approximately $1,200,000 over 25,000 hands.[26]\n"
        },
        {
            "header": "High Stakes Duel II",
            "p0": "In 2021, Daniel Negreanu challenged Phil Hellmuth to a heads up match after Phil Hellmuth was critical of Daniel's plays in his heads up match against Doug Polk. The two played three rounds in the High Stakes Duel II by PokerGo, with the buy-in doubling from the initial $50,000 to $200,000 by the third round. Phil Hellmuth beat Negreanu in all three rounds,[27] winning a total of $350,000. As per the rules, he was allowed to cash out his winnings after winning three rounds, although Negreanu wanted to continue playing.\n"
        },
        {
            "header": "Poker Masters",
            "p0": "In September 2021, Daniel Negreanu had some success in PokerGo's Poker Masters tournaments. He placed 3rd in Poker Masters 2, a $10,000 buy-in event, and won $103,200. He placed 1st in Poker Masters 5, another $10,000 buy-in event, winning $178,200. In the tenth event, a $25,000 buy-in tournament, he placed 3rd for $152,000.[28]\n"
        },
        {
            "header": "Other poker activities",
            "p0": "Upon opening, the Wynn Las Vegas resort recruited him as their \"Poker Ambassador\" to play for any stake in their poker room. The arrangement lasted until October 2005, when he opted out because it was restricting his ability to play for high stakes outside the Wynn.\n",
            "p1": "Negreanu has played poker on various TV shows such as Late Night Poker, Poker After Dark, and High Stakes Poker, as well as serving as a commentator and stand-in host on Ultimate Poker Challenge. He also appeared in the third season of Poker Superstars Invitational Tournament. In January 2007, Negreanu appeared in the Fox Reality original series Rob and Amber: Against the Odds, in which he mentored reality television personality Rob Mariano in his bid to become a professional poker player.\n",
            "p2": "In May 2008, Negreanu's book Power Hold'em Strategy was released. The book resembles the Doyle Brunson book Super/System in that it has contributions from several other poker players, including Evelyn Ng, Erick Lindgren, Paul Wasicka, Todd Brunson, and David Williams. Negreanu's section presents and explains the strategy of small ball poker. Negreanu is also featured in the 2006 poker video game Stacked with Daniel Negreanu, providing tips and hints as to how to play effectively. He has written over 100 articles for CardPlayer Magazine and contributed to Doyle Brunson's revised book, Super System II. He has tutored on the web as part of Poker School Online and also personally given lessons to celebrities such as Tobey Maguire and Shannon Elizabeth. In addition to his poker books, Negreanu has created a 38 section Master Class teaching poker theory and play through video.[29]\n"
        }
    ]
}