{
    "id": "nm1910344",
    "name": "Debbie Stabenow",
    "career": [
        {
            "header": "Ingham County politics",
            "p0": "While a graduate student at Michigan State University in 1974, Stabenow ran for public office for the first time, inspired by the threatened closure of a local nursing home. She won her first election in November 1974, becoming just the third woman elected to the Ingham County Board of Commissioners, on which she served from 1975 to 1978. Stabenow was the first woman and youngest person to date to chair the board of commissioners in 1977 and 1978. She was preceded as chair by one of her political mentors, Ken Hope. She was also instrumental in establishing a women's commission in Ingham County.[3]\n"
        },
        {
            "header": "State legislature",
            "p0": "In 1978, Stabenow challenged Michigan State Representative Tom Holcomb in a primary election. She won the primary and eventually the general election for the 58th House District. Stabenow served in the Michigan House of Representatives from 1979 to 1990. She became a force in state Democratic politics and the first woman in House leadership to preside over the House. In 1990, Stabenow ran for the Michigan Senate seat being vacated by William A. Sederburg. She won the election, taking office in 1991 and serving one term through 1994.[3]\n"
        },
        {
            "header": "1994 gubernatorial election",
            "p0": "In 1994, Stabenow ran in Michigan's Democratic gubernatorial primary to challenge incumbent Republican John Engler in the general election. U.S. Congressman Howard Wolpe won the primary with a plurality of 35% of the vote to Stabenow's 30%. After the primary, Wolpe chose Stabenow as his running mate, and she appeared on the general election ballot as the Democratic nominee for lieutenant governor.[4] Engler defeated the Wolpe\u2013Stabenow ticket, 61%\u201338%.[5]\n"
        },
        {
            "header": "U.S. House of Representatives",
            "p0": "In 1996, Stabenow ran for a seat in the United States House of Representatives, challenging incumbent Republican U.S. Congressman Dick Chrysler for the opportunity to represent Michigan's 8th congressional district. She defeated Chrysler 54%\u201344%.[6] In 1998, she was reelected with 57% of the vote.[7] In the House, Stabenow served on the Agriculture and Science Committees.[8]\n"
        }
    ]
}