{
    "id": "nm1940449",
    "name": "Andrew Garfield",
    "career": [
        {
            "header": "empty",
            "p10": "Garfield played the role of Prior Walter in Tony Kushner's two-part play Angels in America at the Lyttelton Theatre in the National Theatre, London from April to August 2017, and the performance was broadcast live to cinemas around the world in summer 2017 through the National Theatre Live series. It was directed by Marianne Elliott and co-starred Nathan Lane, James McArdle, Russell Tovey, and Denise Gough.[94][95] Paul T Davis of The British Theatre Guide wrote that Garfield was \"transformative and unrecognisable in places, completely inhabiting camp, laconic, frightened and totally loveable Prior Walter\".[96] He was nominated for the Laurence Olivier Award for Best Actor.[97]\n",
            "p11": "Garfield's sole film release of 2017 was the biopic Breathe, in which he portrayed Robin Cavendish, a young man paralysed by polio. In preparation, he interacted with individuals who had polio and collaborated closely with Cavendish's wife and son.[98] Stephen Dalton of The Hollywood Reporter wrote that despite an exceptional story, the film had glossed over the complexities in Cavendish's life, and thought that Garfield was \"hampered by a role that restricts him to little more than nodding and grinning\".[99] In March 2018, Garfield reprised the role of Prior when the Angels in America production transferred to Broadway for an eighteen-week limited engagement at the Neil Simon Theatre, alongside a majority of the London cast.[100] Reviewing the production for The Washington Post, Peter Marks remarked that \"nothing [Garfield's] done prepares you for the star-powered dexterity of his Prior\" and considered his performance to be the \"persuasive moral core of the piece.\"[101] He won the Tony Award for Best Actor in a Play for his performance.[102]\n",
            "p12": "The 2018 Cannes Film Festival marked the premiere of Garfield's next film, the David Robert Mitchell-directed neo-noir Under the Silver Lake. In it, he played Sam, an unemployed and wayward young man who sets out on a journey to find his neighbour who has mysteriously disappeared.[103] Writing for Vanity Fair, Richard Lawson found Garfield to be \"great in the role, doing nimble, subtle bits of physical comedy and teasing out the creepy, menacing side of Sam\".[104] Garfield starred in Gia Coppola's drama Mainstream, alongside Maya Hawke and Jason Schwartzman, which had its world premiere at the 2020 Venice Film Festival.[105][106][107]\n",
            "p13": "In 2021, Garfield starred in The Eyes of Tammy Faye opposite Jessica Chastain, a drama about the televangelists Tammy Faye and Jim Bakker,[108] which had its world premiere at the 2021 Toronto International Film Festival.[109] That same year, Garfield portrayed composer Jonathan Larson in Lin-Manuel Miranda's film adaptation of Tick, Tick... Boom!.[110] Miranda had first seen Garfield performing on stage in Angels in America. Garfield, who had not professionally sung before, underwent vocal training in preparation for the role.[111] The film was released on Netflix.[112] For his performance, Garfield received the Golden Globe Award for Best Actor in a Motion Picture Musical or Comedy, and a nomination for the Academy Award for Best Actor.[113][114] Despite issuing repeated public denials to the contrary, Garfield reprised his role as Spider-Man in the Marvel Cinematic Universe film Spider-Man: No Way Home, starring alongside his Spider-Man successor Tom Holland and predecessor Tobey Maguire.[115] Garfield described his experience working on the film as \"joyful\", and said that it gave him \"closure\" with his version of the Spider-Man character. He also said that he would be open to reprising the role in future if it felt right.[116]\n",
            "p14": "In 2022, Garfield was included on Time magazine's annual list of 100 most influential people in the world.[117] He starred in Dustin Lance Black's miniseries Under the Banner of Heaven, an adaptation of Jon Krakauer's book of the same name, that same year.[118] Reviewing the miniseries, Vulture's Kathryn VanArendonk highlighted Garfield's \"almost flagrantly tender portrayal\" of Jeb Pyre, a Mormon detective.[119] His performance earned him a Primetime Emmy Award nomination for Outstanding Lead Actor in a Limited or Anthology Series or Movie.[120]\n"
        }
    ]
}