{
    "id": "nm1959501",
    "name": "Babou Ceesay",
    "career": [
        {
            "header": "empty",
            "p6": "Ceesay's first major role was in a horror/comedy film, Severance. Two years later he got a role on TV in an episode of Whistleblower. He made guest appearance in multiple British TV shows including Silent Witness, Law & Order: UK, Casualty, Strike Back, Luther, Getting On and Lewis.\n",
            "p7": "In 2013, he worked in the Nigerian film, Half of a Yellow Sun, alongside Thandiwe Newton, Chiwetel Ejiofor, and another rising star, John Boyega.[3] In 2014, he worked on '71.\n",
            "p8": "In 2015, he was cast in NBC's  TV drama, A.D. The Bible Continues as John the Apostle.[4] He also appeared in the thriller Eye in the Sky (2015)[5] and the British action comedy Free Fire (2016), set in Boston, and starring Brie Larson, Sharlto Copley, and Armie Hammer.\n",
            "p9": "He made a return to television with a major role in the Channel 4 drama, National Treasure as Jerome Sharp, Paul Finchley's (played by Robbie Coltrane) lawyer.[6] He then signed up for and starred in a BBC One television movie, Damilola, Our Loved Boy, based on the murder of Damilola Taylor, a ten-year old Nigerian boy living in Peckham, London and the trial which followed.[7] He played the role of the father, Richard Taylor for which he received a BAFTA nomination for Best Actor.[8]\n",
            "p10": "In August 2016, he was cast in the British miniseries, Guerrilla, alongside Idris Elba and Freida Pinto.[9]\n",
            "p11": "In 2019, he was cast as Manny Mensah in the BBC One drama television series Dark Money, with John Schwab and Joseph May. He also performed in the American civil rights drama, The Best of Enemies (2019), \nadapted from a history about school integration and an unlikely alliance in a town in North Carolina.\n",
            "p12": "In 2020, Ceesay was cast as DI Jackson Mendy in the Alibi television series We Hunt Together, with Eve Myles, Hermione Corfield, and Dipo Ola in the other main roles.[10] In 2021, Paul Abbotts crime drama Wolfe premiered on Sky, in which Ceesay plays the title role as a forensic scientist in Manchester.\n"
        }
    ]
}