{
    "id": "nm1981177",
    "name": "Luke Cook",
    "career": [
        {
            "header": "empty",
            "p14": "While studying acting in Sydney, Cook met a manager from Los Angeles who encouraged him to move to California which he did at the age of 22.[4] Cook spent ten years in LA pursuing acting before his big break and noted that he was given some great opportunities to be on major shows, but issues popped up along the way;\u00a0\"Looking back, there\u2019s a very funny story. When I got off the plane, I had two big tv shows booked, and couldn't do them because of my visa. I even thought to myself whenever I booked them, 'I haven't worked hard enough for this,' and as soon as I thought that, I couldn't work because of my visa. After that I didn't book anything for years. Then I had to grind and grind for years. It's funny the way the universe works, or God, or whatever you like to call it.\"[2] In between acting roles Cook worked as a bartender and credits the decade of struggle for helping him to not take anything for granted.[2]\n",
            "p15": "The first role he scored in Los Angeles was the sitcom Mystery Girls starring Tori Spelling and Jenny Garth. Cook played RuPaul's evil assistant.[4]\n",
            "p16": "In 2016, Cook wrote and performed the starring role in the short film Good Morning. The film was an official selection at a number of film festivals, and Cook won the 2017 Flagler Film Festival award for Best Actor, Drama/Thriller.[5]\n",
            "p17": "In 2017, Cook made his feature film debut in \"Guardians of the Galaxy Vol. 2.\".[6] In the same year he played opposite Al Pacino in the theatre production of \"God Looked Away\".[7][8]\n",
            "p18": "Playing the role of Lucifer Morningstar, the devil, Cook shot the first series of Chilling Adventures of Sabrina in November 2018 and the next series in July 2019.[8]\n",
            "p19": "In September 2019, Cook shot Katy Keene in which he plays Guy LaMontagne.[8]\n",
            "p20": "In 2020, Cook wrapped on indie film Eye Without A Face in which he stars as a con man. In the same year he starred in Australian indie film How Do You Know Chris in the title role.[6]\n",
            "p21": "In February 2021, Cook was announced in the upcoming fourth season of Dynasty and will play Kirby's ex-boyfriend Oliver.[9]\n",
            "p22": "In July 2021, it was confirmed that Cook will be joining the second season of Dollface as a recurring guest star.[6]\n",
            "p23": "In most of 2021 and 2022, he's become a mainstay on TikTok.\n"
        }
    ]
}