{
    "id": "nm2036142",
    "name": "Nathalie Kelley",
    "career": [
        {
            "header": "empty",
            "p8": "In 2005, Charmed executive producers Brad Kern, Aaron Spelling and E. Duke Vincent developed a one-hour pilot for The WB titled Mermaid.[1][2] Kelley was cast as the series protagonist Nikki, a mermaid who is rescued by a young man when she washes ashore in Miami. The pilot was not picked up as a result of The WB and UPN merging into The CW; the resulting network passed on the show.[1][3]\n",
            "p9": "In June 2006, Kelley received her breakout role as Neela in the film The Fast and the Furious: Tokyo Drift, the third installment of Fast & Furious franchise.[1] In March 2008, Kelley appeared in the low-budget drama crime film Loaded alongside Jesse Metcalfe. In March 2011, Kelley had a small role in the retro comedy film Take Me Home Tonight, which starred Topher Grace, Anna Faris and fellow Australian Teresa Palmer. The film was shot in Los Angeles in 2007 but its release was delayed by Universal Pictures for unknown reasons. The following month, Kelley appeared as the protagonist in the low-budget horror film Urban Explorer, which follows a group of four urban explorers who explore an underground world beneath metropolitan Berlin.\n",
            "p10": "In 2010, Kelley played the love interest in the music video for the Bruno Mars song \"Just the Way You Are\". In August 2011, Kelley signed on in a major recurring role in the second season of the ABC crime drama television series Body of Proof. Kelley appeared as Dani Alvarez in ten episodes and made her final appearance in the episode \"Going Viral Part One\".[4] In 2012, Kelley played a vampire princess in the video clip \"Luna Llena\" from Puerto Rican reggaeton duo Baby Rasta & Gringo. In 2014, she won a regular role in the Lifetime series Unreal.[5] From 2016 to 2017, Kelley appeared as Sybil in the final season of The CW television series The Vampire Diaries.\n",
            "p11": "Kelley starred as Cristal in the first season of The CW's Dynasty reboot, from 2017 to 2018.[6][7] In 2020, she debuted in the lead role of Noa Hamilton in the ABC series The Baker and the Beauty.[8][9]\n"
        }
    ]
}