{
    "id": "nm2099110",
    "name": "\u00c1g\u00fasta Eva Erlendsd\u00f3ttir",
    "career": [
        {
            "header": "Acting",
            "p0": "\u00c1g\u00fasta Eva studied acting at the \u00c9cole Philippe Gaulier theatre school in Paris[3]\nIn 2005, she won an Edda Award for Best TV Personality and Best TV Show for her performance as Silv\u00eda Night.[4] While in character, she was voted sexiest woman in Iceland by listeners of the national radio station RUV; as herself, she wound up in fourth place.[citation needed]\n"
        },
        {
            "header": "Music",
            "p0": "\u00c1g\u00fasta Eva was a member of the bands Kritikal Mazz and Ske, and in 2005 began a solo career.[5]\n"
        }
    ]
}