{
    "id": "nm2163847",
    "name": "Maureen Brennan",
    "career": [
        {
            "header": "empty",
            "p13": "Brennan's first teaching role was as a Geography and PE teacher at St Chad's RC School - a split site school between Aston and Hockley. She then moved to Ladywood School in 1980 where she was Head of Geography. After spending five years working with the Birmingham Advisory and Support Service as a Staff Development Tutor and Equal Opportunities Coordinator, in 1990 she moved to Great Barr School in Great Barr, Birmingham\n",
            "p14": "Brennan worked at Great Barr as a Deputy Head Teacher to over 2,400 students. After a decade at Great Barr, she took over as Principal of Hillcrest School and Community College. Brennan let it be known that Hillcrest School had \"no structures, systems or routines\" when she took over in September 2000 when it was in special measures. By 2003 the school was rated as \"very good\" by Ofsted and had \"rapidly and impressively improved over the last two and a half years from weakness to its present high position.[1] The School's progress was recognised by the accolade of a national School Achievement Award in 2002. By 2007, Hillcrest was rated Outstanding by Ofsted and Brennan was praised for the turnaround at the school. The report said \"Leadership and management at all levels are of the highest standard and make an outstanding contribution to raising attainment within the school.\"[2]\n",
            "p15": "One of her recipes for changing that was the introduction of a \"house system and a prefectorial system\". She introduced formal routines such as pupils standing up when someone walks into the classroom; she also got rid of the bells that sounded the end of each lesson. Other measures included a sin bin or exclusion room (dubbed the \"doom room\" by the pupils) where misbehaving pupils could go for a period of isolation from their peers.[citation needed]\n",
            "p16": "In April 2007, Brennan was appointed as Headteacher of Barr Beacon School, which was also in Special Measures at the time. By 2011, the school was rated Good by Ofsted and since 2014 has been rated Outstanding. Brennan was again praised in the reports. \"The Headteacher is relentless in her pursuit for excellence and has brought about significant improvements in the quality of teaching and learning, and the achievement and behaviour of pupils.\"[3]\n",
            "p17": "In 2017, Brennan was appointed as CEO of Matrix Academy Trust.[4] The Trust currently sponsors five schools across the Midlands, holding over 5,500 students. Both Etone College and Bloxwich Academy have improved from Inadequate to Good ratings under her leadership with Matrix Academy Trust. Her Majesty's Chief Inspector for Ofsted at the time, Sir Michael Wilshaw, praised Brennan in a letter from 2015 regarding Etone College. \"Your determined and highly effective leadership, and strong support from senior leaders and the governing body, have played a key part in bringing about rapid changes with the college.\"[5]\n"
        }
    ]
}