{
    "id": "nm2190654",
    "name": "Joseph Bellerose",
    "career": [
        {
            "header": "empty",
            "p10": "In 1861, Bellerose made an attempted entry into politics by running against Louis-Sim\u00e9on Morin for the Quebec Legislative Assembly of Canada constituency of Laval. Two years later, he made another attempt, and this time was successful, winning the constituency with a majority of just 94. He was first elected to the House of Commons of Canada in the 1867 elections in the Quebec riding of Laval. A Conservative, he was re-elected in the 1872 elections. He was also elected to the Legislative Assembly of Quebec, and served there on occasion at the same time as serving in the House of Commons of Canada. In 1873, he was appointed to the Senate of Canada representing the senatorial division of De Lanaudi\u00e8re, Quebec.\n",
            "p11": "It was due to the insistence of Bellerose that from 1877, the record of debates in the Senate of Canada was translated into French, a reminder of his roots in Quebec.[1]\n",
            "p12": "During his political career, Bellerose served in several other roles, including justice of the peace, mayor of Saint-Vincent-de-Paul, Quebec (at the same time as serving in the federal Senate representing a constituency) and president of the Union Navigation Company. He died in office in 1899, aged seventy-nine years and one month. Bellerose is buried in the Saint-Vincent-de-Paul, Quebec parish church vault.[1][2]\n"
        }
    ]
}