{
    "id": "nm2197888",
    "name": "David Fultz",
    "career": [
        {
            "header": "empty",
            "p6": "Fultz served as the head football coach at the University of Missouri (1898\u20131899), Lafayette College (1902), Brown University (1903), and New York University (1904), compiling a career college football record of 26\u201319\u20132.[3]  He also coached baseball at the United States Naval Academy, Columbia University and NYU.\n",
            "p7": "Fultz got his first coaching job in 1898 as the eighth head football coach at the University of Missouri. Missouri finished with a 1\u20134\u20131 record under Fultz. He returned to coach the Tigers for one game in 1900, a victory, before handing over the reins to his former Brown teammate, Fred W. Murphy.  Ernest Cleveland \"E.C.\" White coached Missouri to a 9\u20132 record in 1899.\n",
            "p8": "In 1902, Fultz returned to coaching at Lafayette College and posted a record of 8\u20133.  In six of the victories, the opponents were held scoreless.[4] In 1904 Fultz became the seventh head football coach at the New York University (NYU).[5]  His coaching record at NYU was 3\u20136.\n"
        }
    ]
}