{
    "id": "nm2189789",
    "name": "Caleb Campbell",
    "career": [
        {
            "header": "Pre-draft",
            "p0": "Campbell was invited to the 2008 NFL Combine,[6] where he ran the 40-yard dash in 4.56 seconds.[7] On April 26, 2008, Campbell, along with punter Owen Tolson, were featured in an interview piece on CNN's Headline News. The piece featured interviews with both players and Army football head coach Stan Brock. It focused on the NFL prospects of the two, both of whom participated in the NFL Scouting Combine in Indianapolis in March 2008. In addition, the two players discussed the Department of the Army's alternative service option plan which would allow them to play in the NFL in 2008. The CNN Headline News piece was the second national story about Army players' NFL chances that week.[8] ESPN's E:60 profiled Campbell.[9][10]\n"
        },
        {
            "header": "Detroit Lions",
            "p0": "Campbell was selected in the seventh round (218th overall) of the 2008 NFL Draft by the Detroit Lions. Campbell, who was in attendance on the second day of the draft, was featured several times. He was interviewed by the ESPN broadcasters, and asked about his opinion on the \"service option\" rule that allowed him and teammate Owen Tolson to enter the NFL Draft upon graduation. While being interviewed, and before teams made their seventh round draft selection, fans could be heard chanting \"Ca-leb Camp-bell\" or \"US...USA\" in support of Campbell. Upon his selection by the Lions, Campbell received a standing ovation by the fans in attendance as well as numerous chants and cheers.\n",
            "p1": "On July 22, 2008, Campbell agreed to terms on a three-year contract with the Lions. However, he did not have a chance to sign the contract and the following day the Army ordered him to serve his military service time, preventing him from playing football until at least 2010.[11]\nBeing an unsigned draft pick in 2008, Campbell became an unrestricted free agent in 2009, but was then serving military time.\n",
            "p2": "On March 11, 2010, it had been reported that Campbell has been offered a one-year contract with the Lions after working out for them.[12] Campbell officially re-joined the Lions on April 29, 2010.[13] He did not make the final roster, however, as the Lions cut him on September 5, 2010.\n",
            "p3": "On September 6, 2010, the Lions announced that Campbell had been placed on its practice squad.[14] On November 20, 2010, the Lions signed Campbell to the active roster.[15] According to the NFL website, during the 2010 season Campbell participated in three games and had a total of three tackles (two solo & one assist).[16]\n",
            "p4": "Campbell was waived during final cuts on September 3, 2011.\n"
        },
        {
            "header": "Indianapolis Colts",
            "p0": "On September 14, 2011, Campbell was signed to the practice squad of the Indianapolis Colts. Campbell was released on September 28.\n"
        },
        {
            "header": "Kansas City Chiefs",
            "p0": "The Kansas City Chiefs signed him to their practice squad on November 15, 2011. He was released by the Kansas City Chiefs on August 26, 2012.\n"
        }
    ]
}