{
    "id": "nm2258164",
    "name": "Nazanin Boniadi",
    "career": [
        {
            "header": "empty",
            "p14": "Boniadi changed her career path from science and started pursuing acting in 2006. Her first major acting role was as Leyla Mir on the daytime drama General Hospital and its SOAPnet spin-off series General Hospital: Night Shift, making her the first contract actor to play a Middle Eastern character in American daytime television history.[citation needed] She is also the first actress born in Iran to ever be on contract on an American soap opera.[13]\n",
            "p15": "She was nominated for an NAACP Image Award for Outstanding Actress in a Daytime Drama Series in 2008 for her role in General Hospital.[14]\n",
            "p16": "Boniadi has also played supporting roles in several major Hollywood film productions, such as Charlie Wilson's War (directed by Mike Nichols), Iron Man (directed by Jon Favreau), and The Next Three Days (directed by Paul Haggis).\n",
            "p17": "She played Nora, a love interest for Neil Patrick Harris' character Barney Stinson, on the sixth season of the hit CBS show How I Met Your Mother.[15] She reprised this role during the show's seventh and ninth seasons.\n",
            "p18": "In May 2013, Boniadi joined the cast of Homeland season 3 as CIA analyst Fara Sherazi.[16] She was promoted to a series regular for the show's fourth season,[17] for which she shared a Screen Actors Guild Award nomination for Outstanding Performance by an Ensemble in a Drama Series in 2015.[18]\n",
            "p19": "Boniadi also appeared in an eight episode arc on season 3 of Scandal as antagonist Adnan Salif.[19] She portrayed Esther, the title character's love interest, in the 2016 remake of Ben-Hur.[20]\n",
            "p20": "She narrated the soundtrack to the 2014 Iranian documentary film, To Light a Candle, made by Maziar Bahari and focusing on the state sanctioned persecution of Bah\u00e1\u02bc\u00eds in Iran.[21]\n",
            "p21": "She starred with Dev Patel and Armie Hammer in the 2018 feature film Hotel Mumbai, a dramatisation of the 2008 Mumbai attacks.[6] For her role as British-Iranian heiress Zahra Kashani,[22] Boniadi received a nomination for Best Actress in a Leading Role at the Australian Academy of Cinema and Television Arts (AACTA) Awards in 2019.[23]\n",
            "p22": "From 2018 to 2019, Boniadi received critical acclaim for portraying the series regular role of Clare Quayle in the Starz espionage drama Counterpart.[6][24][25]\n",
            "p23": "In early 2020, it was revealed that Boniadi had been cast in an undisclosed role in The Lord Of The Rings: The Rings of Power on Amazon Prime.[26] February 2022, it was announced she would be playing the character of Bronwyn, described as a single mother and healer.[27]\n"
        }
    ]
}