{
    "id": "nm2200632",
    "name": "Matthew Willig",
    "career": [
        {
            "header": "empty",
            "p5": "Willig portrayed Special Agent Simon Cade in season eight of NCIS until the first episode of season nine (airdate 20 September 2011). In 2009, he had a supporting role as a brutish caveman tormenting Jack Black and Michael Cera in the motion picture Year One. He appeared as a gang member named Little Chino on the Showtime series, Dexter (2007). He has appeared as a bodyguard named Yuri on the NBC series Chuck, and also has appeared in an episode of My Name is Earl entitled \"Bullies\". He also appeared in a season 7 episode of Malcolm In the Middle, as Crash, a recovering alcoholic, and had a small role in the 1993 Hong Kong action movie, Full Contact. He appeared in a minor role in iCarly as a truckdriver named \"Sledghammer\". He made another guest appearance on The Suite Life on Deck as a genie in season 2 episode 22. On Sonny with a Chance in the \"Sonny Get Your Goat\" episode, he appeared as \"Limo\", the mode of transportation to Tawni's motel room in a foreign country, and appeared in the Disney XD show Pair of Kings. Willig also had a supporting role in the second episode of Terriers. He played Mike Drake in the critically acclaimed independent thriller The Employer. He also appears in the 2013 film A Resurrection. In 2011, he was on the CBS soap opera The Young and the Restless, as Billy Abbott's bodyguard, \"Tank\". More recently he played One Eye, a Mexican drug dealer, in We're The Millers and Gregorek in NBC's series Grimm. \n",
            "p6": "In 2014, he appeared in Season 1 of Brooklyn Nine-Nine as Brandon Jacoby (Season 1, episode 14\u00a0: \"The Ebony Falcon\").[2]\n",
            "p7": "In 2015, Willig had a recurring role as Lash in the third season of the science fiction television series Agents of S.H.I.E.L.D. He also played former NFL player Justin Strzelczyk in the film Concussion.\n",
            "p8": "In 2019, Willig played a Black Satan gang member named Creep in Rob Zombie\u2019s film 3 from Hell.\n",
            "p9": "Willig voiced Juggernaut in the Marvel game Spider-Man: Shattered Dimensions.[3]\n",
            "p10": "He appeared on February 16, 2021 as Andr\u00e9 the Giant in the NBC comedy series Young Rock.\n",
            "p11": "Willig has acted in numerous national commercial campaigns, including a Capital One spot with David Spade, a Bud Light spot, and as an action hero in a Halls commercial.\n"
        }
    ]
}