{
    "id": "nm2394794",
    "name": "Karen Gillan",
    "career": [
        {
            "header": "2006\u20132012: British film and television",
            "p0": "Gillan's early television acting career included guest appearances on several television shows, with her first role being in an episode of ITV crime drama Rebus, a role for which she had to drop out of school.[9][10]\n",
            "p1": "\nGillan undertook a 2-year stint as a member of the ensemble cast of the sketch comedy series The Kevin Bishop Show, in which she played multiple characters including celebrities such as Katy Perry and Angelina Jolie. Gillan also appeared on TV in a leading role in a horror project entitled The Well, which was broadcast as a series of episodic short films on BBC Two and later as a web series on BBC.co.uk. Part of the BBC's multimedia \"switch\" programming, the short episodes interconnect with online games that further explore the environments presented in the series.[11] In 2008, she starred in the Channel 4 television film Stacked.[citation needed]",
            "p2": "Gillan went on to portray Amy Pond, companion to the Eleventh Doctor (portrayed by Matt Smith), on the British sci-fi series Doctor Who. Before being cast in the role in May 2009, she had previously appeared on Doctor Who in Series 4 episode \"The Fires of Pompeii\" in the role of a soothsayer.[7] She made her first on-screen appearance as Amy in \"The Eleventh Hour\" with her cousin Caitlin Blackwood portraying a younger version of the same character.[12][13][14] In 2010, she won in the Entertainment category at the Young Scot Awards. She appeared in the sixth series in 2011 and the first five episodes of the seventh series in 2012,[15] after which her character and Rory Williams (portrayed by Arthur Darvill) left the series.[16] Gillan reprised her role in the 2013 Christmas special \"The Time of the Doctor\", to coincide with Smith's departure as the Doctor.[17]\n",
            "p3": "In 2011, Gillan made her first theatre appearance playing the role of Shirley in John Osborne's play Inadmissible Evidence along with Douglas Hodge.[18] The play debuted at the Donmar Warehouse on 16 October 2011.[18] After making an appearance in Outcast, it was announced that Gillan would star in an indie Scottish romantic comedy called Not Another Happy Ending alongside Emun Elliott in August 2011.[19] She was selected by director John McKay because he came to know her during the production of We'll Take Manhattan, which he also directed, as \"a very bubbly, vibrant, energetic, funny, slightly clumsy person\" who was a perfect fit for the character.[20] Filming took place in July 2012,[19] though Elliott was replaced by Stanley Weber.[21] Gillan told journalists that she was happy to be involved in a Scottish production that \"isn't about drug use or fighting the English\".[22] The film premiered at the Edinburgh International Film Festival in June 2013.[23][24][25]\n",
            "p4": "In 2012, Gillan appeared in the television film We'll Take Manhattan playing the part of supermodel Jean Shrimpton, which told the story of Shrimpton's relationship with the photographer David Bailey.[26]\n"
        },
        {
            "header": "2013\u2013present: Breakthrough in Hollywood",
            "p0": "\nIn November 2013, Gillan appeared on Broadway in a play called Time to Act, one of the plays included in \"The 24 Hour Plays on Broadway\" to benefit the non-profit Urban Arts Partnership.[27] She was also cast in the third season of A Touch of Cloth, which was co-created by Charlie Brooker.[28] Gillan joined the regular cast of Adult Swim's NTSF:SD:SUV:: for the show's third season in 2013.[29][30] Gillan starred in the lead role in the supernatural horror movie Oculus, which was filmed in Alabama and premiered at the 2013 Toronto International Film Festival.[31] Her performance received praise, and she earned a Fright Meter Award nomination for Best Actress.[32]",
            "p1": "In February 2014, Gillan was cast as the lead in Selfie, an American single-camera sitcom for ABC produced by Warner Bros. Television which was greenlit for the 2014\u201315 US television season. Gillan played a socialite named Eliza Dooley, a modern-day take on Eliza Doolittle, who is obsessed with social media. This was Gillan's first time in the lead role of an American television series.[33][34][35] The series was cancelled by ABC on 7 November 2014 after seven episodes;[36] the remaining six episodes were made available on Hulu starting 25 November 2014.[37] Selfie still has a dedicated following of fans years after its broadcast[38][39] especially in China.[40][41][42] In May 2013, Gillan was cast as Nebula in the Marvel superhero science fiction film Guardians of the Galaxy, which was released in August 2014.[43] Gillan had her head shaved bald for the role, which Marvel turned into the wig that Gillan wore during the production of Selfie.[44] In May 2014, Gillan was cast in the Western film In a Valley of Violence directed by Ti West, opposite John Travolta, Ethan Hawke and Taissa Farmiga. Gillan portrayed Ellen, the older sister to Farmiga's character.[45]\n",
            "p2": "In 2015, Gillan had a bit part in the drama film The Big Short directed by Adam McKay, alongside Brad Pitt, Christian Bale, Ryan Gosling, Steve Carell and Melissa Leo.[46] She wrote and directed her first short film, Coward, which screened at the 2015 Edinburgh Film Festival, and was nominated for several awards.[47][48] Later in the year she wrote, directed, and starred in another short film called Conventional.[49] She won in the Best Female Newcomer category at the 20th Empire Awards for Guardians of the Galaxy and Oculus.[50] In the same year, she was cast in an HBO pilot titled, The Devil You Know.[51][52]\n",
            "p3": "On 2 November 2016, it was announced that Gillan would write, direct and star in her directorial feature film debut with Burbank-based development and production company Mt. Hollywood Films' indie drama project titled Tupperware Party. Set in her home city of Inverness in the Scottish Highlands, filming began in January 2017[53] and wrapped in the following month.[54][non-primary source needed] The title of the film was later changed to The Party's Just Beginning.[55] The film was nominated for Best Feature Film at the British Academy Scotland Awards.[56]\n",
            "p4": "In 2017, Gillan reprised her role as Nebula in Guardians of the Galaxy Vol. 2, this time becoming a member of the film's eponymous team,[57] and co-starred in The Circle, alongside Emma Watson, Tom Hanks, and John Boyega. The latter film, released in April, was directed and written by James Ponsoldt, and was based on the novel by Dave Eggers.[58] Also in that year, Gillan played the lead female role, Ruby Roundhouse, in Jumanji: Welcome to the Jungle, the third instalment of the Jumanji franchise, starring alongside Dwayne Johnson, Kevin Hart, Jack Black and Nick Jonas.[59] She reprised her role as Nebula in Avengers: Infinity War (2018) and Avengers: Endgame (2019), which were filmed back-to-back. Filming for the two films began in January 2017 at Pinewood Atlanta Studios in Fayette County, Georgia and ended in January 2018.[60][61]\n",
            "p5": "In 2019, aside from her leading role in Avengers: Endgame, she co-starred in the films Stuber and Spies in Disguise, and starred in All Creatures Here Below. Also in 2019, she reprised her role as Ruby Roundhouse in Jumanji: The Next Level and appeared in a short film titled, Neurotica.[62][non-primary source needed] In 2020, she appeared in the adventure drama The Call of the Wild, based on the Jack London novel. In 2021, Gillan starred in the action film Gunpowder Milkshake alongside Lena Headey, Angela Bassett, Carla Gugino, Michelle Yeoh and Paul Giamatti.[63][64][65][66] For the role, she was nominated for the Best Actress in an Action Movie at the 2nd Critics' Choice Super Awards.[67]\n",
            "p6": "In 2022, she starred in the sci-fi thriller Dual alongside Aaron Paul,[68] which is filmed entirely in Tampere, Finland.[69][70] She played a double role, and earned acclaim for her performance.[71] Critic consensus from review aggregator Rotten Tomatoes described the movie as \"well-led\", and John DeFore for The Hollywood Reporter said that \"Gillan, who has spent much of her post-Doctor Who decade playing cyborgs, computer avatars and a thinly imagined assassin, has a barely more human role to play here; to the extent that she makes either Sarah worth rooting for, it's an achievement.\"[72]\n"
        }
    ]
}