{
    "id": "nm2355635",
    "name": "Ben Schwartz",
    "career": [
        {
            "header": "empty",
            "p26": "On television, Schwartz guest-starred as Jean-Ralphio Saperstein on NBC's Parks and Recreation[10] and was a lead in the Showtime show House of Lies.[11] In 2010, Schwartz played series regular Bill Hoyt on J. J. Abrams' one-hour spy drama Undercovers for NBC.\n",
            "p27": "Schwartz had his own segment on HBO's Funny or Die Presents called Terrible Decisions with Ben Schwartz and has appeared in multiple CollegeHumor[12] sketches including the popular web series Jake and Amir.\n",
            "p28": "Schwartz has been nominated for three Emmys and won the 2009 Emmy Award for Outstanding Original Music and Lyrics for coauthoring Hugh Jackman's opening number for the 81st Academy Awards.[13]\n",
            "p29": "Schwartz voiced Randy Cunningham, a 14-year-old freshman student and ninja protecting his hometown Norrisville from forces of evil in Randy Cunningham: 9th Grade Ninja.\n",
            "p30": "In September 2013, he was hired by Paramount Pictures to re-make the 1991 comedy Soapdish,[14] retitled El Fuego Caliente and reworking the original's American soap opera into a Latin telenovela,[15] with producers Rob Reiner and Alan Greisman and he sold an original pitch to Universal Studios based on an idea by Brian Grazer with Imagine Entertainment attached to produce. He was a staff writer for the third season of Adult Swim's Robot Chicken and served as a freelance writer for the Weekend Update segment of Saturday Night Live as well as the monologues for the Late Show with David Letterman.[10]\n",
            "p31": "Schwartz is an alumnus of the Upright Citizens Brigade Theatre (UCBT).[10] He was a member of the improv group \"Hot Sauce\" with Adam Pally and Gil Ozeri. The group performed their long-form improv show \"Something Fresh\" at UCBT every month.\n",
            "p32": "He and Bill Hader served as vocal consultants for Star Wars: The Force Awakens.[16] Schwartz also played a cameo role as a Stormtrooper in the film.[17]\n",
            "p33": "Since 2014 Schwartz has appeared in episodes of the Comedy Bang! Bang! podcast as the only guest in \"Solo Bolo\" (2014), \"Solo Bolo Dos Lo\" (2015), \"Solo Bolo Trolo\" (2016), \"Solo Bolo Cuatrolo\" (2016), \"Solo Bolo Cincolo\" (2017), \"Solo Bolo Sonicolo\" (2020), and \"Solo Bolo Hallowolo\" (2021). In nearly each episode he and host Scott Aukerman compete in the Olympic Song Challenge. Ben has also appeared on episodes of comedy podcasts If I Were You, ID1OT, You Made It Weird with Pete Holmes, and Conan O'Brien Needs a Friend.\n",
            "p34": "In 2017, Schwartz began voicing Dewey Duck in the Disney XD revival of DuckTales.[18] Schwartz has been featured as himself in Netflix's Home: Adventures with Tip & Oh's 2017 animated Christmas special - Home for the Holidays - alongside Kelly Clarkson.[19] He provided the voice of Leonardo in Rise of the Teenage Mutant Ninja Turtles.[20] In August 2018, Schwartz was announced to voice the titular character in the 2020 film Sonic the Hedgehog.[21]\n",
            "p35": "On September 26, 2019, it was announced that Schwartz was cast as F. Tony Scarapiducci in the Netflix comedy series Space Force.[22]\n",
            "p36": "Ben Schwartz co-starred alongside Billy Crystal in the movie Standing Up, Falling Down, initially released on April 25, 2019.\n",
            "p37": "In April 2020, Schwartz and fellow comedian Thomas Middleditch starred in Netflix's first long-form improv special, Middleditch and Schwartz, a three-part series of hour-long performances filmed at New York University's Skirball Center for the Performing Arts.[23]\n",
            "p38": "In 2022, Schwartz was in the main cast of the Apple TV+ mystery comedy series The Afterparty.\n"
        },
        {
            "header": "Books",
            "p0": "Schwartz has co-written four books, three with writer Amanda McCall: Grandma's Dead: Breaking Bad News with Baby Animals; Maybe Your Leg Will Grow Back!: Looking on the Bright Side with Baby Animals and Why is Daddy in a Dress?: Asking Awkward Questions with Baby Animals and (with writer Laura Moses), Things You Should Already Know About Dating, You F-king Idiot.[24]\n"
        }
    ]
}