{
    "id": "nm2325042",
    "name": "Jonathan Harden",
    "career": [
        {
            "header": "empty",
            "p32": "Harden's most notable credits include the roles of Sean Rawlins in the crime drama series Unforgotten, Gregory in the final season of the comedy series Peep Show, Walter Hill in the costume drama series Titanic: Blood and Steel, Newman Noggs and the narrator in the BBC adaptation of Nicholas Nickleby, Brendan Murphy in Jimmy McGovern's 2021 prison drama Time, and an unnamed character in Star Wars: The Last Jedi.[1][2][3]\n",
            "p33": "Harden's stage credits include Henry Joy McCracken in Stewart Parker's Northern Star at the Finborough Theatre and Children of the Sun at the Royal National Theatre under the direction of the late Howard Davies.[4] Of his performance in Northern Star, the Time Out review wrote, \"Jonathan Harden reveals himself as an extraordinary talent whose performance leaves an afterglow like a good whiskey.\"[5]\n",
            "p34": "Harden provided the narration for 2015 BAFTA-winning short film Boogaloo and Graham.[6] He has also provided voices for several video games, most notably as Xenophilius Lovegood in Harry Potter and the Deathly Hallows: Part I.[7] In 2014, he played Axl in the Ridley Scott-produced Halo film Halo: Nightfall.[8]\n",
            "p35": "In 2015, Harden launched In Anything at the Minute? The Honest Actors' Podcast, a project centred on interviews with other jobbing actors and available on iTunes.[9] In 2017, he produced and directed his first film project, Guard, a female-led boxing film set in Belfast.[10] It had its debut at the Galway Film Fleadh in July 2017, and soon after had its North American premiere at the Rhode Island International Film Festival.[11][12] In 2018, it was followed by Troubles, on the subject of male mental health, which again debuted at the Galway Film Fleadh.[13]\n",
            "p36": "Following his venture into film directing, Harden made his London stage directing debut in 2020, with Joe Crilly's On McQuillan's Hill at the Finborough Theatre.[14] The production sold out and received critical acclaim, including five stars from the Morning Star and four stars from The Stage.[15][16] Originally produced in 2000 at the Lyric Theatre, Belfast, the Finborough production was an English premiere and marked the 20th anniversary of the play's Belfast debut.\n",
            "p37": "In 2021, Harden appeared in Jimmy McGovern's prison drama Time as lifer, Brendan Murphy. The role earned him praise from many, with Esquire calling this performance, \"a highly-charged, emotive turn, and the Sunday Life noting it as \"superb\".[17][18]\n"
        }
    ]
}