{
    "id": "nm2367549",
    "name": "Isaac Kappy",
    "career": [
        {
            "header": "empty",
            "p2": "Kappy made his feature film debut as a hustler in the movie Beerfest (2006). He would go on to act in the movies Not Forgotten, Fanboys, Terminator Salvation, Saint John of Las Vegas (all 2009), Klown Kamp Massacre (2010), Lemonade Mouth, Thor, and 10 Years (all 2011), and the television series Breaking Bad, The Night Shift, and Rachel Dratch's Late Night Snack.[4][better\u00a0source\u00a0needed]\n",
            "p3": "As a musician, Kappy played in the band Charles McMansion with Tom Sandoval. The group released one recording, the song \"T.I.P.\" (an acronym for Touch In Public), and appeared on the reality show Vanderpump Rules.[5]\n",
            "p4": "Kappy appeared as a guest on Alex Jones' radio show InfoWars in August 2018, on which he accused multiple movie stars of pedophilia as part of the QAnon conspiracy theory, which involves a cabal of Satan-worshipping child molesters who run a global child sex-trafficking ring.[5] During the broadcast, Jones asked Kappy to be more circumspect and avoid \"getting into names\", while Kappy briefly insisted Jones was \"gaslighting\" him by querying his claims.[6] In early January 2021, American lawyer and conspiracy theorist Lin Wood alluded to QAnon when he tweeted without evidence that Kappy had been involved in a wide-ranging attempt to reveal a massive child sexual abuse ring involving Chief Justice of the US Supreme Court John Roberts.[7][8]\n"
        }
    ]
}