{
    "id": "nm2374610",
    "name": "Jay Oliver",
    "career": [
        {
            "header": "Dave Weckl",
            "p0": "Oliver and Dave Weckl grew up together in St. Louis where they explored a prolific jazz fusion style. A few years later in Los Angeles, after partnering on Weckl's first three solo releases, they formed The Dave Weckl Band, co-producing two albums.\n"
        },
        {
            "header": "Sheryl Crow",
            "p0": "Oliver was a top local producer[citation needed] in his St. Louis studio when first introduced to a young Sheryl Crow, who at the time was a school teacher and aspiring singer. Oliver eventually began using Crow in recording sessions and featured her in several jingles. She and Oliver moved to Los Angeles within a few years of each other and began co-writing songs that eventually landed Crow a publishing contract and recording deal with A&M Records. Some of those songs were recorded by Celine Dion, Wynonna Judd and others.[5]\n"
        },
        {
            "header": "Glenn Frey",
            "p0": "In the nineties Oliver was hired as Glenn Frey's keyboardist, co-producer and co-writer. Oliver also has production credit with Elliot Scheiner for the Eagles album Hell Freezes Over as well as their live album New Millennium.\n"
        },
        {
            "header": "Jimmy Buffett",
            "p0": "In the late 1980s, Oliver was asked by producer Elliot Scheiner to begin co-writing songs with Jimmy Buffett. He co-wrote the Buffett albums Off to See the Lizard and Barometer Soup, then briefly toured as member of his Coral Reefer Band.\n"
        }
    ]
}