{
    "id": "nm2427110",
    "name": "Dale Wolfe",
    "career": [
        {
            "header": "empty",
            "p9": "Wolfe was trained by fellow wrestler Ken Johnson, who helped Shawn Michaels enter professional wrestling (Johnson was later a co-owner of Texas Wrestling Academy with Michaels).[1] He debuted on July 5, 1982 in San Antonio, Texas.[1]\n",
            "p10": "Wolfe is best known for his long tenure as a jobber in what was then known as the WWF, making his debut there as Dusty Wolfe in March 1987. In June 1989, WWF began billing him as Dale Wolfe so as to distinguish him from Dusty Rhodes, who had just left World Championship Wrestling (WCW) for the WWF (the two wrestled each other on television later that year).[1] During his time in the WWF, Wolfe wrestled as both a babyface and a heel.\n",
            "p11": "He was respected for his ability to work with, and put over, major stars, working with many of the WWF's top names from 1987 to 1993.[4] He also wrestled for Fritz Von Erich in World Class Championship Wrestling (WCCW), and appeared frequently in the NWA territories and independently, where he would typically appear near the top of the bill.[3] Wolfe also worked for the World Wrestling Council (WWC) in Puerto Rico where he was a two-time tag team champion. In 1996, he made several appearances in World Championship Wrestling at WCW Saturday Night TV tapings.[4] Wolfe remained under contract with WCW until 1998, but was not used after 1996.[3]\n",
            "p12": "Wolfe is one of five people licensed to wrestle as Doink the Clown.[5]\n"
        }
    ]
}