{
    "id": "nm2408409",
    "name": "John Rawls",
    "career": [
        {
            "header": "empty",
            "p41": "In early 1946,[32] Rawls returned to Princeton to pursue a doctorate in moral philosophy. He married Margaret Warfield Fox, a Brown University graduate, in 1949. They had four children, Anne Warfield, Robert Lee, Alexander Emory, and Elizabeth Fox.[15]\n",
            "p42": "Rawls received his Ph.D. from Princeton in 1950 after completing a doctoral dissertation titled A Study in the Grounds of Ethical Knowledge: Considered with Reference to Judgments on the Moral Worth of Character. Rawls taught there until 1952 when he received a Fulbright Fellowship to Oxford University (Christ Church), where he was influenced by the liberal political theorist and historian Isaiah Berlin and the legal theorist H. L. A. Hart. After returning to the United States he served first as an assistant and then associate professor at Cornell University. In 1962, he became a full professor of philosophy at Cornell, and soon achieved a tenured position at MIT. That same year, he moved to Harvard University, where he taught for almost forty years and where he trained some of the leading contemporary figures in moral and political philosophy, including Sibyl A. Schwarzenbach, Thomas Nagel, Allan Gibbard, Onora O'Neill, Adrian Piper, Arnold Davidson, Elizabeth S. Anderson, Christine Korsgaard, Susan Neiman, Claudia Card, Rainer Forst, Thomas Pogge, T. M. Scanlon, Barbara Herman, Joshua Cohen, Thomas E. Hill Jr., Gurcharan Das, Andreas Teuber, Samuel Freeman and Paul Weithman. He held the James Bryant Conant University Professorship at Harvard.[citation needed]\n"
        },
        {
            "header": "Later life",
            "p0": "Rawls rarely gave interviews and, having both a stutter (partially caused by the deaths of two of his brothers, who died through infections contracted from Rawls)[33] and a \"bat-like horror of the limelight,\"[34] did not become a public intellectual despite his fame. He instead remained committed mainly to his academic and family life.[34]\n",
            "p1": "In 1995, he suffered the first of several strokes, severely impeding his ability to continue to work. He was nevertheless able to complete The Law of Peoples, the most complete statement of his views on international justice, and published in 2001 shortly before his death Justice as Fairness: A Restatement, a response to criticisms of A Theory of Justice. Rawls died on November 24, 2002, at age 81, and was buried at the Mount Auburn Cemetery in Massachusetts. He was survived by his wife, Mard Rawls,[35] and their four children, and four grandchildren.[36]\n"
        }
    ]
}