{
    "id": "nm2414411",
    "name": "Shad Gaspard",
    "career": [
        {
            "header": "World Wrestling Entertainment (2002\u20132007)",
            "p0": "Gaspard decided to become a professional wrestler, and he qualified for the finals of the reality television program Tough Enough 2 in 2002, but was disqualified and replaced after failing a physical.[4]\n",
            "p1": "After Tough Enough, Gaspard was recruited by WWE talent scout Tom Prichard and allowed to attempt a career as a professional wrestler.[4] He first trained with Dewayne Bruce from the WCW Power Plant for six months.[4][6] Afterwards, he was signed to a developmental contract by World Wrestling Entertainment (WWE),[4] and he was assigned to Ohio Valley Wrestling (OVW).[4] Gaspard made his OVW debut in 2003 under the ring name 'Da Beast',[7] eventually joining Bolin Services stable, which led by Kenny Bolin.[4] Originally, he acted as Bolin's personal enforcer, until he was placed into a tag team with Carlos Col\u00f3n, Jr. in February 2004.[4] After Col\u00f3n left OVW in October 2004, Gaspard left Bolin Services and formed several short lived tag teams with Osama,[1] Mike Mondo,[1] Ken Doane,[1] and Ryan Wilson,[1] before he began wrestling under his real name as a singles wrestler.[4]\n",
            "p2": "In early 2006, during his feud in OVW with CM Punk, Gaspard was joined by The Neighborhoodie and formed a new tag team known as The Gang Stars.[4][8] The Gang Stars won the OVW Southern Tag Team Championship on May 27, but they lost the titles to CM Punk and Seth Skyfire on July 28.[9]\n",
            "p3": "On the September 4, 2006 episode of Raw, a series of vignettes began airing, hyping the debut of Cryme Tyme (Gaspard and The Neighborhoodie, with Neighborhoodie's ring name changing to JTG).[1] On the October 16 episode of Raw, Cryme Tyme made their in-ring debut by defeating then-World Tag Team Champions The Spirit Squad (Mikey and Johnny) in a non-title match.[10] The duo made their pay-per-view debut at Cyber Sunday, where Cryme Tyme defeated Lance Cade and Trevor Murdoch, Charlie Haas and Viscera and The Highlanders (Robbie McAllister and Rory McAllister) in a Texas Tornado match (as voted by the fans).[1][11] A few months later at the New Year's Revolution pay-per-view, Cryme Tyme won a Tag Team Turmoil Match against The Highlanders, The World's Greatest Tag Team (Charlie Haas and Shelton Benjamin), Lance Cade and Trevor Murdoch, and Jim Duggan and Super Crazy, earning them a shot at the World Tag Team Championships.[1][12] On April 1, 2007, at WrestleMania 23, Cryme Tyme made a cameo appearance and started a dance party with Eugene and some WWE legends in the backstage area.[1] On the June 29 episode of SmackDown!, Deuce 'n Domino (with Cherry) defeated Cryme Tyme in an inter-brand match tag match.[13] While Deuce, Domino and Cherry celebrated their victory, Cryme Tyme appeared on the titantron and kayfabe stole their car, taking it to Brisco Brothers Auto Shop to sell it for parts chanting \"Money, money, yeah, yeah\".[13] In July, Cryme Tyme returned to OVW and regained the OVW Southern Tag Team Championship on July 21 from The James Boys (KC James and Kassidy James), becoming two-time tag team champions, but they lost the titles back to them the following day.[14][1][9]\n",
            "p4": "On the August 13 episode of Raw, Cryme Tyme returned to their hometown of New York City, losing to then-World Tag Team Champions Lance Cade and Trevor Murdoch in a non-title match by disqualification, when Gaspard used a chair on Murdoch.[15] On the August 27 episode of Raw, Cryme Tyme stole Murdoch's hat and gave it away to a fan, starting a feud between them.[16] However, on September 2, 2007, Gaspard and JTG were both released from their WWE contracts.[1][17]\n"
        },
        {
            "header": "Independent circuit (2007\u20132008)",
            "p0": "After being released from WWE, Gaspard lost to Psicosis at a Pro Wrestling Alliance (PWA) event on September 22 in Houston, Texas.[18][19] Gaspard, along with JTG wrestled at the Jersey All Pro Wrestling's (JAPW) 10th Anniversary Show on October 27, 2007, defeating The Dirty Rotten Scoundrelz.[18] They left the promotion undefeated after defeating Style and Finesse (Mike Donovan and Rob Vegas) in January 2008's Reclaiming Hudson event.[20]\n"
        },
        {
            "header": "Return to WWE (2008\u20132010)",
            "p0": "On the March 31, 2008 episode of Raw, Gaspard and JTG returned to WWE as Cryme Tyme, defeating Lance Cade and Trevor Murdoch.[21] Cryme Tyme began working with John Cena on the June 30 episode of Raw, when they helped him interfere during John \"Bradshaw\" Layfield's (JBL) match.[22] The following week, they again appeared together in a backstage segment, when they vandalized JBL's limo.[23] After a house show match, Cena confirmed that they had created a faction and announced that it was called Cryme Tyme Cenation (CTC).[24] Cryme Tyme also started a feud with the World Tag Team Champions Cody Rhodes and Ted DiBiase, stealing their championship belts for a time,[25] then losing a title match to them at the Unforgiven pay-per-view event.[26]\n",
            "p1": "On April 15, 2009, Cryme Tyme were drafted to the SmackDown brand as part of the Draft.[27] They made their debut on brand on the May 1 episode of SmackDown, hosting a dance contest between Eve Torres and Layla.[28] The team made their in-ring debut on the May 22 episode of SmackDown, where they teaming up with John Morrison to defeat The World's Greatest Tag Team and Ricky Ortiz.[29] On the July 31 episode of SmackDown, Cryme Tyme defeated The Hart Dynasty (David Hart Smith and Tyson Kidd) to become the number one contenders for the Unified WWE Tag Team Championship.[30] At SummerSlam, they failed to capture the titles against Jeri-Show (Chris Jericho and Big Show).[31] On March 28, 2010, at WrestleMania XXVI, Gaspard competed in a battle royal, with Gaspard and JTG eliminated Luke Gallows, before Gaspard eliminated JTG, and Shad was later eliminated by William Regal.[32]\n",
            "p2": "On the April 2 episode of SmackDown, after Cryme Tyme lost a match, Gaspard attacked JTG, thus turning heel and disbanding Cryme Tyme in the process.[33] The next week on SmackDown, Gaspard taunted JTG by showing footage of the attack, and JTG attempted to attack him, but was laid out by Gaspard.[34] The following week, after JTG's match against Caylen Croft, Gaspard attacked JTG, but was eventually fought off.[35] On the April 22 episode of WWE Superstars, Gaspard, now sporting a new attire and a new theme song, defeated Goldust.[36] Their feud led to a strap match at Extreme Rules, which JTG won.[37][38] The two faced off again on the May 6 episode of Superstars, where Gaspard was victorious, thus ending their feud.[39] Gaspard made his final television appearance on the May 14 episode of SmackDown, where he defeated Jesse Guyver.[40] On November 19, 2010, he was released from his WWE contract.[41]\n"
        },
        {
            "header": "Japan (2011)",
            "p0": "On February 5, 2011, Gaspard went to Japan and worked for Antonio Inoki's Inoki Genome Federation (IGF), where he teamed with Bobby Lashley in a loss to Atsushi Sawada and Erik Hammer.[42]\n"
        },
        {
            "header": "Return to the independent circuit (2011\u20132020)",
            "p0": "After being released a second time by WWE, Gaspard returned to the independent circuit, and on January 22, 2011, he defeated Charlie Haas at FWE Retribution in New York City.[43] On March 31, 2012, he lost to Big Daddy V at WrestleRama in Georgetown, Ghana.[43] It was announced on June 19, 2014 that Gaspard and JTG were looking for booking interests labeled now as the slightly altered Crime Time, as JTG was released by WWE. They wrestled the first match on their Crime Time World Tour on August 23, 2014, for the Warriors of Wrestling promotion in Staten Island.[44] At the JAPW 18th Anniversary Show on November 15, 2014, Crime Time defeated Damien Darling and Danny Demento in a tag team match.[45] Gaspard then continued to wrestle alongside JTG, until his death in 2020.[46]\n"
        }
    ]
}