{
    "id": "nm2540733",
    "name": "Josh Elliott",
    "career": [
        {
            "header": "empty",
            "p13": "Elliott first joined ESPN in 2004 as a panelist for Around the Horn and Jim Rome Is Burning, as well as serving as guest co-host for Cold Pizza on ESPN2. On ESPN Classic, Elliott hosted the short-lived Classic Now, which aired from June 2005 to March 2006. He also started appearing as a co-anchor on ESPNEWS and reporting for SportsCenter. After Classic Now was canceled, Elliott began contributing to ESPN the Magazine and ESPN.com.\n",
            "p14": "When ESPN began airing SportsCenter live every weekday morning on August 11, 2008, Elliott was paired as an anchor with Hannah Storm for the first three hours of the programming block beginning at 9:00\u00a0a.m. ET.[10]\n"
        },
        {
            "header": "Good Morning America",
            "p0": "In May 2011, Elliott joined the team at ABC's Good Morning America  following the departure of previous news anchor Juju Chang.[11] He also started as a substitute anchor on the weekend edition of ABC World News, debuting on May 21, 2011. Joined by Lara Spencer, he also anchored Good Afternoon America, an afternoon spin-off broadcast from July 9 to September 7, 2012 as a temporary replacement for ABC's cancelled talk show The Revolution.[12]\n"
        },
        {
            "header": "NBC",
            "p0": "On March 30, 2014, it was announced by ABC News President Ben Sherwood that Elliott had signed a contract with NBC, and would depart ABC News and Good Morning America. Amy Robach was announced as his immediate replacement.[13] With NBC, Elliott made $4 million per year, but a six-month non-compete clause prohibited him from appearing on news-related programming, relegating him primarily to NBC Sports programming such as the 2014 Kentucky Derby\u2014where he made his on-air debut.[14] Upon his hiring, it was believed that NBC was contemplating Elliott to serve as a future host of Today; in response, he told the press that he \"[hoped] Matt Lauer is here when I step away from this gig 30 years down the road. I can tell you that the only discussions I have had, as they relate to news, [are] ways to supply sports content to them.\" Elliott would, eventually, serve as a sports correspondent for the program.[15]\n",
            "p1": "In December 2015, it was reported that Elliott had left NBC.[15]\n"
        },
        {
            "header": "CBS",
            "p0": "On March 1, 2016, CBS News announced that it had hired Elliott to serve as the lead anchor for its digital news service CBSN. Of the hiring, CBS News president David Rhodes explained that Elliott needed an \"outlet\", going on to say that \"we're going to need from him as much as he can bring in these different areas of reporting and anchoring. It's another reason it's the perfect place for him because it's kind of unlimited. We have some really hard-working people at CBSN, but we don't have enough of them.\"[16]\n",
            "p1": "On February 10, 2017, Elliott announced on-air that he would be leaving CBSN, but stated that \"knowing how things work around here, I may see you again on Monday morning\". Elliott had been told by an executive that CBS had desired to place him in a larger role as a field correspondent, under which he would have filed reports for CBS's television news programs. However, CBS executives were caught off-guard by the abrupt announcement, and were unaware of any plans for him to be promoted from CBSN.[17][18][19] On February 13, 2017, Elliott was fired.[20][21]\n"
        },
        {
            "header": "Other work",
            "p0": "Elliott received a local Emmy Award in New York City in 2005 for writing and contributing to Angles on MSG Network and served as one of the co-hosts for Super Bowl XL for Westwood One Sports.[22][better\u00a0source\u00a0needed] In 2018, Elliott co-hosted Yellowstone Live on National Geographic Channel with wildlife expert Chris Packham, a four-night event showcasing the Greater Yellowstone Ecosystem with feeds from dozens of live cameras and seven camera crews.[23]\n"
        }
    ]
}