{
    "id": "nm2564938",
    "name": "Adelaide Clemens",
    "career": [
        {
            "header": "empty",
            "p5": "Clemens began working as an actress in Australian television while in high school. She guest-starred in a 2006 episode of Blue Water High as Juliet, and, in 2007, starred in the children's series Pirate Islands: The Lost Treasure of Fiji, as Alison. Clemens played Harper in the Showtime drama Love My Way that year, and was nominated for the Graham Kennedy Award for Most Outstanding New Talent at the 2008 Logie Awards for the role.[6]\n",
            "p6": "Clemens was seen in the MTV Networks Australia dramatic film, Dream Life (2008),[7] and had small roles in the television series All Saints and the film X-Men Origins: Wolverine, in 2009. She became the face of Jan Logan Jewellery that year.[8] Clemens relocated to Los Angeles, California, in 2009.[9]\n",
            "p7": "She starred in the film Wasted on the Young (2010) as Xandrie. Written and directed by Ben C. Lucas, the film tells the story of a high school love triangle that leads to a party ending in gun violence.[10]\n",
            "p8": "She guest-starred on the Fox crime drama, Lie To Me, and starred as a sociopathic prostitute in the film Generation Um... (2010).[citation needed]\n",
            "p9": "As of January\u00a02010[update], Clemens was in negotiations to join the cast of Fury Road, the fourth in the Mad Max film series by George Miller.[11] The following year, she starred in the film Certainty (2011), directed by Peter Askin.[12] She also starred in Vampire (2011) as Ladybird, a suicidal single mother. The film was the English-language feature debut of noted Japanese director Shunji Iwai.[13]\n",
            "p10": "The next year, Clemens starred in Camilla Dickinson (2012), an adaptation of Madeleine L'Engle's 1951 novel.[14] She starred as teenager Heather Mason in the horror film Silent Hill: Revelation 3D (2012).[15] Also that year, Clemens played a lead role as the young suffragette Valentine Wannop in Parade's End (2012), a television mini-series adaptation of the Ford Madox Ford tetralogy co-produced by HBO and BBC Two.[16] She also appeared in the horror film No One Lives (2012).[17]\n",
            "p11": "The following year, she appeared in The Great Gatsby (2013), based on F. Scott Fitzgerald's novel of the same name, playing Catherine, the sister of Myrtle Wilson.[18] On television, Clemens began starring as Tawney Talbot in the 2013 Sundance Channel series, Rectify.[19] In 2020, Clemens took a starring role in the CBS drama Tommy.\n"
        }
    ]
}