{
    "id": "nm2591562",
    "name": "Divian Ladwa",
    "career": [
        {
            "header": "TV and film",
            "p0": "Divian Ladwa's film debut came in a micro-budget feature Saxon where he played a hot-headed Rahim Begum alongside Sean Harris. The film won Best European Drama at the ECU European Independent Film Festival and was nominated for the Michael Powell Award for Best Film at the Edinburgh International Film Festival.[1][2]\n",
            "p1": "His next role was shy and awkward Dev King in the British feature film 8 Minutes Idle.[3][4] The twisted rom-com was nominated for Best Film at the Royal Television Society Awards [5] and features Tom Hughes, Ophelia Lovibond, Antonia Thomas, Montserrat Lombard and Jack Ashton.[6]\n",
            "p2": "Ladwa is known for playing the sweet and innocent Hugh in the BAFTA winning[7] comedy series Detectorists[8] written and directed by Mackenzie Crook. Originally aired on BBC Four, the show won critical praise and won two BAFTAs.[9]\n",
            "p3": "In 2017, Ladwa received attention for playing a psychologically traumatised character in the Oscar nominated Best Picture[10] Lion. The film starred Nicole Kidman and David Wenham as his adoptive parents and Dev Patel as his adoptive brother. The two time BAFTA winning film,[11] which also starred Rooney Mara, was nominated for four Golden Globes and six Academy Awards including Best Picture.[12] Critics praised Ladwa's performance with Cinapse writing \"Lion is aided greatly by the likes of Divian Ladwa who is positively heartbreaking,\"\n.[13] Stuff wrote \"Ladwa is excellent as the wayward brother.\" \n[14] and\nEntertainment.ie said\n\"Ladwa gives a fascinating portrayal of the adopted brother.\"[15]\nAlong with Dev Patel and David Wenham, Ladwa was included in the film's submission to the Screen Actors Guild Awards for their Best Supporting Actor category.[16]\n",
            "p4": "In 2018, he appeared in Ant-Man and the Wasp as Uzman, the right-hand man of antagonist Sonny Burch.[17]\n",
            "p5": "Later that year ITV announced via their website Ladwa's involvement as a series regular in their upcoming police drama Wild Bill playing opposite Rob Lowe, Rachel Stirling, Angela Griffin and Bronwyn James.[18]\n",
            "p6": "In 2019, Ladwa appeared in the British dark comedy series The End of the F***ing World as Sid, a talkative cop. He made the special guest appearance in episode 7 of the second series which premiered on Channel 4 in the UK and internationally the following day on Netflix who submitted Ladwa for consideration  to the Primetime Emmy Awards for the Outstanding Guest Actor in a Comedy Series category for his role as Sid.\u00a0 [19]\n\u00a0[20]\n",
            "p7": "2019 saw the online release of period drama Mr Malcolm's List on the Refinery29 website with Ladwa playing Gemma Chan and Frieda Pinto's footman in a highly comical role.[21] The film is part of Refinery29's Shatterbox series aiding and encouraging more female filmmakers.[22]\n",
            "p8": "In 2020, Ladwa played Dr Chillip in Armando Iannucci's adaptation of Charles Dickens The Personal History of David Copperfield, which also stars Hugh Laurie and Tilda Swinton and reunites Ladwa onscreen with Dev Patel.[23]\n"
        },
        {
            "header": "Other",
            "p0": "Away from TV and Film, Ladwa has an extensive theatre background working with a wide range of companies including Theatre Royal Stratford East, Tamasha Theatre Company and Fluxx Improvised Theatre, early in his career.[24]\n",
            "p1": "He has worked in radio plays, mostly for BBC Radio 4, reading parts that include secondary school student Charlie in School Drama[25][26] and as Romeo in Romeo and Juliet[27] opposite Tom Hollander. \nHe also played Vince the Mushroom Man in a continuation of Neil Gaiman's Neverwhere series, \"How The Marquis Got His Coat Back\"[28][29] and University student Max in Ed Reardon's Week.[30][31]\n"
        }
    ]
}