{
    "id": "nm2585808",
    "name": "D\u00e9bora Nascimento",
    "career": [
        {
            "header": "empty",
            "p10": "Nascimento began her acting career in film as the protagonist of the short film C\u00e9rbero, by director Gast\u00e3o Coimbra; and on television, in the telenovela Para\u00edso Tropical, as Elisa. Her natural beauty garnered her attention and she earned a role in the North American production of the film The Incredible Hulk. In the same year, she was featured in the telenovela, Duas Caras as Andr\u00e9ia Bijou.\n",
            "p11": "In 2012, she appeared in the novel Avenida Brasil, playing the character Tess\u00e1lia.[5] In 2013, returned to TV as Ta\u00eds, in the telenovela Flor do Caribe.[6]\n"
        }
    ]
}