{
    "id": "nm2625538",
    "name": "Derek Hough",
    "career": [
        {
            "header": "Competitive dancing and choreography",
            "p0": "Hough won the WDSF World Latin Championship in 2002, and the Blackpool U-21 Latin title with Aneta Piotrowska in 2003. He has won the LA Outstanding Dancer of the Year and New York Dance Alliance Outstanding Dance awards.[15]\n",
            "p1": "On September 22, 2013, for the first time, the category for Outstanding Choreography for the Emmy Awards was moved to the Primetime Live Show, and all of the nominees in the category were to create and perform a number with the host of the show, Neil Patrick Harris. Hough, who was nominated for Dancing with the Stars, was part of that number, along with the other nominees.[16] Ken Ehrlich, the executive producer of the show, stated, \"It's definitely going to be an original number, something that hasn't been done before. It's going to utilize the talents of all of them to put this number together as choreographers.\"[17] Hough then went on to win the Emmy Award for Outstanding Choreography.[18] On September 12, 2015, Hough won his second Emmy Award for Outstanding Choreography, alongside Julianne Hough and Tessandra Chavez. This was both Julianne Hough's and Chavez's first Emmy win for outstanding choreography.[19] Including the two nominations that he went on to win, Hough has been nominated for nine Emmy Awards for choreography.\n"
        },
        {
            "header": "Sochi 2014 Winter Olympics",
            "p0": "\nIn 2013, Hough worked with world champion ice dancers Meryl Davis and Charlie White[20] on a number for their upcoming 2014 Sochi winter Olympics short dance program that had to contain quickstep and foxtrot rhythms.[21][22] Davis and White went on to win the gold medal with the routine. Their win made Olympic history, marking the first Olympic title in the event for the United States.[23] About this opportunity, Hough said: "
        },
        {
            "header": "Move Live On Tour",
            "p0": "On March 18, 2014, Hough, along with his sister, Julianne, announced a summer tour of over 40 cities across the U.S. and Canada, called \"Move Live on Tour\", which would include dancing and singing from both of them, and the appearance of a group of dancers employed by the Houghs who were chosen through auditions.[24] They embarked on the sold-out tour on May 25, 2014, in Park City, Kansas and ended it in Los Angeles on July 26, 2014. Due to the success of ticket sales and several sold-out venues before the tour had officially kicked off, several more shows were added to the tour schedule, which also sold out.[25] For the tour choreography, the Hough siblings collaborated with Nappytabs.[26]\n",
            "p1": "Following the success of the 2014 tour and high demand, the Houghs announced the return of \"Move Live on Tour\" in the summer of 2015. Spanning from June 12, 2015, to August 8, 2015, the sold-out tour visited over 40 cities throughout the U.S. and Canada, and visited larger venues than in the previous year.[27] Tabitha and Napoleon D'umo \"Nappytabs\" returned as collaborating choreographers alongside the Hough siblings.[28] Auditions were also held to recruit a new group of dancers to join the Houghs, although some back-up dancers from the previous year returned.\n",
            "p2": "On July 9, 2016, the Houghs held a free fitness pop-up event called 'Move Interactive' in Los Angeles, which they announced would be the first of many to come. The event started off in Sherman Oaks with a workout session at Pulse Fitness Studios led by celebrity personal trainer and owner, Mark Harari. The participants then took part in a 2-mile run along Ventura Blvd, before finishing off with a dance fitness class at JustDance Los Angeles. According to Hough, the motivation behind the event was to \"bring health, love, community and human interaction into our everyday lives.\"[29] The following week, on July 14, the Houghs held a second free Move Interactive event in Fryman Canyon, LA, which included a hike and team building exercises.[30]\n",
            "p3": "On December 14, 2016, they announced, via social media, that they would be going on a new tour, MOVE BEYOND Live on Tour, in 2017.[31]\n"
        },
        {
            "header": "Dancing with the Stars",
            "p0": "Hough made his first appearance on Dancing with the Stars in season four (week 6) as a guest instructor with Julianne and Apolo Anton Ohno.[32] He then joined the cast of professional instructors in season five and was paired with Jennie Garth.[33] Hough and Garth were eliminated in the semi-finals finishing the competition in fourth place.[34]\n",
            "p1": "For season six, Hough was paired with actress Shannon Elizabeth.[35] They were eliminated from the show on April 29, 2008, finishing the competition in sixth place.[36]\n",
            "p2": "For season seven, Hough was partnered with model/TV host Brooke Burke.[37] In rehearsal on October 4, 2008, Hough tripped and fell, hitting his head on the floor and momentarily blacked out. He was sent to the hospital, but sustained no injuries.[38] Hough and Burke earned the mirror ball trophy and won season seven on November 25, 2008.[39]\n",
            "p3": "For season eight, Hough was paired with rapper Lil' Kim.[40] They were eliminated on May 5, 2009, from the show finishing in fifth place.[41]\n",
            "p4": "For season nine, Hough was partnered with model Joanna Krupa.[42] They were eliminated during week nine, the semi-finals, on November 17, 2009, finishing fourth.[43]\n",
            "p5": "For season ten, Hough was partnered with Nicole Scherzinger, the lead singer from the singing group The Pussycat Dolls and former member of Eden's Crush.[44] The couple reached the finals and won the competition on May 25, 2010.[45] That was the second win for Hough.\n",
            "p6": "For season eleven, Hough won for the third time with actress Jennifer Grey, known for her film roles on Dirty Dancing and Ferris Bueller's Day Off, on November 23, 2010.[46]\n",
            "p7": "Hough did not participate in season 12 in order to be a part of the film COBU 3D (later renamed to Make your Move 3D).[47]\n",
            "p8": "For season 13, he was partnered with actress and TV host Ricki Lake, known playing the original Tracy Turnblad in Hairspray.[48] Lake scored consistently high the whole season and ended up in third place.[49]\n",
            "p9": "For season 14, Hough partnered with television personality Maria Menounos.[50] In week seven, the couple earned the first 30 of the season and topped the leader board the first time in the season.[51] The couple made it to the semi-finals but were eliminated after they finished at the top of the leader board.[52] Menounos became the second celebrity in Dancing with the Stars history to be eliminated on a night where she came in first place with the judges (the first was Willa Ford in season three).[citation needed]\n",
            "p10": "For season 15 (All Stars), Hough was paired with season eight champion, Shawn Johnson.[53] They were runners-up to Melissa Rycroft and Tony Dovolani.[54]\n",
            "p11": "On July 27, 2012, Hough announced that season 15 would be his last. A few months later, on February 22, 2013, Hough announced that he would be back for season 16, stating on his Twitter account, \"Wasn\u2019t sure if I was able to do this season because of my other projects, but worked it out so I can do both. #pumped.\".[55] He was partnered with country singer and former American Idol contestant, Kellie Pickler.[56] On May 21, 2013, Pickler was crowned season 16 champion, marking the fourth time Derek won the Mirror Ball trophy, and made him the only pro to have won four Mirror Balls.[57]\n",
            "p12": "On August 2, 2013, Hough confirmed that he would be back for season 17 via an interview with Access Hollywood.[58] The cast for season 17 was announced on September 4, 2013. Hough's partner for season 17 was Glee star Amber Riley.[59][60] Riley was crowned season 17 champion, historically marking the fifth time Hough has won the Mirror Ball trophy, and made him once again the only pro to have won five Mirror Balls.[61]\n",
            "p13": "For season 18, Hough was paired with paralympic snowboarder, Amy Purdy.[62] In the finale on May 20, 2014, the couple was runner-up for the season, behind Meryl Davis and her partner Maksim Chmerkovskiy.[63]\n",
            "p14": "On August 13, 2014, ABC announced that Hough would be back for the season 19[64][65] and in September, it was announced that he would be paired with YouTube personality Bethany Mota.[66] The couple made it to the first night of the finals, finishing in fourth place.\n",
            "p15": "On February 24, 2015, Hough was announced as one of the returning professional dancers on season 20 despite previously reporting he would not be taking part in this season. He was partnered with gymnast Nastia Liukin.[67] They made it to the semi-finals, but were subsequently eliminated on May 12, finishing in fourth place.[68]\n",
            "p16": "For season 21, he was paired with wildlife conservationist and daughter of Steve Irwin, Bindi Irwin.[69] The couple made it to the finals and won the competition on November 24, 2015, marking Hough's sixth win on the show. Hough did not return for Season 22.\n",
            "p17": "On August 30, 2016, it was revealed that Hough would once again return as a professional dancer for season 23. He was paired with actress Marilu Henner.[70] They were eliminated on November 7, 2016, finishing in 6th place which is tied for his lowest finish.\n",
            "p18": "On September 8, 2020, it was revealed, after much speculation, that Hough would replace longtime DWTS judge Len Goodman. Due to the travel restrictions between England and the United States during the coronavirus pandemic, Goodman was unable to return for season 29.[71] He returned as a judge for its 30th season.[5]\n",
            "p19": "Season 5: celebrity partner Jennie Garth; average: 25.6; placed: 4th\n",
            "p20": "Season 6: celebrity partner: Shannon Elizabeth; average: 24.5;  placed: 6th\n",
            "p21": "Season 7: celebrity partner: Brooke Burke; average: 27.1; placed: 1st\n",
            "p22": "Season 8: celebrity partner: Lil' Kim; average: 25.8; placed: 5th\n",
            "p23": "Season 9: celebrity partner: Joanna Krupa; average: 25.5; placed: 4th\n",
            "p24": "Season 10: celebrity partner: Nicole Scherzinger; average: 27.5; placed: 1st\n",
            "p25": "Season 11: celebrity partner: Jennifer Grey; average: 27.2; placed: 1st\n",
            "p26": "Season 13: celebrity Partner: Ricki Lake;  Average: 26.7;   Placed: 3rd\n",
            "p27": "Season 14: celebrity partner: Maria Menounos; average: 26.8; placed: 4th\n",
            "p28": "Season 15: celebrity partner: Shawn Johnson; average: 27.9; Placed: 2nd\n",
            "p29": "Season 16: Celebrity partner: Kellie Pickler; average: 27.4; placed: 1st\n",
            "p30": "Season 17: Celebrity partner: Amber Riley; average: 27.8; placed: 1st\n",
            "p31": "Season 18: Celebrity partner: Amy Purdy; average: 27.9; placed: 2nd\n",
            "p32": "Season 19: Celebrity partner: Bethany Mota average: 36.3; placed: 4th\n",
            "p33": "Season 20: Celebrity partner: Nastia Liukin average: 36.6; placed: 4th\n",
            "p34": "Season 21: celebrity partner Bindi Irwin; average: 27.9; placed: 1st\n",
            "p35": "Season 23: Celebrity partner: Marilu Henner average: 31.7; placed: 6th\n"
        },
        {
            "header": "World of Dance",
            "p0": "In May 2017, Hough joined NBC's new dance competition series World of Dance[74] as a judge, alongside Jennifer Lopez and Ne-Yo and host/mentor Jenna Dewan. It was the top premiere of a new summer alternative series on broadcast in five years and the most-watched in nine years.[75] It was picked up for a second and continued to a third season and then a fourth.\n"
        },
        {
            "header": "Theater",
            "p0": "Hough's earliest theater work include playing the lead in Jesus Christ Superstar at the Millfield Theatre, and dancing in the company in Chitty Chitty Bang Bang at the London Palladium.[76]\n",
            "p1": "In 2006, Hough starred as Ren in the original cast production of Footloose: The Musical at the Novelo Theatre in London's West End, as well as on the 2006 UK national tour.[77] Hough's West End performance earned him a nomination as The Stuart Phillips London Newcomer of the Year in the Whatsonstage.com Theatregoers' Choice Awards.[78] Hough made his Broadway debut on January 8, 2010, starring with Kym Johnson and Mary Murphy in Burn the Floor for the final four performances of the show's Broadway run.[79]\n",
            "p2": "On January 13, 2015, it was announced that Hough would appear in the New York Spring Spectacular, at Radio City Music Hall.[80][81] Due to the production, it was announced that Hough would not return for the 10th anniversary of Dancing with the Stars, however, during the cast announcement, Hough and partner Nastia Liukin were revealed as surprise contestants.[82]\n"
        },
        {
            "header": "Acting",
            "p0": "Hough made two cameo appearances; one in 2001 in the movie Harry Potter and the Sorcerer's Stone[83] and one in 2012 in the movie Rock of Ages, where his sister Julianne was playing the female lead role.[84] In 2011, Hough took one season break from Dancing with the Stars to star in his first movie Make Your Move (original title Cobu 3D)[47] that premiered three years later, on March 31, 2014, in Los Angeles.[85]\n",
            "p1": "On April 25, 2011, Hough made a guest appearance on the ABC show Better with You as a dance instructor.[86] On August 14, 2014, it was announced that he would join the cast of the ABC series Nashville for a multi-episode arc as Noah West.[87][88] After three episodes during season three, Hough's character returns in the fourth season for more episodes.[89]\n",
            "p2": "On April 18, 2016, Hough guest starred on The CW series, Jane the Virgin.[90]\n",
            "p3": "On April 27, 2016, it was announced that Hough would play Corny Collins in the NBC live broadcast of Hairspray, which aired on December 7.[91]\n"
        },
        {
            "header": "Other media",
            "p0": "Hough was one of Bruno Tonioli's panelists on BBC One's DanceX, the first episode of which aired on July 14, 2007.[92] He went on to choreograph and perform in Cheryl Cole's \"Parachute\" music video, after being introduced to her by Tonioli.[93]\n",
            "p1": "Hough was a founding member of the Ballas Hough Band (formerly Almost Amy) and he shared lead vocals, played guitar and had several songwriting credits on the band's self-titled debut CD that was released by Hollywood Records in March 2009.[94]\n",
            "p2": "Hough directed Mark Ballas' music video for his song \"Get My Name\" that was released on MTV on May 14, 2014.[95][96][97]\n",
            "p3": "Hough's first book Taking the Lead: Lessons from a Life in Motion came out on August 5, 2014[98][99] and managed to enter The New York Times Best Seller list on August 24, 2014.[100]\n",
            "p4": "Along with Ballas, Hough bought a house in order to flip it for profit. The process of the home renovation was broadcast as a four episode series on HGTV called Mark & Derek's Excellent Flip. The show aired in the Spring of 2015.[101][102]\n",
            "p5": "In 2016, Hough appeared alongside Lindsey Stirling in the music video for The Arena which he also choreographed.[103]\n",
            "p6": "In 2017, Hough participated in the celebrity edition of American Ninja Warrior for Red Nose Day.[104]\n",
            "p7": "In 2017, in an interview with Billboard, Hough revealed that he is going to be performing on the alternative metal band Breaking Benjamin's upcoming album Ember, scheduled for a release in 2018.[105]\n",
            "p8": "In September 2019, Hough hosted an NBC special Return to Downton Abbey: A Grand Event. In November 2019, Hough had emergency surgery to remove his appendix due to appendicitis; he published a video of himself dancing with Hayley Erbert post-surgery.[106]\n",
            "p9": "In September 2020, he signed a wide-ranging deal with ABC Entertainment.[107]\n"
        }
    ]
}