{
    "id": "nm2772105",
    "name": "Oona Chaplin",
    "career": [
        {
            "header": "empty",
            "p4": "Since graduating from RADA, Chaplin has acted in mainly British and Spanish short and feature films. She has played alongside her mother in the feature films Inconceivable, \u00bfPara qu\u00e9 sirve un oso?, Imago Mortis and Anchor and Hope. She has also had supporting roles in British and American television. She appeared as a Brazilian cage dancer in ITV's Married Single Other (2010); as Marnie Madden, the wife of main character Hector Madden, in the BBC period drama The Hour (2011\u20132012); as John Watson's girlfriend in an episode of BBC's Sherlock (2012); and as Talisa Maegyr in HBO's Game of Thrones (2012\u20132013).\n",
            "p5": "She plays Kitty Trevelyan, a lead character, in the BBC drama The Crimson Field (2014), and Ira Levinson's wife Ruth Levinson in The Longest Ride (2015).\n",
            "p6": "She stars as Zilpha Geary in the eight-part historical fiction series Taboo (2017) on BBC One and FX.[10]\n",
            "p7": "Chaplin joined the cast of James Cameron's Avatar sequels in June 2017. Her character, Varang, is described as \"a strong and vibrant central character who spans the entire saga of the sequels\".[11][12]\n"
        }
    ]
}