{
    "id": "nm2868110",
    "name": "Hannibal Buress",
    "career": [
        {
            "header": "empty",
            "p9": "Buress began his stand-up career at an open mic in 2002. He has been featured in The Awkward Comedy Show special on Comedy Central, and alongside comics Baron Vaughn, Eric Andr\u00e9, Marina Franklin, and Victor Varnado, and on the FX sitcom Louie. From 2012 to 2020, he co-starred as Eric Andr\u00e9's sidekick on The Eric Andre Show.[8] In July 2010, Buress made Variety magazine's \"Ten Comics to Watch in 2010\" list.[9]\n",
            "p10": "His first stand-up comedy album My Name is Hannibal was released on July 27, 2010.\n",
            "p11": "Buress was a writer on Saturday Night Live from 2009 to 2010.[10] He left with only one of his sketches having aired.[11] In September 2010, he began writing for the fifth season of the NBC comedy series 30 Rock.[12] He left after six months,[11] although he continued to portray various characters on the show for 9 episodes from 2010 to 2012 such as \"Gus\", \"Homeless Guy\" and \"Bum\".[13][14]\n",
            "p12": "He released his second album, Animal Furnace, in 2012, which also aired as a special on Comedy Central. The album received positive reviews.[15]\n",
            "p13": "His stand-up comedy has been featured on Comedy Central programs such as Live at Gotham and John Oliver's New York Stand-Up Show. He has also performed on several late night talkshows such as The Late Late Show with Craig Ferguson, Lopez Tonight, Russell Howard's Good News, Late Night with Jimmy Fallon, The Tonight Show Starring Jimmy Fallon, Late Show with David Letterman, Jimmy Kimmel Live!, Totally Biased with W. Kamau Bell, and Conan. Additionally, he performed a set at the 2012 Secret Policeman's Ball at Radio City Music Hall in New York City.[16]\n",
            "p14": "An hourlong Comedy Central show, Hannibal Buress Live from Chicago, aired on March 29, 2014.[11]\n",
            "p15": "He used to host a weekly stand-up comedy show at The Knitting Factory on Sunday evenings in Brooklyn, New York.[17] In October 2016, Buress began a podcast called Handsome Rambler.[18]\n",
            "p16": "Buress played Coach Wilson in the 2017 Marvel movie Spider-Man: Homecoming. Buress paid a lookalike who didn't look like him to attend the film's premiere in his place, because he was busy with the film Tag. He got in contact with the lookalike when he did a video for the MTV Movie Awards.[19][7]\n",
            "p17": "On February 8, 2020, he appeared on The Bob Ross Challenge, painting for the first time, coming up with the art nickname 7.[20]\n",
            "p18": "He had a comedy special for Cornell University via Zoom on April 17 at 9 pm exclusive to the students.[21]\n",
            "p19": "Buress was one of many collaborators on 'Foam and Flotsam,' a comedy album by Chelsea Peretti about coffee. The EP was released on April 21, 2020.[22]\n",
            "p20": "On April 30, 2020, he released a single called Judge Judy, paying homage to the series of the same name after it was announced that the show would end in 2021.[23]\n"
        },
        {
            "header": "Bill Cosby routine",
            "p0": "On October 16, 2014, at the Philadelphia club The Trocadero, Buress was recorded doing an extended routine about sexual assault allegations against comedian Bill Cosby.[24] Buress addressed Cosby's legacy of \"talk[ing] down\" to young black men about their style of dress and lifestyle. Buress criticized the actor's public moralizing by saying, \"Yeah, but you raped women, Bill Cosby, so that kind of brings you down a couple notches.\" When the audience responded to Buress's accusation with incredulity (Philadelphia being Cosby's home town), he encouraged everyone to search for \"Bill Cosby rape\" on Google when they got home.[25]\n",
            "p1": "Buress had been doing the same Cosby routine for the previous six months with little response,[26] but the October performance went viral after being posted on the website of Philadelphia magazine.[27][28] A media firestorm ensued, with numerous publications tackling the question of how Cosby had managed to maintain, as Buress called it in his set, a \"Teflon image\" despite more than a decade of public sexual abuse accusations.[29][30][31][32]\n",
            "p2": "Comedian Eddie Murphy later referenced Buress's role in the allegations coming to light while impersonating Cosby during his 2015 Mark Twain Prize for American Humor acceptance speech, mockingly playing Cosby as threatening Buress's life.[33]\n"
        }
    ]
}