{
    "id": "nm2837751",
    "name": "Taylor James",
    "career": [
        {
            "header": "Mixtapes, radio",
            "p0": "While at Unruly Records James studied under local DJs such as K-Swift and Claxton,[5] and was mentored by DJ Alizay.[2][3] He also became associated with DTLR.[2] He worked for three years at Unruly before leaving to attend Hampton University in Virginia.[5]\n",
            "p1": "In college he studied business management and continued mixing at clubs and parties. On weekends he drove 130 miles each way to DJ at Love, a large club in Washington D.C. that routinely held 8,000 people.[7] He played at Love for three years, where he notably DJed birthday parties for Chris Brown and Bow Wow,[7] and an afterparty for Beyonc\u00e9.[5] He also spun at other Washington clubs including Ibiza and Park,[1] and was a guest DJ for Barack Obama's inauguration.[7] He graduated from Hampton University with a BS in business management in 2009.[1]\n",
            "p2": "As of 2012 he has a live broadcast on D.C. radio station WPGC-FM[3] on Friday nights.[7] He continues to release mixtapes on a regular basis,[7] and as of 2012 he's released over 77, which have sold over 150,000 hard copies in the mid-Atlantic region.[3][8]\n"
        },
        {
            "header": "Justin Bieber, touring",
            "p0": "While getting a haircut in July 2009[5] James got a call from former Hampton classmate DJ Boogie,[2] who was working in Atlanta with R&B artist Sammie.[1] Justin Bieber's management (also based in Atlanta) had asked Boogie for a DJ recommendation, and they interviewed James and flew him to Oklahoma to meet and tour with Bieber.[5]\n",
            "p1": "At the time James was hired Bieber had only performed in public twice.[5] James played Bieber's third performance without a tryout.[5] They played a water park in Tulsa, Oklahoma, which they headlined after Sean Kingston dropped out. At the time the act only had James, Bieber, and two dancers.[5] James continued to open concerts for the act and tour while still flying to D.C. for various gigs.[1] He was a fixture both in the \"My World Tour\", where he opened all shows for the South American leg. He was also DJ and MC for Bieber's \"Believe Tour.\"\n",
            "p2": "James contributed scratching to the track \"Right Here\" on the Justin Bieber album Believe, which peaked at #1 on the US Billboard 200.[9] He and Bieber also freestyled on the 2010 joke track \"Omaha Mall,\" a webisode of We Know the DJ, which now has five seasons.[10][11]\n"
        }
    ]
}