{
    "id": "nm2810287",
    "name": "David Dastmalchian",
    "career": [
        {
            "header": "empty",
            "p27": "Dastmalchian began his professional career in the mid-2000s in Chicago, working on stage and in commercials.[4] He has received acclaim for lead roles in Tennessee Williams's The Glass Menagerie and Sam Shepard's Buried Child at Chicago's Shattered Globe Theatre.[21] He was involved with a number of Chicago theater companies and was an artistic associate at Caffeine Theatre.[22]\n",
            "p28": "His feature film debut came in the late 2000s, as the Joker's deranged henchman, Thomas Schiff, in Christopher Nolan's The Dark Knight. His portrayal of Bob Taylor in Denis Villeneuve's Prisoners[23] received strong reviews. Richard Corliss of Time called Dastmalchian's performance \"excellent \u2013 chatty, modest with some subtle telltale psychopathy\" and The Guardian's Paul MacInnes likened his introduction as a new suspect to Kevin Spacey's entrance in Seven.[24]\n",
            "p29": "In March 2014, Dastmalchian was awarded the Special Jury Prize for Courage in Storytelling at the South by Southwest Film Festival. He wrote and starred in the feature film Animals, directed by Collin Schiffli. Ashley Moreno of The Austin Chronicle credits Dastmalchian's screenplay with \"present[ing] an authenticity often lacking in films about drug abuse.\"[25] Film Threat's Brian Tallerico similarly sings the praises of Dastmalchian's breakout performance, noting his ability to \"capture that sense of self-loathing that comes through in the body language of an addict without overselling it.\"[26]\n",
            "p30": "Other feature film appearances include starring roles in the psychological thriller The Employer,[27] the indie grindhouse hit Sushi Girl, the drama Cass (winner, San Diego Black Film Festival), Girls Will Be Girls 2012 (a sequel to the 2003 cult hit Girls Will Be Girls), Saving Lincoln, Virgin Alexander, Ant-Man, and Michel Franco's Chronic.\n",
            "p31": "He has also appeared on television: as Simon on the Fox sci-fi series Almost Human, in the episode \"Simon Says\"; as a chess expert and murder suspect on the CBS forensics procedural drama series CSI: Crime Scene Investigation; and as Oz Turner on the BBC drama series Intruders. Other television appearances include the FX sitcom The League, the Showtime crime drama series Ray Donovan, and NBC's medical drama ER.\n",
            "p32": "Dastmalchian portrayed DC Comics villain Abra Kadabra in seasons 3 and 7 of The Flash.[28]\n",
            "p33": "In 2017 he reunited with Denis Villeneuve when he appeared in Blade Runner 2049. The following year he reprised the role of Kurt in the Ant-Man sequel Ant-Man and the Wasp.[29] In 2021 he appeared as Polka-Dot Man in The Suicide Squad,[30] a character with  whom he said he connected on a personal level due to the childhood bullying he suffered as a result of his vitiligo.[12] Later that same year he appeared in his third Denis Villeneuve film when he portrayed Piter De Vries in Dune.[31]\n",
            "p34": "Dastmalchian is a comic book writer. He debuted his horror comic series Count Crowley in 2019 published by Dark Horse Comics.[32]\n"
        }
    ]
}