{
    "id": "nm2903507",
    "name": "Hayley Lovitt",
    "career": [
        {
            "header": "empty",
            "p2": "Lovitt was born in Oklahoma and moved to North Carolina when she was in middle school. Her love for acting came about throughout her youth. She attended and graduated at University of North Carolina at Wilmington.[1] She initially majored in Communication Studies and Psychology and considered becoming an attorney. She began to work professionally in 2009 in front of the camera and behind the scenes on film crew. Lovitt gained fame for her brief portrayal of Janet van Dyne / The Wasp in the film Ant-Man.[2] She has continued to make appearances in comic-book-based properties such as The Gifted as the character Sage.[3]\n",
            "p3": "She also worked as a Production Assistant, Costumer and Production Coordinator for many years before turning to act full-time.\n",
            "p4": "Lovitt is an animal lover and helps out at animal shelters.[2]\n"
        }
    ]
}