{
    "id": "nm2939724",
    "name": "Massi Furlan",
    "career": [
        {
            "header": "empty",
            "p6": "In 2007 Massi moved to Hollywood, California[2] where he quickly landed roles in the HBO pilot 1%, Days of Our Lives, and Terminator: The Sarah Connor Chronicles. These were soon followed by appearances on General Hospital, Criminal Minds, One Tree Hill, and Aim High.\n",
            "p7": "Massi then appeared in a number of feature films, including The Dark Knight Rises,[3] True Blood, Keeping Up with the Joneses, Trafficked[4] and Live By Night.[5]\n",
            "p8": "Recently, Massi portrayed a designer of Gianni Versace on The Assassination of Gianni Versace: American Crime Story, and he guest starred as Luca Camilleri on Supernatural. He played the role of Switchblade in Jumanji: The Next Level, released in December 2019.[6] Most recently, Massi appeared as the character Terry Taglin in Bad Boys for Life with Will Smith and Martin Lawrence.[7]\n"
        }
    ]
}