{
    "id": "nm2933542",
    "name": "Boyd Holbrook",
    "career": [
        {
            "header": "empty",
            "p6": "Holbrook was discovered while working part-time as a carpenter for Jenny Wiley Theatre in Kentucky.[1][3] He signed with Elite Models in 2001. He has worked for other agencies such as Wilhelmina Models.[citation needed] Holbrook has been a model for such designers and labels as Gucci, Jean Paul Gaultier, Versace, Hugo Boss, Bill Blass, Calvin Klein, Moschino, Marc Jacobs and DSquared\u00b2.[citation needed]\n",
            "p7": "Holbrook and model Omahyra Mota were the subjects of photographer Ellen Von Unwerth Paris gallery exhibition \"Omahyra & Boyd\" and the 2005 book of that title from Exhibitions International (ISBN\u00a02-914171-20-X).[4][5]\n",
            "p8": "He released a short series of poems through the website Model-Max.com, accompanied by illustrations by Jamie Strachan.[6]\n",
            "p9": "Holbrook studied acting with the William Esper Studio's two-year Meisner Acting Program and with Shane Ann Younts' two-year voice and speech program, and he received an SCPS Certificate in 16mm film from New York University.[7] He also has worked with acting coach Terry Knickerbocker.[8]\n",
            "p10": "His prior acting work includes a role in the \"Allison\" music video for Permanent Me alongside model Tiah Eckhardt.[9]\n",
            "p11": "Holbrook is a photographer who has done work for David Armstrong. He is also a sculptor and exhibited his work in his first art show, \"Iscariot\", at the Rare gallery in Chelsea, New York from April 19 to May 17, 2008.[10]\n",
            "p12": "In 2014, Holbrook appeared as Jeff in David Fincher's psychological thriller Gone Girl.[11]\n",
            "p13": "Holbrook portrayed DEA agent Steve Murphy in the Netflix series Narcos. In 2017, Holbrook played Donald Pierce, the antagonist in Logan, the sequel to The Wolverine.[12][13] In 2019, Holbrook starred as Thomas Lockhart in the Netflix thriller film, In the Shadow of the Moon.[14]\n",
            "p14": "In January 2021, Holbrook was cast as The Corinthian in the Netflix adaptation of The Sandman.[15]\n",
            "p15": "In May 2021, Holbrook was cast in the untitled fifth Indiana Jones film.[16]\n"
        }
    ]
}