{
    "id": "nm2966488",
    "name": "Josh Pence",
    "career": [
        {
            "header": "empty",
            "p2": "Pence first appeared in the 2006 film The Good Shepherd in an uncredited role as Bonesman. Pence appeared in the 2010 film The Social Network as Tyler Winklevoss, alongside Armie Hammer. Pence played the part of Tyler Winklevoss during filming and Hammer's face was grafted onto Pence's body in post-production to create the illusion of identical twins. Split-screen photography was also used. He also played Cameron Winklevoss in certain scenes, for particular setups.[2] Pence also appears in a separate cameo role elsewhere in the film.[3]\n",
            "p3": "In 2012, Pence portrayed a naval petty officer in the film Battleship, alongside Liam Neeson (with whom he previously worked with when he portrayed Young Ra's al Ghul in Christopher Nolan's film The Dark Knight Rises).[4]\n",
            "p4": "In June 2012, Pence signed on as an ambassador to global aid agency Mercy Corps, blogging for The Huffington Post about his first trip to Haiti.[5]\n",
            "p5": "Pence also appeared in the 2013 crime film Gangster Squad as Daryl Gates, as well as in the 2014 sports drama film Draft Day.\n",
            "p6": "Pence is currently part of the main cast of Freeform\u2018s spin-off of The Fosters, Good Trouble. He plays Dennis.\n"
        }
    ]
}