{
    "id": "nm3011350",
    "name": "Ma Dong-seok",
    "career": [
        {
            "header": "empty",
            "p16": "Ma rose to fame for his supporting roles in the films The Neighbor, Nameless Gangster: Rules of the Time, and The Unjust.[6] He then played leading roles in Norigae, Murderer, and One on One.[7][8]\n",
            "p17": "Ma's role in the zombie film Train to Busan propelled him to international popularity.[9] His subsequent leading roles in films Derailed, The Bros, The Outlaws,  Unstoppable,  Champion, The Gangster, the Cop, the Devil, The Bad Guys: Reign of Chaos and The Roundup along with supporting roles in Along with the Gods: The Last 49 Days and Ashfall have met with critical and commercial successes led him to Most Bankable Star of Korean Cinema.[10][11][12][13] Although known for his 'tough guy' persona roles, Ma is often celebrated and criticized for playing similar roles in his movies.[14] In 2019, he joined the cast of the MCU film Eternals as Gilgamesh which marked his Hollywood debut.[15]\n",
            "p18": "On television, Ma is known for his roles in the hit OCN series Bad Guys and Squad 38.[16][17]\n",
            "p19": "In 2022, Ma signed a contract with LDH Japan, another large Japanese agency.[18] His 2022 release action crime thriller The Roundup, sequel to his 2017 film The Outlaws not only opened to unanimous positive reviews but also became the highest grossing film of 2022 by surpassing 12 million admissions for the first time since 2019 and all time 3rd highest grosser in South Korea.[19][20][21]\n"
        }
    ]
}