{
    "id": "nm3024747",
    "name": "Mason Kayne",
    "career": [
        {
            "header": "empty",
            "p3": "Kayne is best known for his role in the British television series Ashes To Ashes as Young Gene Hunt.[1] He also appeared in a music video for the band The Futureheads for their single \"Radio Heart\" from their third album This Is Not The World.[2] In October 2011 Kayne made his theatre debut in the show An Experiment with an Air Pump by Shelagh Stephenson where he was cast in the dual role of Thomas Armstrong/Phil.[3]\n"
        }
    ]
}