{
    "id": "nm3053338",
    "name": "Margot Robbie",
    "career": [
        {
            "header": "2008\u20132015: Early work and breakthrough",
            "p0": "Robbie's first acting roles came when she was in high school. She starred in two low-budget independent thriller films, called Vigilante and I.C.U., both released years later. She described the experience of being on a film set as \"a dream come true\".[11] She made her television debut in a 2008 guest role as Caitlin Brentford in the drama series City Homicide and followed this with a two-episode arc in the children's television series The Elephant Princess, in which she starred alongside Liam Hemsworth.[12]\n",
            "p1": "With the encouragement from her agent at the time, Robbie auditioned for the television soap opera Neighbours. In June 2008, she began playing Donna Freedman, a role that was meant to be a guest character, but Robbie was promoted to the regular cast after she made her debut.[13] In her three-year stint on the soap, she received two Logie Award nominations.[14] Shortly after arriving in America, Robbie landed the role of Laura Cameron, a newly trained flight attendant in the period drama series Pan Am (2011). The series premiered to high ratings and positive reviews but was cancelled after one season due to falling ratings.[15][16]\n",
            "p2": "Robbie made her feature film debut in Richard Curtis' romantic comedy About Time (2013), co-starring Domhnall Gleeson and Rachel McAdams. It tells the story of a young man with the ability to time travel who tries to change his past in hopes of improving his future. To play Gleeson's unattainable teenage love interest, she adopted a British accent.[17] The film was a modest critical and commercial success, with a reviewer for Variety praising the cast, while also criticising the stock characters as being too familiar.[18][19]\n",
            "p3": "Robbie's breakthrough came the same year with the role of Naomi Lapaglia, the wife of protagonist Jordan Belfort in Martin Scorsese's biographical black comedy The Wolf of Wall Street. Co-starring Leonardo DiCaprio as Belfort, the film recounts his perspective on his career as a stockbroker in New York City and how his firm engaged in rampant corruption and fraud on Wall Street, which led to his downfall. In her audition for the role, Robbie improvised a slap on DiCaprio during a fight scene which ultimately won her the part.[20] The film and her performance received positive reviews; she was particularly praised for her on-screen Brooklyn accent.[21] Critic Sasha Stone wrote of Robbie's performance, \"She's Scorsese's best blonde bombshell discovery since Cathy Moriarty in Raging Bull. Robbie is funny, hard and kills every scene she's in.\"[22] The Wolf of Wall Street was a box office success, grossing $392\u00a0million worldwide, making it Scorsese's highest-grossing film to date.[23] Robbie was nominated for the MTV Movie Award for Best Breakthrough Performance and won the Empire Award for Best Newcomer.[24] She later said that the fame and attention the movie brought her led her to consider quitting acting, but her mother talked her out of it.[25]\n",
            "p4": "With the aim to produce more female-driven projects, Robbie and her future husband Tom Ackerley and their respective longtime friends, Sophia Kerr and Josey McNamara, started their own production company LuckyChap Entertainment. The company was founded in 2014 and its name was inspired by Charlie Chaplin.[3]\n",
            "p5": "Robbie appeared in four films released in 2015. The first of these was opposite Will Smith in Glenn Ficarra and John Requa's $158.8\u00a0million-grossing romantic comedy-drama film Focus. In the film, she played an inexperienced grifter learning the craft from Smith's character; she learned how to pickpocket from Apollo Robbins for the role.[26][27] Reviews of the film were generally mixed, but Robbie's performance was praised; Peter Travers of Rolling Stone wrote, \"Robbie is wow and then some. Even when Focus fumbles, [she] deals a winning hand.\"[28] \nShe was nominated for the Rising Star Award at the 68th British Academy Film Awards.[29] Her next appearance was alongside Michelle Williams and Kristin Scott Thomas in Saul Dibb's war romantic drama Suite Fran\u00e7aise, a film based on the second part of Ir\u00e8ne N\u00e9mirovsky's 2004 novel of the same name. In the film, she played a woman falling for a German soldier during the German occupation of France during World War II, a role which Leslie Felperin of The Hollywood Reporter found \"underwritten\".[30]\n",
            "p6": "She followed this with Craig Zobel's post-apocalyptic drama Z for Zachariah opposite Chris Pine and Chiwetel Ejiofor, in her first leading role. Partially based on Robert C. O'Brien's book of the same name, the film follows Ann Burden (Robbie) as she finds herself in an emotionally charged love triangle with the last known survivors of a disaster that wipes out most of civilization. In preparation for the film, Robbie dyed her hair brown and learned to speak in an Appalachian accent.[31] The film received positive reviews, and Robbie's performance was widely praised, with Drew McWeeny of HitFix asserting that \"Robbie's work here establishes her as one of the very best actresses in her age range today.\"[32][33] Her fourth release of 2015 was a cameo appearance in Adam McKay's comedy-drama The Big Short, in which she breaks the fourth wall to explain subprime mortgages while in a bathtub. The Big Short was a commercial and critical success and Robbie's cameo became a trending topic six years later, in the wake of the GameStop short squeeze, as her explanation provided reference points for what was happening with the GameStop and related stocks.[34]\n"
        },
        {
            "header": "2016\u20132018: Worldwide recognition",
            "p0": "In 2016, Robbie reunited with Ficarra and Requa, playing a British war correspondent in the film adaptation of The Taliban Shuffle called Whiskey Tango Foxtrot, co-starring Tina Fey and Martin Freeman. The comedy-drama was a commercial failure, though it was a modest critical success.[35][36] Later that year, Robbie took on the part of Jane Porter in David Yates's adventure film The Legend of Tarzan. She was adamant about not losing weight and ensuring the role was not a damsel in distress like in previous Tarzan adaptations: \"I definitely didn't want her to be a damsel in distress, and I just wanted her to be actively finding a way out of the situation. I didn't want her to be sitting around waiting for someone to come save her but also to be, in the meantime, fixing the problem herself.\"[37] Reviews of the film were generally unfavourable,[38] but Manohla Dargis of The New York Times credited Robbie for \"holding her own\" in her supporting role alongside the all-male cast with Alexander Skarsg\u00e5rd and Samuel L. Jackson. Dargis further praised the film by writing, \"What makes it more enjoyable than a lot of recycled stories of this type is that the filmmakers have given Tarzan a thoughtful, imperfect makeover.\"[39]\n",
            "p1": "Robbie became the first person to portray DC Comics villain Harley Quinn in live-action when she signed on to David Ayer's 2016 superhero film Suicide Squad alongside an ensemble cast that included Will Smith, Jared Leto and Viola Davis. She admitted to having never read the comics, but felt a huge responsibility to do the character justice and satisfy the fans.[40] Robbie began preparing for the role of the supervillainess six months prior to the film shoot; her schedule consisted of gymnastics, boxing, aerial silk training and learning how to hold her breath underwater for five minutes. She performed the majority of her own stunts in the film.[41] Suicide Squad was a commercial success and was tenth-highest-grossing film of 2016 with global revenues of $746.8 million, and Robbie's performance was considered its prime asset.[42] Writing for Time, Stephanie Zacharek found Robbie to be \"a criminally appealing actress, likable in just about every way\" despite finding flaws in the character[43] and Christopher Orr of The Atlantic called her performance \"genuinely terrific\".[44] At the annual People's Choice Awards ceremony, she won the Favorite Action Movie Actress award and was also awarded the Critics' Choice Movie Award for Best Actress in an Action Movie.[45][46]\nIn October 2016, Robbie hosted the season 42 premiere of NBC's late-night sketch comedy Saturday Night Live; her appearances included a parody of Ivanka Trump.[47] The series logged its strongest season premiere ratings in eight years.[48] Robbie collaborated with Domhnall Gleeson in Simon Curtis' Goodbye Christopher Robin (2017), a biographical drama about the lives of Winnie-the-Pooh creator A. A. Milne and his family. The film, and her performance, received modest reviews and was a commercial failure.[49][50]\n",
            "p2": "Her final release of 2017 and LuckyChap Entertainment's first release was Craig Gillespie's sports black comedy I, Tonya, based on the life of American figure skater Tonya Harding (Robbie) and her connection to the 1994 assault on rival Nancy Kerrigan. In preparation, Robbie met with Harding, watched old footage and interviews of her, worked with a voice coach to speak in Harding's Pacific Northwest accent and vocal timbre at different ages, and underwent several months of rigorous skating instruction with choreographer Sarah Kawahara.[51][52] I, Tonya premiered at the 2017 Toronto International Film Festival to critical acclaim.[53] James Luxford of Metro deemed it Robbie's best performance to date, and Mark Kermode of The Observer wrote, \"Like the jaw-dropping triple-axel jump that made champion figure skater Tonya Harding famous, Margot Robbie's performance in this satirical, postmodern tale of the disgraced star is a tour-de-force tornado that balances finely nuanced character development with impressively punchy physicality. [...] Robbie never puts a foot wrong as the proud Portland outsider\".[54][55] She received numerous accolades for her performance, including nominations for an Academy Award, a BAFTA Award, a Golden Globe Award, a Screen Actors Guild Award and a Critics' Choice Movie Award, all for Best Actress.[56] She became the first actress to receive an Oscar nomination for portraying a real-life Olympic athlete.[57]\n",
            "p3": "Robbie began 2018 with the voice role of Flopsy Rabbit in Peter Rabbit, a computer-animated comedy from director Will Gluck, which is based on the Beatrix Potter book series. The animated feature was a box office success, grossing $351.3 million worldwide against a production budget of $50 million.[58] Her next two 2018 films\u2014the neo-noir thriller Terminal and comedy-horror Slaughterhouse Rulez\u2014were critical and commercial failures, but Robbie's performance in the former was praised, with Jeffrey M. Anderson of The San Francisco Examiner writing, \"Robbie is a bright one, and even though Terminal isn't much, it offers a chance to watch her shine.\"[59]\n",
            "p4": "The historical drama Mary Queen of Scots, directed by Josie Rourke, was her final release of 2018. The film featured Saoirse Ronan as the titular character and Robbie as her cousin Queen Elizabeth I, and it chronicles the 1569 conflict between their two countries. Robbie had initially turned down the role for being \"terrified\" of not living up to the history of portrayals of the Queen.[60] Before each day of shooting, she spent three hours in the make-up chair while a prosthetic nose, painted on boils and blisters were applied.[61] The film premiered at the annual AFI Fest, to mostly mixed reviews; critics dismissed the film for its screenplay and several historical inaccuracies, but praised the performances of Robbie and Ronan and their chemistry.[62] Yolanda Machado of TheWrap wrote, \"[B]ow down to Ronan and Robbie for taking two legendarily complex characters, [...] and completely owning both roles. Ronan's fiery Mary and Robbie's emotionally complex Elizabeth truly reign divine on screen.\"[63] For her portrayal, Robbie received nominations for a BAFTA Award and for a Screen Actors Guild Award.[64]\n"
        },
        {
            "header": "2019\u2013present: Established actress",
            "p0": "Robbie's first release of 2019 was the LuckyChap Entertainment production Dreamland, a poorly received period crime thriller set during the 1930s Dust Bowl.[65] She began executive producing the comedy series Dollface, which aired on Hulu from 2019 to 2022.[66] In the same year, she starred as Sharon Tate alongside Leonardo DiCaprio and Brad Pitt in Quentin Tarantino's comedy-drama Once Upon a Time in Hollywood, with Robbie being Tarantino's only choice to play the late actress.[67] With the Tate-LaBianca Murders serving as a backdrop, the film tells the story of a fading character actor (DiCaprio) and his stunt double (Pitt) as they navigate New Hollywood in 1969 Los Angeles.[68] Feeling \"an enormous sense of responsibility\", Robbie prepared for the role by meeting Tate's family members and friends, watching all of her films and reading the autobiography by Tate's then-husband, Roman Polanski.[69] Once Upon a Time in Hollywood premiered at the 2019 Cannes Film Festival to critical acclaim, and was a commercial success with a worldwide gross of $374.3 million.[70] Despite many criticising Robbie's lack of lines in the film,[71] Robbie Collin of The Daily Telegraph highlighted a scene with Robbie in the cinema, which he found to be the film's \"most delightful\" scene.[72]\n",
            "p1": "Also in 2019, she starred as Kayla Pospisil, a composite character based on several Fox News employees, in Jay Roach's drama Bombshell. Co-starring Charlize Theron and Nicole Kidman, the film recounts stories of various female personnel at the news network and their reports of sexual harassment by the network's chairman Roger Ailes.[73] Robbie based her character's accent on Katherine Harris.[74] The film received positive reviews;[75] Kenneth Turan of the Los Angeles Times wrote, \"Robbie [is] at her best, the arc of her story is so crushing that it stays with you the longest.\"[76] For her performances in Once Upon a Time in Hollywood and Bombshell, she received double nominations for the BAFTA Award for Best Actress in a Supporting Role and the Screen Actors Guild Award for Outstanding Performance by a Cast in a Motion Picture, and for the latter she received nominations for an Academy Award, a Golden Globe and a Screen Actors Guild Award; all in the Best Supporting Actress category.[77]\n",
            "p2": "Robbie began the new decade by reprising the role of Harley Quinn in Cathy Yan's Birds of Prey. Determined to make a female ensemble action film, she pitched the idea for the film to Warner Bros. in 2015. Robbie spent the subsequent three years developing the project under her production company, making a concerted effort to hire a female director and screenwriter.[78] Birds of Prey, along with Robbie's performance, gained generally positive reviews;[79][80][81] Ian Freer of Empire wrote that \"the MVP is Robbie, who lends Harley charming quirk and believable menace, hinting at Harley's inner life without reams of dialogue.\"[82] She received two nominations at the 46th People's Choice Awards.[83]\n",
            "p3": "Robbie served as a producer on Promising Young Woman (2020), a comedy thriller by writer-director Emerald Fennell. It starred Carey Mulligan as a woman who seeks to avenge the death of her best friend, who was a victim of rape. The film premiered at the 2020 Sundance Film Festival to critical acclaim,[84][85] later receiving a nomination for the Academy Award for Best Picture.[86] In 2021, Robbie reprised her voice role as Flopsy Rabbit in Will Gluck's Peter Rabbit 2: The Runaway, released a year later due to the COVID-19 pandemic. The film received mixed reviews and grossed $153.8 million worldwide.[87][88] She also made her third outing as Harley Quinn in the standalone sequel to Suicide Squad, called The Suicide Squad, written and directed by James Gunn. Due to the COVID-19 pandemic, the film was simultaneously released theatrically and on the streaming service HBO Max. Owen Gleiberman praised Robbie's \"delectable performance\" in it.[89] In the same year, she served as an executive producer for the Netflix miniseries Maid.[90]\n",
            "p4": "In 2022, Robbie reprised her role as Donna Freedman for the final episode of Neighbours.[91] She starred alongside an ensemble cast in David O. Russell's period comedy Amsterdam, based on the 1933 Business Plot.[92] The film emerged as a critical and commercial failure.[93][94] In her second film release of the year, she will play Nellie LaRoy, an actress inspired by silent movie star Clara Bow, in Damien Chazelle's comedy-drama Babylon. In preparation, she studied the works of Bow and researched her traumatic childhood.[25] She described LaRoy as \"the most physically and emotionally draining character I\u2019ve ever played\".[25]\n",
            "p5": "Robbie will next portray the titular fashion doll in Greta Gerwig's 2023 romantic comedy Barbie opposite Ryan Gosling,[95] and join the ensemble cast of Wes Anderson's film Asteroid City.[96] She has also committed to star in and produce a prequel to the Ocean's film series.[97]\n"
        }
    ]
}