{
    "id": "nm3047970",
    "name": "Shane Thompson",
    "career": [
        {
            "header": "empty",
            "p1": "Mr. Thompson was first elected to the 18th Assembly in November 2015, and served as Chair of the Standing Committee on Social Development. Mr. Thompson was also a member of the Standing Committee on Priorities and Planning, the Standing Committee on Rules and Procedures, and the Striking Committee.\n",
            "p2": "Mr. Thompson previously served two terms (three years each) as an elected official with the Fort Simpson District Education Authority, spending the last four years as the chairperson. Over the past 35 years, he has served on various community and territorial boards.\n",
            "p3": "Mr. Thompson was employed as the Senior Sport and Recreation Coordinator with Municipal and Community Affairs (GNWT) in the Deh Cho region before being elected as a Member.\n",
            "p4": "Mr. Thompson completed the Community Recreation Leaders Program at Arctic College in 1989 and is currently working on a Masters Certificate on Evaluation at the University of Victoria and Carleton University. He also completed three years towards an Education degree at the University of Alberta.\n",
            "p5": "Mr. Thompson is an active volunteer with Northern Youth Aboard, CBET and Fundamental Movement, and HIGH FIVE\u00ae. As well, he is a past member of the Sport North Federation Board, NWT Softball and of NWTRPA, and the past president of Seven Spruce Golf Course.\n",
            "p6": "Mr. Thompson is the father of seven children - five daughters and two sons \u2013 and has eight grandchildren.\n",
            "p7": "He has been a Justice of the Peace since 1991.\n"
        }
    ]
}