{
    "id": "nm3112453",
    "name": "Mohammed Amer",
    "career": [
        {
            "header": "empty",
            "p1": "Amer's elder brother took him to see Bill Cosby perform at the Houston Astrodome when he was 10 years old.[2] At the age of 14, Amer discovered stand-up comedy at a Texas rodeo.[7][8]\n",
            "p2": "After the death of his father, Amer started being truant and taking unsanctioned trips to Mexico with his friends.[2] An English teacher made a deal with Amer that if he performed a monologue from William Shakespeare in front of her class, she would reinstate his grade before his truancy began and allow him to try comedy in front of the class every Friday. Amer graduated and focused on his passion.[2] He then participated in and had leading roles in high school theatre, and started performing stand-up comedy[9][10] by impersonating family members[11] and developed it over a few years in the comedy club scene.[12] Amer performed at Houston's comedy clubs as often as possible to refine his act while working a day job at a flag manufacturing company owned by a family friend.[2]\n",
            "p3": "In June 1999,[5] Amer entered Houston's Funniest Person Contest and made the finals. There another comedian directed him to The Comedy Showcase as the best guided comedy room. The owner of The Comedy Showcase, Danny Martinez, mentored and taught him about stand-up.[13] At the age of 19, he was being flown out to play to US troops stationed abroad.[4] becoming the first and only Arab-American refugee comic to perform for US and coalition troops overseas.[14]\n",
            "p4": "Amer has performed tours in over 27 countries on five continents, including Germany, Italy, Sicily, Japan, Korea and Bahrain, as well as with other Muslim comedians Preacher Moss and Azhar Usman in the Allah Made Me Funny comedy tour since 2006.[15]\n",
            "p5": "In 2004, he performed at The Comedy Festival in Las Vegas.[9][11]\n",
            "p6": "In April 2007, he performed at the Islamic Relief Evening of Inspiration event[16] at the Royal Albert Hall organised by Islamic Relief.[17]\n",
            "p7": "In July 2008, he performed at the Islam Expo in Olympia, London.[18] In October 2008, he performed at the Global Peace and Unity event in the ExCeL Exhibition Centre in London organised by Islam Channel.[12][19]\n",
            "p8": "As well as with Allah Made Me Funny, Amer has performed at sold-out shows worldwide, including Royal Albert Hall and Hammersmith Apollo (London), Acer Arena (Sydney), Nelson Mandela Theatre (Johannesburg), Shrine Auditorium (Los Angeles), as well as the Malm\u00f6 Arts Festival (Sweden), the Amman Stand-up Comedy Festival (Jordan), and the World's Funniest Island Festival (Australia).[14]\n",
            "p9": "Amer has been interviewed on television and radio, including on NPR, BBC, and CNN.[14] He has appeared on television, starred in an independent films, and has been interviewed by over 100 major world media outlets, including The New York Times, Rolling Stone, and The Guardian. He was also featured on Al-Bernameg with Bassem Youssef (The Daily Show of Egypt) as the only Arab-American comedian to appear on the show.[20]\n",
            "p10": "In June 2013, Amer featured on an interfaith special, What's So Funny About Religion?, which was broadcast on the CBS Television Network.[21]\n",
            "p11": "Amer developed his first solo feature-length documentary-comedy special, working with long-time standup collaborator Azhar Usman, co-produced through their jointly owned production entity, Kalijaga Media LLC.[14][20][22] On May 3, 2015, Amer recorded his one-hour special, Legally Homeless, at the Warner Theatre[2] presented by Live Nation Comedy.[23] He became the first Arab-American to star in his own nationally televised one-hour stand-up special.[7][8][24] The show's title is derived from the fact that Amer has traveled to more than 20 countries without a passport, and straddled multiple cultures while growing up in the U.S. Legally Homeless includes appearances by Azhar Usman, Bassem Youssef, Hasan Minhaj, Ramy Youssef, and independent rapper Brother Ali.[22]\n",
            "p12": "From August 10\u201313, 2015, Amer joined Bob Alper and Ahmed Ahmed for four nights of comedy in Ramallah, West Bank.[25]\n",
            "p13": "Amer also has co-written an original feature screenplay with award-winning filmmaker Iman Zawahry and longtime stand-up collaborator Azhar Usman.[14][20]\n",
            "p14": "In October 2015, Amer began touring with and opening for Dave Chappelle regularly across the U.S.[26]\n",
            "p15": "In March 2017, Amer made his U.S. network television debut on The Late Show with Stephen Colbert.[27]\n",
            "p16": "In 2018, Amer joined the cast of the Hulu show Ramy, starring Ramy Youssef, where he plays Ramy's cousin Mo, who owns and operates a diner, where many of the show's characters congregate. Amer is currently in the second season of Ramy.\n",
            "p17": "Amer filmed his first Netflix comedy special on June 27, 2018, at Paramount Theatre in Austin, Texas.[28] It was released as Mo Amer: The Vagabond on Netflix in 2018.[29]\n",
            "p18": "He also created and stars in a new TV series on Netflix called Mo, released in August 2022. The series (co created by Ramy Youssef), is loosely based on Amer's experience growing up as a Palestinian refugee.[30]\n"
        }
    ]
}