{
    "id": "nm3103126",
    "name": "Michael Mando",
    "career": [
        {
            "header": "empty",
            "p8": "After playing the leading character in two award-winning professional theatre productions in Montreal,[6] Mando founded Red Barlo Productions.[5][6][8] The company\u2019s first film, Conditional Affection (which Mando starred in, directed and wrote) was released in 2010 and officially selected to Fantasia,[9][10] Bare Bones,[10][11] ACTRA Short Films,[5][10] and the New Hope International Film Festivals.[10][12]\n",
            "p9": "Mando\u2019s television debut simultaneously followed with a wide range of contrasting characters. His credits include guest appearances in the crime series The Bridge, the medical drama mini-series Bloodletting and Miraculous Cures, as an MS-13 gang member in The Border, and as a close friend of the character Kenzi (played by Ksenia Solo) in the sci-fi series Lost Girl.\n",
            "p10": "Mando has had repeated collaborations with directors John Fawcett and \u00c9rik Canuel as well as producer David Barlow. He had a starring role in the 2010 feature film Territories.[13] In 2011, he had a recurring role in Les Bleus de Ramville[13][14] and a guest appearance on the series King.[13] He is the voice and likeness of Vaas Montenegro, a major character of the 2012 video game Far Cry 3. He also starred in a webseries called The Far Cry Experience as Vaas, who captures and tortures Christopher Mintz-Plasse as himself. In the 2020s, Mando would reprise his role as Vaas for Far Cry VR: Dive Into Insanity and Far Cry 6.\n",
            "p11": "In 2012, Mando was cast in the first season of the science fiction television series Orphan Black, which began airing in 2013.[15] He played Vic, an abusive drug-dealer and was nominated for a Canadian Screen Award for his work on the series.[16] He reprised his role of Vic in the second season in a recurring role. In 2014, Mando joined the cast of Better Call Saul, the Breaking Bad spin-off, portraying Nacho Varga, a career criminal.[17]\n"
        }
    ]
}