{
    "id": "nm3259316",
    "name": "Fabrice Calmels",
    "career": [
        {
            "header": "empty",
            "p22": "In 2001, due to difficulties regaining his visa, Fabrice took advantage of a year back at home in Paris, France to perfect his pas de deux skills performing the acrobatic pas de deux for the famed Lido de Paris.[citation needed]\n",
            "p23": "In 2002, Calmels established himself in Chicago with the Joffrey Ballet, under the direction of company co-founder Gerald Arpino.[citation needed]\n",
            "p24": "In 2004, Calmels became a lead dancer at the Joffrey Ballet, markedly through his Principal role as Apollo. He was also coached by Sir Anthony Dowell for the title role of Oberon in Frederick Ashton's A Midsummer Night\u2019s Dream. \n",
            "p25": "In 2009, he performed the title role in the Joffrey Ballet\u2019s premiere of Lar Lubovitch\u2019s Othello, which he reprised in 2013. Calmels performed the Othello pas de deux for the 2016 Benois de la Danse Gala at the Bolshoi Theatre in Moscow, Russia.[4]\n",
            "p26": "In 2014 and 2016, Calmels was a guest judge on the Fox television show So You Think You Can Dance.[citation needed] In September 2014, Calmels established and set a Guinness World Record for Tallest Ballet Dancer in the World with an official height of 199.73cm (6 feet 6.63 inches).[5][6]\n",
            "p27": "In 2015, Calmels was featured in the \u201cInto the Galaxy\u201d multi-media campaign for Samsung Electronics. Calmels appeared alongside supermodel Karlie Kloss in the Versace 2016 Fall/Winter campaign shot by famed photographer Bruce Weber.[citation needed]\n",
            "p28": "In 2016, Calmels signed on to be represented by IMG Models.[7] [8]\n",
            "p29": "In 2021, Calmels appeared as \"Claude\" in the Fox television show The Big Leap.[9]\n",
            "p30": "In his spare time, Calmels focuses on developing and producing his own multi-media dance based productions and is a member of the board of directors for the DizzyFeet Foundation.[10]\n"
        }
    ]
}