{
    "id": "nm3289255",
    "name": "Barry Carter",
    "career": [
        {
            "header": "empty",
            "p1": "Carter spent 14 years as a professor in the Department of Chemical Engineering and Materials Science at Cornell University.[4] He then spent 16 years as a professor and the 3M Endowed Multidisciplinary Chair in the Department of Chemical Engineering and Materials Science at the University of Minnesota.[5] Carter chaired the University of Connecticut's Department of Chemical, Materials, and Biomolecular Engineering for 5 years.[5] He had earlier held visiting positions at LANL (as the Bernd T. Matthias Scholar), Chalmers (as the 2004 Jubilee Professor), NIMS in Tsukuba, Bristol University, Max Planck Institute in Stuttgart, the Institute for Physical Chemistry in Hanover and the Ernst Ruska Center in J\u00fclich.[5]\n"
        }
    ]
}