{
    "id": "nm3365233",
    "name": "Maxwell Newman",
    "career": [
        {
            "header": "Fielden Chair, Victoria University of Manchester",
            "p0": "In September 1945, Newman was appointed head of the Mathematics Department and to the Fielden Chair of Pure Mathematics at the University of Manchester.[22][27]\n",
            "p1": "Newman lost no time in establishing the renowned Royal Society Computing Machine Laboratory at the University.[27] In February 1946, he wrote to John von Neumann, expressing his desire to build a computing machine.[22] The Royal Society approved Newman's grant application in July 1946.[22] Frederic Calland Williams and Thomas Kilburn, experts in electronic circuit design, were recruited from the Telecommunications Research Establishment.[22][27] Kilburn and Williams built Baby, the world's first electronic stored-program digital computer based on Alan Turing's and John von Neumann's ideas.[22][27]\n",
            "p2": "After the Automatic Computing Engine suffered delays and set backs, Turing accepted Newman's offer and joined the Computer Machine Laboratory in May 1948 as Deputy Director (there being no Director). Turing joined Kilburn and Williams to work on Baby's successor, the Manchester Mark I. Collaboration between the University and Ferranti later produced the Ferranti Mark I, the first mass-produced computer to go on sale.[22]\n"
        },
        {
            "header": "Retirement",
            "p0": "Newman retired in 1964 to live in Comberton, near Cambridge. After Lyn's death in 1973, he married Margaret Penrose, widow of his friend Lionel Penrose, father of Sir Roger Penrose.[15][28]\n",
            "p1": "He continued to do research on combinatorial topology during a period when England was a major centre of activity notably Cambridge under the leadership of Christopher Zeeman. Newman made important contributions leading to an invitation to present his work at the 1962 International Congress of Mathematicians in Stockholm at the age of 65, and proved a Generalized Poincar\u00e9 conjecture for topological manifolds in 1966.\n",
            "p2": "At the age of 85, Newman began to suffer from Alzheimer's disease. He died in Cambridge two years later.[15]\n"
        }
    ]
}