{
    "id": "nm3313925",
    "name": "Ronda Rousey",
    "career": [
        {
            "header": "Background",
            "p0": "Rousey is a professional wrestling fan. She, Shayna Baszler, Jessamyn Duke and Marina Shafir have dubbed themselves \"The Four Horsewomen,\" a play on The Four Horsemen professional wrestling stable, with the blessing of members Ric Flair and Arn Anderson.[128]\n"
        },
        {
            "header": "WWE",
            "p0": "The Four Horsewomen were acknowledged on camera and commentary as such, in the front row at WWE's SummerSlam event on August 17, 2014. The group also went backstage during the event, meeting Paul Heyman, among others.[129] Rousey was interviewed by WWE.com that night; when asked if she, like Brock Lesnar, would cross over to wrestling, she replied: \"You never know.\"[130]\n",
            "p1": "At WrestleMania 31 on March 29, 2015, the Four Horsewomen were seated in the front row. During an in-ring argument between The Rock and The Authority (Stephanie McMahon and Triple H), McMahon slapped the Rock and ordered him to leave \"her ring\". She taunted him, saying he would not hit a woman. He left, paused and walked over to Rousey to a loud ovation. He then helped her into the ring and said that she would be happy to hit McMahon for him. After a staredown, The Rock attacked Triple H. When he stumbled toward Rousey, she tossed him out of the ring. McMahon tried to slap her, was blocked and Rousey grabbed her arm, teasing an armbar, before throwing her out of the ring. Rousey and the Rock celebrated in the ring, while the Authority retreated with the implication of revenge.[131] The segment was replayed and discussed throughout the next night's Raw with the commentators hyping a tweet Rousey made earlier that day, in which she implied a return to WWE with \"We're just gettin' started...\".[132]\n",
            "p2": "On July 13, 14, and September 12, 2017, the Horsewomen appeared in the audience of the Mae Young Classic to support their compatriot Shayna Baszler, who was making her WWE debut in the tournament. Additionally, during the event, all four Horsewomen had a face-off with Charlotte Flair, Becky Lynch, and Bayley, who, in WWE together with Sasha Banks, are also known as the Four Horsewomen, hinting at a possible future feud between the two groups.[133][134][135]\n",
            "p3": "It was reported in 2017 that Rousey had signed with the WWE on a full-time basis and had been training at the WWE Performance Center in Orlando. She also trained under Brian Kendrick at his wrestling school.[6][7]\n",
            "p4": "Rousey made a surprise appearance at Royal Rumble on January 28, 2018, confronting Raw Women's Champion Alexa Bliss, SmackDown Women's Champion Charlotte Flair, and Asuka, who had just won the inaugural women's Royal Rumble match. ESPN immediately revealed during the segment that she had signed a full\u2013time contract with WWE.[21][136][137] The jacket which Rousey wore during this appearance belonged to \"Rowdy\" Roddy Piper, given to her by his son.[138] On February 25 at the Elimination Chamber pay\u2013per\u2013view, Rousey was involved in an in\u2013ring altercation with Triple H and Stephanie McMahon, after which she signed her contract (in storyline), thus making her a part of the Raw brand.[139][140]\n",
            "p5": "On the March 5 episode of Raw, it was announced that Rousey would make her in\u2013ring debut at WrestleMania 34, WWE's flagship event, in a mixed tag team match pitting Rousey and Kurt Angle as her partner against Stephanie McMahon and Triple H.[141][142] At WrestleMania on April 8, Rousey submitted McMahon with her trademark armbar submission hold to secure the win for her team.[143] Her debut performance was widely praised by both fans and wrestling critics, with Jim Cornette calling it the greatest debut ever while Dave Meltzer of the Wrestling Observer noting that she \"at no point looked out of her element, she was crisp in just about everything\", calling her performance \"one of the better pro wrestling debuts I've ever seen\".[144][145][146] The Washington Post noted the positive fan reaction, stating \"The match exceeded expectations, with fans firmly behind Rousey\" and \"[fans were] surprised [at her] high\u2013level coordination and quality of wrestling. Even those who were not agreed the match was entertaining.\"[147]\n",
            "p6": "In May, she was challenged by then-champion Nia Jax, and it was announced that Rousey would get her first opportunity at the Raw Women's Championship at the Money in the Bank pay\u2013per\u2013view.[148] At the event on June 17, Rousey won the match by disqualification after interference by Alexa Bliss, who attacked both Rousey and Jax and cashed in her Money in the Bank contract (which she won earlier that night) to win the title instead.[149][150] For her first singles match and title opportunity, she was once again praised by fans and critics for her performance, with CNET stating \"For the first time, [WWE's] biggest mainstream star is a woman.\"[151][152] They believed that despite \"worry was that the match would expose Rousey's own inexperience, which would greatly damage her aura and star power\", she \"came across as a formidable, believable star wrestler. The match was good, but she was awesome\".[151] Throughout the next two months, Rousey would start her first feud as part of WWE with Alexa Bliss over the title, which included a suspension (again in kayfabe) after Rousey attacked Bliss, Kurt Angle and multiple officials.[153][154] After honouring her suspension from in\u2013ring competition, Rousey received a Raw Women's Championship match by Raw general manager Kurt Angle against Bliss at SummerSlam.[155] At the event on August 19, Rousey squashed Bliss to win the title, her first championship win in WWE.[156] In a rematch between the two that took place a month later on September 16 at Hell in a Cell, Rousey once again submitted Bliss to retain the title.[157]\n",
            "p7": "Throughout her championship reign, Rousey went on to fend off title contenders such as Nikki Bella (in the main event of the first all women's pay\u2013per\u2013view Evolution on October 28),[158][159][160] Mickie James,[161] Nia Jax,[162][163] Natalya[164][165] and Sasha Banks.[166][167][168][169] Rousey was supposed to face Becky Lynch at the Survivor Series pay\u2013per\u2013view in an interbrand champion vs. champion match, however, Lynch was legitimately injured during an invasion angle just minutes after she attacked Rousey backstage.[170] At the event on November 18, Rousey faced Charlotte Flair instead, and won via disqualification after Flair attacked her with a kendo stick and steel chairs.[171] A month later, at TLC: Tables, Ladders & Chairs on December 16, Rousey gained revenge against both Flair and Lynch as she pushed them off a ladder during their match, also helping Asuka win the SmackDown Women's Championship.[172] Shortly after she retained her title against Bayley, on the January 28, 2019, episode of Raw, Rousey continued her feud with Becky Lynch (who had won the Royal Rumble match) after the latter chose to challenge her in a title match at WrestleMania 35.[173][174][175][176] On the February 11 episode of Raw, Vince McMahon suspended Lynch for 60 days in storyline and announced Charlotte Flair replaced Lynch as Rousey's WrestleMania opponent.[177] On the March 4 episode of Raw, Rousey turned heel for the first time in her career when she attacked both Flair and Lynch.[178] At Fastlane on March 10, Lynch faced Flair in a match where if Lynch won, she would be inserted back into the Raw Women's Championship match at WrestleMania. Rousey attacked Lynch during the match, giving Lynch the disqualification victory and thus the WrestleMania triple-threat match between Rousey, Flair and Lynch was made official. On March 25, WWE announced Rousey's title defense against Lynch and Flair would be the main event of WrestleMania 35, making it the first women's match to close WrestleMania.[179] At the event on April 7, in what was changed to a Winner takes all for Rousey's Raw and Flair's SmackDown Women's Championships, Lynch controversially pinned Rousey to win both titles. The commentary and production team commented that Rousey was in the ring saying her shoulders were not down for the full three-count and showed a replay of the ending pin-pointing this fact.[180] Nonetheless, this gave Rousey her first loss in WWE and ended her championship reign at 231 days; it would remain the longest reign as Raw Women's Champion until Lynch's own would surpass Rousey's.[181]\n",
            "p8": "On January 29, 2022, at the Royal Rumble, Rousey returned to WWE as a face, entering at #28 in the Women's Royal Rumble match and eliminating Brie Bella, Nikki A.S.H, and Shotzi. She won by last eliminating Charlotte Flair, thus earning a championship match at WrestleMania 38.[182] On the February 4 episode of SmackDown (her first appearance on the brand), Rousey chose to challenge Flair for the SmackDown Women's Championship at WrestleMania.[183][184] At Elimination Chamber on February 19, Rousey and Naomi defeated Flair and Sonya Deville.[185] Rousey's rift with Flair continued over the next few weeks, and in the first night of WrestleMania 38 on April 2, Flair defeated Rousey to retain the title, ending Rousey's undefeated singles streak and giving Rousey her second loss.[186] On the following SmackDown, Rousey challenged Flair to an \"I Quit\" match, which she declined.[187] However, the match was subsequently granted and scheduled for WrestleMania Backlash on May 8,[188] where Rousey defeated Flair to win the title.[189]\n",
            "p9": "On the May 13 episode of SmackDown, she retained her title against Raquel Rodriguez in an open challenge.[190] At Money in the Bank on July 2, Rousey retained her title against Natalya, but after the match, Liv Morgan successfully cashed in her Money in the Bank contract on Rousey, ending her reign at 55 days.[191] On the following episode of SmackDown, it was announced that Rousey would challenge Morgan for the title at SummerSlam.[192][193] At the event on July 30, Rousey lost to Morgan in controversial fashion, with Morgan winning by pinfall despite submitting to Rousey's armbar while her shoulders were down. After the match, Rousey attacked Morgan and the referee, turning heel for the first time since 2019.[194] As a result of attacking the referee, Rousey was (kayfabe) suspended from WWE.[195] After her suspension was lifted, Rousey won a fatal five-way elimination match on the September 9 episode of SmackDown to earn a rematch against Morgan for the SmackDown Women's Championship at Extreme Rules.[196] The following week, Morgan challenged Rousey to an Extreme Rules match for the title, which Rousey accepted.[197][198] At the event on October 8, Rousey defeated Morgan to win her second SmackDown Women's Championship.[199]\n",
            "p10": "On the October 28 episode of SmackDown, Rousey retained her title against the returning Emma in an open challenge.\n"
        }
    ]
}