{
    "id": "nm3485108",
    "name": "Ludi Lin",
    "career": [
        {
            "header": "empty",
            "p1": "Lin started his acting career with short films and later landed his first major U.S. role in the movie, Power Rangers.\n",
            "p2": "He had previously auditioned for Shang-Chi from the Marvel movie, Shang-Chi and the Legend of the Ten Rings and also for Spike Spiegel from the live action series, Cowboy Bebop. He is also mentioned that he is a fan of the anime.[12]\n"
        }
    ]
}