{
    "id": "nm3485826",
    "name": "Kelvin Felix",
    "career": [
        {
            "header": "empty",
            "p5": "Felix was born in Dominica and ordained a priest on 8 April 1956. In 1962 he left the West Indies for St. Francis Xavier University in Nova Scotia, where he attained a Diploma in Adult Education in 1963, gained a master's degree from the University of Notre Dame in Indiana in Sociology and Anthropology in 1967 and completed post graduate studies in Sociology at the University of Bradford in England in 1970. He was the Principal of the Roman Catholic High School in Dominica from 1972 to 1975 and Associate General Secretary of the Caribbean Conference of Churches from 1975 to 1981.[2]\n"
        }
    ]
}