{
    "id": "nm3525573",
    "name": "Josh Ramsay",
    "career": [
        {
            "header": "empty",
            "p14": "Ramsay formed the band Marianas Trench in 2001 and released their first self-titled EP, which contained songs that would appear on their limited edition video single, the Say Anything EP, their second EP Marianas Trench, and debut album Fix Me. The band later signed with 604 Records, through the assistance of owner Chad Kroeger and co-owner Jonathan Simkin.\n",
            "p15": "He is also a successful producer and a songwriter for a wide array of artists including Carly Rae Jepsen, Nickelback, 5 Seconds of Summer, Simple Plan, Faber Drive, and Emily Osment. Josh plays 13 instruments, and often plays all of the instruments on the songs he produces for other artists. Josh Ramsay was featured on the Carly Rae Jepsen song \"Sour Candy\" in 2008.[6]\n",
            "p16": "Some of his most successful works include \"Call Me Maybe\" by Carly Rae Jepsen,[7] which was nominated for Song of the Year at the 2013 Grammy Awards;[8] \"Hit Me Up\" by Danny Fernandes;[9] and \"Fallout\" and \"Haven't Had Enough\", the latter two by Ramsay's own Marianas Trench.\n",
            "p17": "Ever After, the third studio album from Marianas Trench, went gold in its first week.\n",
            "p18": "He provided vocals for the opening theme song for The Hub's Transformers: Rescue Bots.\n",
            "p19": "On April 22, 2013, at the annual Juno Awards, Marianas Trench won the 2013 Juno Award for Group of the Year.[10]\n",
            "p20": "On October 23, 2015, their fourth album, Astoria, was released. This album includes the singles \"One Love\", \"This Means War\", \"Who Do You Love\", \"Shut Up and Kiss Me\", and \"Astoria\". In 2017, they released \"Rhythm of Your Heart\". The story-theme album was recorded in Josh's home.[11]\n",
            "p21": "On March 1, 2019, their fifth album, Phantoms, was released, including singles such as \"I Knew You When\", \"Only the Lonely Survive\", and \"Echoes of You\". The band uses the idea of closely linked emotions attached to love and death throughout the album.[12]\n",
            "p22": "On April 8, 2022, Josh Ramsay released a solo album titled The Josh Ramsay Show. This album has features from other Canadian artists such as Ria Mae, Tyler Shaw, Sara Ramsay, Serena Ryder, DJ Sharkpocalypse, Fefe Dobson, Fionn, Dallas Smith, and Chad Kroeger.\n"
        }
    ]
}