{
    "id": "nm3513533",
    "name": "Stephanie Hsu",
    "career": [
        {
            "header": "empty",
            "p19": "Hsu began her career in experimental theatre and comedy. From 2013 to 2015, Hsu made regular appearances on the MTV reality comedy series Girl Code.[5][6] She landed her first recurring television role as Joy Armstrong in the Hulu series The Path.[7]\n",
            "p20": "Hsu was called in for the first table reading of The SpongeBob Musical in 2012 to read for Karen, the anthropomorphic computer.[4] She would go on to play the character on stage in Chicago in 2016 before making her Broadway debut in 2017.\n",
            "p21": "Meanwhile, Hsu originated the main character of Christine Canigula in the first performance of Be More Chill at the regional Two River Theater in Red Bank, New Jersey. She would reprise the role in its off-Broadway run at the Pershing Square Signature Center in 2018 and Broadway run at the Lyceum Theatre in 2019.[8] For her performance, she received Lucille Lortel and Drama Desk Award nominations.\n",
            "p22": "In 2019, Hsu joined the recurring cast of the Amazon Prime series The Marvelous Mrs. Maisel for its third season as Mei Lin.[9] She and the rest of the cast won the 2020 SAG Award for Best Ensemble in a Comedy Series. Hsu starred in the 2020 independent film Asking for It.[10]\n",
            "p23": "Hsu starred as Joy Wang, the daughter of Michelle Yeoh's character, and as antagonist Jobu Tupaki in the A24 science fiction comedy film Everything Everywhere All At Once. The film opened at the 2022 South by Southwest (SXSW) to critical acclaim.[11][12] In April 2021, it was announced Hsu would star in Adele Lim's upcoming film.[13] In April 2021, it was announced Hsu would star in Rian Johnson and Natasha Lyonne's upcoming Peacock series Poker Face.[14] She is also set to appear in Disney+'s American Born Chinese, reuniting with Yeoh and fellow Everything Everywhere All At Once costar Ke Huy Quan.[15]\n"
        }
    ]
}