{
    "id": "nm3656232",
    "name": "Jesse King",
    "career": [
        {
            "header": "empty",
            "p5": "He released his first album in 2006 named BUGA. Before then, he used to do radio jingles, and he also worked as a producer. He once worked for Ekiti and Ondo state Broadcasting Corporation. King is an Auchi-born musician but lived in Lagos. His musicals are mostly popular among the Yoruba People of Nigeria, especially Ondo state. He studied in Ondo state University (now relocated to Akungba-Akoko as Adekunle Ajasin University in 1999).[2][3][4]\n"
        }
    ]
}