{
    "id": "nm3660091",
    "name": "Anna Sawai",
    "career": [
        {
            "header": "empty",
            "p21": "In 2004, shortly after moving to Japan, Sawai was chosen out of 10,000 applicants to play the title role in the stage musical Annie.[4]\n",
            "p22": "In 2006, she entered the Avex Audition and won a management contract with the Japanese entertainment conglomerate Avex Inc.[5]\n",
            "p23": "In 2009, Sawai made her professional film debut in the Warner Bros. film Ninja Assassin,[6] directed by James McTeigue, playing the rebellious teenage female ninja Kiriko.\n",
            "p24": "In March 2012, she was selected to sing the American national anthem at a pre-season Major League Baseball game at the Tokyo Dome.[7] Shortly thereafter, she began to work as a professional singer with the Japanese girl group ARA (Avex Rising Angels), which released their first official music video \"Make My Dreams Come True\" in November 2012.[8]\n",
            "p25": "In 2013, she left ARA to join Avex's new dance/R&B group FAKY. She performed as one of the group's lead vocalists until her final show with the group on December 20, 2018. Her departure from the group was announced via FAKY's social media, citing her dream of pursuing her acting career.[9][10]\n",
            "p26": "In 2019, Sawai co-starred in the BBC crime drama Giri/Haji.[11][12] She was then cast in the action film F9, directed by Justin Lin.[13][14] Sawai chose the role of Elle in F9 because she grew up watching the Fast & Furious films and appreciated the diversity of the film's cast.[15]\n",
            "p27": "In November 2019, it was announced that Sawai was signed by U.S. talent agency WME.[16] In October 2020, Sawai was announced to play savvy career woman Naomi in Apple's adaptation of Pachinko, based on the novel by Min Jin Lee, in a role created for the series.[17][18]\n",
            "p28": "In September 2021, Sawai was announced as part of the cast of the FX limited series Sh\u014dgun, adapted from the James Clavell novel, playing the part of Lady Mariko.[19]\n"
        }
    ]
}