{
    "id": "nm3725055",
    "name": "Jessica Henwick",
    "career": [
        {
            "header": "empty",
            "p0": "In June 2009, it was announced that Henwick had been cast in the lead role of Bo for the BBC show Spirit Warriors,[5] making her the first actress of East Asian descent to play the lead role in a British television series.[6][7][8][9] For the role, Henwick trained in wushu with martial arts choreographer Jude Poyer.[10] The show was nominated for several awards, including the Broadcast Awards 2011.[11]\n",
            "p1": "In early 2013, Henwick made her professional theatre debut in the international premiere of Running on the Cracks, based on the book by Julia Donaldson. Allan Radcliffe of The Times praised her \"excellent\" and \"understated\" performance, while the Guardian wrote, \"with tremendous physical presence, Henwick captures the sense of adolescent righteousness, passion and confusion of a girl trying to create order in an unfair universe.\"[12] Theatre critic Joyce McMillan wrote that Henwick was \"outstanding as Leo\".[13]\n",
            "p2": "Later that year she was cast as Jane Jeong Trenka in the drama Obsession: Dark Desires, which aired January 2014. The adaptation details Trenka's stalking in Minnesota, 1991, which she details in her book The Language of Blood.[14] Henwick also joined the cast of Silk as new barrister pupil Amy. The series brought in an average of 5 million viewers per episode.[15] She reprised her role for the spin-off radio series Silk: The Clerks' Room.[16]\n",
            "p3": "In 2015 Henwick joined the cast of the HBO series Game of Thrones in Season 5 as Nymeria Sand. She continued performing the role until Season 7.[17]\n",
            "p4": "Henwick played the X-wing pilot Jess Pava in Star Wars: The Force Awakens. The character's full name is established as Jessika \"Testor\" Pava in the spin-off novel The Weapon of a Jedi: A Luke Skywalker Adventure.[18][19] Despite her limited screen time, the character of Pava has become a fan favorite.[20] Pava later appeared as a supporting character in the comic book series Star Wars: Poe Dameron, which ran from 2016 to 2018, and reprised the role for the Lego Star Wars: The Skywalker Saga game.\n",
            "p5": "In 2017, Henwick appeared as Colleen Wing in the Netflix television series Iron Fist. Although critical reception of Iron Fist was generally negative, Henwick's performance in the series was well received.[21] She reprised the role for the series The Defenders, as well as the second season of Luke Cage.[22]\n",
            "p6": "At the end of 2017, Henwick was listed as one of Variety's Top Breakout Stars.[23] In 2020, she co-starred in the Fox science fiction thriller Underwater,[24] and the films Love and Monsters and Sofia Coppola's On the Rocks.[25] That same year she was listed as one of The Hollywood Reporter's Rising Stars[26] and won the Brit to Watch award at the Newport Beach Film Festival.[27] In 2020, she was cast in The Gray Man.[28] In 2021, she was cast in Glass Onion: A Knives Out Mystery.[29]\n",
            "p7": "In 2021, she starred in The Matrix Resurrections. IGN called Henwick the \"best part of Resurrections\",[30] while Deadline Hollywood said she was \"what makes the movie worth watching\".[31] She was nominated for Best Supporting Actress by Gold House and CAPE.[32]\n"
        }
    ]
}