{
    "id": "nm3863575",
    "name": "Hayden Phillips",
    "career": [
        {
            "header": "empty",
            "p5": "He joined the Civil Service as an Assistant Principal in the Home Office in 1967,[2] and was Economic Adviser, 1970\u201372, Principal 1972\u201374, and Assistant Secretary, and Principal Private Secretary to the Home Secretary (Roy Jenkins), 1974\u201376. From 1977 to 1979 he served as Deputy Chef de Cabinet to Roy Jenkins as President of the European Commission. He returned to the Home Office as Assistant Secretary from 1979 to 1981, and then as Assistant Under-Secretary of State from 1981 to 1986.[1]\n",
            "p6": "From 1986 to 1988 he was Deputy Secretary in the Cabinet Office (Management and Personnel Office, subsequently Office of the Minister for the Civil Service). From 1988 to 1992 he was Deputy Secretary in HM Treasury.[1]\n",
            "p7": "From 1992 to 1998 he was Permanent Secretary, Department for National Heritage (Department for Culture, Media and Sport from 1997). From 1998 to 2004 he was Clerk of the Crown in Chancery and Permanent Secretary of the Lord Chancellor's Department (Department for Constitutional Affairs from 2003).[1]\n",
            "p8": "Phillips was appointed a Companion of the Order of the Bath (CB) in 1989, promoted to a Knight Commander of the same Order (KCB) in 1998, and again promoted to a Knight Grand Cross of that Order (GCB) in 2002.[1]\n"
        }
    ]
}