{
    "id": "nm3846494",
    "name": "Carolina Bartczak",
    "career": [
        {
            "header": "empty",
            "p10": "Carolina Bartczak's first role was playing the voice of Alfred Hedgehog in the cartoon The Mysteries of Alfred Hedgehog.[6] Her first on screen role was playing a high maintenance mother opposite Brendan Gleeson, and Neil Patrick Harris in The Smurfs 2. Bartczak also played Nurse Clara in the action film Brick Mansions opposite Paul Walker and as Amanda Dean in the film Business Ethics opposite Larenz Tate.[7] Her most famous role has been playing Magda Lehnsherr, the wife of Erik Lehnsherr in the Marvel comic series X-Men.[8] In X-Men: Apocalypse, Erik Lehnsherr, played by Michael Fassbender, becomes Magneto after he is enraged by Magda's murder. In 2018, she was cast as the lead in a film by the CBC, An Audience of Chairs  written by Rosemary House. Carolina Bartczak plays Maura, a beautiful woman suffering from mental illness based on a novel of the same name written by Joan Clark. The film was released in Canada on March 22, 2019. Carolina will be playing the role of Brenda Lopez, starring opposite Halle Berry, Patrick Wilson, Charlie Plummer, and Michael Pe\u00f1a in the upcoming Roland Emmerich Sci-Fi action film, Moonfall. Moonfall is slated to be released in 2022 by Lionsgate.\n"
        }
    ]
}