{
    "id": "nm3841486",
    "name": "Adan Canto",
    "career": [
        {
            "header": "empty",
            "p11": "In 2013, Canto made his debut on American television, playing the role of Paul Torres on the Fox drama series, The Following during its first season.[2] He later was cast as Sunspot in the 2014 superhero film X-Men: Days of Future Past.[3][4] Also in 2014, Canto was regular cast member in the ABC comedy series, Mixology. He later co-starred in the Amazon pilot Hysteria,[5] and NBC's The Curse of the Fuentes Women.[6] In 2015, Canto was cast as AJ Menendez in ABC prime time series, Blood & Oil.[7][8]  He later had the recurring role in Fox drama series, Second Chance, and guest-starred on ShondaLand's The Catch.\nIn 2016, Canto was cast in the ABC political drama series, Designated Survivor, playing White House Deputy Chief of Staff, and later Chief of Staff Aaron Shore opposite Kiefer Sutherland, Natascha McElhone, and Maggie Q.[9] The show was renewed by Netflix for a third season which was released on June 7, 2019.[10]\n",
            "p12": "In 2019, Canto was cast opposite Halle Berry in her highly anticipated directorial debut film Bruised.[11]\n",
            "p13": "Canto started his production company Canto House Pictures in 2013 and directed his first short film Before Tomorrow in 2014. Canto's most recent short film The Shot, a period drama set in 1844 Texas, earned several festival awards for Best Narrative Short Film in 2020.  Canto is currently developing projects for film and TV through his production company based in Los Angeles, California.\n",
            "p14": "In March 2020, Canto was cast in a main role of mobster Arman Morales for the FOX series The Cleaning Lady.[12][13][14]\n"
        }
    ]
}