{
    "id": "nm3915784",
    "name": "John Boyega",
    "career": [
        {
            "header": "empty",
            "p6": "Boyega trained at the Identity School of Acting in Hackney,[22] and appeared in Six Parties at the National Theatre and Category B at the Tricycle Theatre prior to being offered a role in the 2011 film Attack the Block.[23][24] In September 2011, HBO announced that Boyega had been cast in the boxing drama pilot Da Brick, loosely based on Mike Tyson's life. Boyega was expected to play Donnie, who is released from a juvenile detention centre on his 18th birthday and begins to examine what it means to be a man. The pilot, written by John Ridley,[25] was not picked up by HBO.[26] Also in 2011, Boyega acted in the film Junkhearts as Jamal, a drug dealer who finds some guns and tries to sell them.\n",
            "p7": "Boyega was chosen by Fionnuala Halligan of Screen International as one of the \"UK Stars of Tomorrow 2011\" and appeared with two other actors on the cover of the magazine's July 2011 edition.[27] In March 2012, he was cast in the film adaptation of Chimamanda Ngozi Adichie's book Half of a Yellow Sun.[28]\n",
            "p8": "On 29 April 2014, it was confirmed that Boyega was cast as a major character in Star Wars: The Force Awakens.[29] It was later revealed that he would play Finn, a stormtrooper for the First Order, who, after witnessing their cruelty, leaves the military power and joins the fight against them. The film was released on 18 December 2015. The film and Boyega's performance was acclaimed from critics and audiences.[30][31]\n",
            "p9": "In 2017, Boyega starred in Detroit, Kathryn Bigelow's film about the 1967 Detroit riots,[32] and reprised his role as Finn in Star Wars: The Last Jedi.[33]\n",
            "p10": "In January 2016, Boyega formed his own production company, Upperroom Entertainment Limited. His company co-produced (with Legendary Entertainment[34]) 2018's Pacific Rim: Uprising, the sequel to the 2013 movie Pacific Rim, in which he played the lead role of Jake Pentecost.[35] In 2019 he teased his new collaboration with Writer/Director Sebastian Thiel,[36] with whom he is developing a series based on their childhood experiences, with Boyega producing.[37]\n",
            "p11": "In November 2018 it was announced that Boyega would star with Letitia Wright in a novel adaption of Hold Back the Stars.[38] He has also been cast in Steve McQueen's miniseries Small Axe.[39]\n",
            "p12": "Boyega once again reprised his role as Finn in Star Wars: The Rise of Skywalker (2019). In an interview on Good Morning America, he revealed that he inadvertently left his script in a hotel room during filming. When it surfaced on eBay, it was bought by a Lucasfilm employee to prevent it from being leaked.[40]\n",
            "p13": "In response to a tweet suggesting he should play the DC Comics character Static in a live-action role, Boyega said he would be too old for the role, and that he would be interested in seeing a newcomer receive it. He did, however, express interest in playing the DC character Red Hood.[41]\n",
            "p14": "In the 2020 and 2021 editions of the Powerlist, Boyega was listed in the Top 100 of the most influential people in the UK of African/African-Caribbean descent.[42][43] More recently, his production company UpperRoom made a first-look deal with VIS Kids.[44] While filming the Netflix film Rebel Ridge, he unexpectedly walked out mid-production due to family issues.[45]\n"
        },
        {
            "header": "Upcoming projects",
            "p0": "Boyega will next star in Abi Damaris Corbin's second feature film, Breaking, which premiered at the 2022 Sundance Film Festival under its original title, 892,[46] in Gina Prince-Bythewood's historical epic The Woman King alongside Viola Davis, Thuso Mbedu, and Lashana Lynch,[47] and in Netflix's science-fiction comedy They Cloned Tyrone.[48]\n",
            "p1": "In May 2021, it was announced that he would reteam with Joe Cornish in a sequel for Attack the Block.[49]\n"
        }
    ]
}