{
    "id": "nm3943537",
    "name": "Tom Ackerley",
    "career": [
        {
            "header": "empty",
            "p15": "Ackerley began his film career as an extra in the first three installments of the Harry Potter film series.[6] After taking a break from films, Ackerley returned to the industry as a production runner for films such as Gambit (2012) and Rush (2013).[7] From 2012 till 2016, Ackerley also worked as an assistant director for various different television series and films, including Pride, Suite Fran\u00e7aise, The Two Faces of January (all released in 2014) and Macbeth (2015).[8]\n",
            "p16": "In 2014, he and his future wife Margot Robbie, alongside their respective childhood friends, Sophia Kerr and Josey McNamara, co-founded the production company LuckyChap Entertainment. The company has produced films such as I, Tonya (2017) and Promising Young Woman (2020).\n"
        }
    ]
}