{
    "id": "nm4173582",
    "name": "Suan-Li Ong",
    "career": [
        {
            "header": "Modelling",
            "p0": "Ong began her modelling career at the age of 14 with Storm Model Management and continues to model to this day along with her acting. Her most recent work features in Afi Magazine's September 26, 2017 webitorial feature entitled \u201cKaleidoscope\u201d.[3] She appears as the digital model of Angel, a character in NaturalMotion's 2016 CSR Racing sequel, CSR2; a member of the Nu Fangz crew who players compete against to win her car. Prior to that Suan-Li appeared on the Volume One cover of Scorpio Jin magazine[4] in the September 2015 issue.\n"
        },
        {
            "header": "Acting",
            "p0": "Ong trained on the 2 year Acting course at The Poor School in London. She has appeared in various shorts and television shows.\n"
        }
    ]
}