{
    "id": "nm4266079",
    "name": "Miles Mussenden",
    "career": [
        {
            "header": "empty",
            "p10": "Born in London to Guyanese parents,[1] Mussenden and his family moved to Brooklyn where at the age of nine he began to act in school plays.[citation needed] He was trained at American Academy of Dramatic Arts. After graduating high school, he entered the music business with his friends and formed Two Friends Records and GrassRoots Entertainment where he managed performers such as Shabba Ranks. Since then, he returned to acting eventually getting a recurring role in the show Army Wives.[2][3] He was cast as Otis Johnson in Marvel's Cloak & Dagger after having made minor appearances in previous Marvel Cinematic Universe productions.[4][5]\n"
        }
    ]
}