{
    "id": "nm4218810",
    "name": "Melia Kreiling",
    "career": [
        {
            "header": "empty",
            "p2": "Kreiling made her film debut in the 2011 short Room to Forget. In the German-speaking world she became known for her role in the historical drama The Borgias. In December 2012 she appeared in a television program about Rosamunde Pilcher and reprised her character in The Other Wife. She made a brief cameo in the American film Guardians of the Galaxy where she portrayed the character Bereet.[5] Kreiling played Bathsheba in the 2013 History Channel miniseries The Bible.[6][7] From 2015\u20132016, she played the recurring role of Daliyah Al-Yazbek in the FX television series Tyrant.[7][8][9]\n",
            "p3": "In February 2018 Kreiling joined the cast of the CBS summer series Salvation in its second season, playing the role of Alycia.[10]\n"
        }
    ]
}