{
    "id": "nm4422686",
    "name": "Barry Keoghan",
    "career": [
        {
            "header": "empty",
            "p1": "As a child, Keoghan appeared in school plays in the O'Connell School on Dublin's North Richmond Street,[7] but was banned for \"messing about\".[8] He cites he got his film education from sneaking into films with pals at Cineworld, Parnell Street, from which he eventually got barred.[7] He started his acting career in 2011.[9][10] He answered an advertisement for Between the Canals after seeing a casting notice in a Sheriff Street shop window,[7] and portrayed Aido in a small role in the film, which was released in 2011.[5] He then studied acting at The Factory, a local Dublin school.[5] He remembers \"not even having \u20ac2.20 to get the bus to The Factory\" at the time.[7] The same year, at the age of 18, he appeared in Fair City.[8]\n",
            "p2": "In 2013, Keoghan appeared as Wayne on Love/Hate.[11][12] The role earned Keoghan recognition in Ireland, and he went on to feature in '71 in 2014 and Mammal and Trespass Against Us in 2016.[13][14]\n",
            "p3": "Keoghan appeared in two films in 2017. He featured as George Mills in Dunkirk and starred as Martin Lang in The Killing of a Sacred Deer alongside Colin Farrell and Nicole Kidman.[15][8] He won the Irish Film and Television Award for Best Supporting Actor for his work in The Killing of a Sacred Deer.[16] The following year, he appeared in Black '47 as Hobson, an English soldier stationed in Ireland during the Great Famine.[8] He also starred in American Animals the same year. He portrayed Spencer Reinhart in the film, based on a real-life robbery of rare books from a university library.[8] In 2018, The Hollywood Reporter described Keoghan as \"the next big thing\" for his film work in the previous three years,[8] and in 2019 he was nominated for the BAFTA Rising Star Award.[17]\n",
            "p4": "He appears in the 2019 mini-series Chernobyl.[12] He starred in an episode of Living With Lucy in September 2019.[18] That same month, Calm With Horses premiered at the Toronto International Film Festival.[19] In July 2018, Keoghan was cast as lead character Yorick Brown in the pilot of Y: The Last Man,[11][20] but exited the main series production in February 2020.[21] Keoghan played Druig in the Marvel Cinematic Universe film Eternals in November 2021.[22] He also appeared in The Green Knight.[23]\n",
            "p5": "Keoghan appeared in Matt Reeves' film The Batman (2022) credited as \"Unseen Arkham Prisoner\", though Reeves himself later confirmed that Keoghan was the Joker.[24][25] On March 24, 2022, three weeks after the film's release, Warner Bros. released a deleted scene featuring Keoghan's Joker and Robert Pattinson's Batman.[26]\n"
        }
    ]
}