{
    "id": "nm4476832",
    "name": "Sebastian James",
    "career": [
        {
            "header": "empty",
            "p9": "James started his career at Bain & Co, including being project leader with focus on retail and investment banking systems and transaction management. He was the chief executive of Synergy Insurance Services Limited, and strategy director responsible for developing and implementing the turnaround strategy at Mothercare.\n",
            "p10": "He joined Dixons Retail in 2008 as development director managing its Currys transformation programme, becoming group CEO in 2012.[7]\n",
            "p11": "James was appointed CEO of Dixons Carphone in August 2014 following the merger of Dixons Retail with Carphone Warehouse.[8] He was recognised as the mobile industry person of the year for his achievements with the merger.[9]\n",
            "p12": "In January 2018, James resigned as CEO of Dixons Carphone, to run Boots UK, \"in a surprise move days before it updates the City on its Christmas trading performance\", and was succeeded by Alex Baldock, who had been CEO of the online retailer Shop Direct since 2012.[10][11]\n",
            "p13": "James is a non-executive director of Direct Line Insurance Group plc,[12] and was a trustee of the charities Save the Children and Techknowledge for Schools.[13]\n",
            "p14": "Since September 2018, James has been a senior vice president of Walgreens Boots Alliance, and president and managing director of Boots.[11]\n"
        }
    ]
}