{
    "id": "nm4452726",
    "name": "Atul Sharma",
    "career": [
        {
            "header": "Punjabi music",
            "p0": "He started composing music in the early 1980s, and his first Punjabi album was of the singer Hakam Sufi, titled \"Mela Yaaran Da\". From there he went on to compose music for numerous albums for artistes like Hans Raj Hans, Sardool Sikander, Kuldip Manak, Gurdas Maan, as well as Punjabi movies like \"Jatt Jeaona Mour\" (1991)[7] \"Badla Jatti Da\" (1991), delivering many multi platinum selling albums on the way.\n",
            "p1": "During this time, he mentored a then young and raw singer Surjit Bindrakhia. Along with the lyricist Samsher Singh Sandhu, the three formed perhaps one of most legendary and finest team in Punjabi music. Starting from Bindrakhia's first album \"Munda Ki Mangda\", which became widely popular in Punjab, the trio delivered some of Punjabi music's most popular music ever. The Success of the first album carried forward with the massive hit \"Bas Kar Bas Kar\" in 1992, and then \"Dupatta Tera Satt Rang Da\" in 1994 which established Bindrakhia as the global superstar of Punjabi Music. The single \"Dupatta Tera Satt Rang Da\" went on to top the UK music Charts for numerous weeks,[8] and became one of the first Punjabi songs to sell a million copies in the UK. For the same album, Atul Sharma was presented a platinum record at the Wembley Arena in the honour of the albums record breaking success. This success was followed by further hits like \"Lakk tunu tunu\", \"Mukhda deke ke\", \"Billiyan Akhiyan\", \"Saanu tedi tedi takhdi tun\", \"Peke hunde maawan naal\" and \"Yaar Bolda\", a song that has reached a cult status in Punjabi folk music the world over.\n",
            "p2": "Almost all the albums produced by this trio, went on to achieve commercial success in India as well as the Western markets of the UK, Canada, and the US. Their hugely successful trio, delivered record sales of over 250 million copies in total, out of which over 100 million came from outside India.\n",
            "p3": "Similar to his success with Bindrakhia, Atul Sharma mentored Harjit Harman and their partnership with lyricist Pargat Singh has yielded some of the biggest hits in recent history. The album \"Punjebaan\" received great commercial as well as well critical success, with the Title track \"Punjebaan\" and \"Mitran da naa chalda\" becoming super-hits all over the world. His further albums were also highly acclaimed and commercially successful with \"Hoor\", \"Mundri\", \"Jhanjhar\", and the most recent single \"Jatti\" being the stand out records. He received the award for the \"Best Music Director\" at PTC Music Awards for the song \"Mitran da naa chalda\" in 2005, and then for the song \"Jatti\" in 2015. \"Jatti\" was also given the award for the \"Best Folk Oriented Song\".\n",
            "p4": "Apart from his association with Bindrakhia and Harjit Harman, Atul Sharma has composed music for nearly all the eminent artistes like:\n",
            "p5": "He has also been responsible mentoring and for giving the initial opportunity to emerging talents like:\n",
            "p6": "to name a few.\n"
        },
        {
            "header": "Theatre music",
            "p0": "Having studied Indian Theatre at the reputed \"Department of Indian Theatre\" in Panjab University, Chandigarh, Atul Sharma has always been devoted to contributing to theatre. He was worked with, and composed soundtracks and music for some of the accomplished and eminent play-writes and directors in India, including the National award-winning[9] play writes like Dr. Atamjit Singh.[10] The music he gave for Shiv Kumar Batalvi's magnum opus Luna is considered to be a master piece in theatre music[11]\n"
        },
        {
            "header": "Contribution to the recording industry in Punjab",
            "p0": "During this time, he also spearheaded a sea change in the Punjabi music industry in Chandigarh, and other parts of Punjab by bringing modern recording techniques to studios that were previously unavailable and unknown in the region. He was also one of the first Punjabi composers to use to written sheet music for his musicians as a way of organising and making the industry more professional, while also encouraging local indigenous musicians of the region to come forth to the studios and record.\n",
            "p1": "In 2001 he started his own audio recording studio in Chandigarh called \"Saffron Touch\" which became one of the first studios to adapt to modern digital recording methods and equipments. The studio has also become one of the most popular studios for Artistes, Musicians, Film Directors from Bollywood[12] as well as all over the world.\n"
        }
    ]
}