{
    "id": "nm4438615",
    "name": "Chelsea Winstanley",
    "career": [
        {
            "header": "empty",
            "p3": "Chelsea Jane Winstanley was born on 30th January 1976, in Tauranga, Bay of Plenty, New Zealand. She is the daughter of John Winstanley, a home renovator, and Cherry Wilson, a psychotherapist. Chelsea Winstanley's paternal grandfather was John James Winstanley (1905-1977), an ice cream vendor, born in Wigan, Lancashire, England. Winstanley's paternal grandmother Sophia Millerstone Rowe (nee MacDonald) (1914-1961) was the daughter of James MacDonald and Caroline Creed of Inverness, Scotland. Winstanley's maternal grandmother was Kiritapu \"Kitty\" Wilson (nee Borell) (1926-2014). Winstanley has Ng\u0101ti Ranginui and Ng\u0101i Te Rangi ancestry through her mother.[2]\n",
            "p4": "She has produced short films such as Meathead, Ebony Society and Night Shift. In 2014, she co-produced What We Do in the Shadows with Taika Waititi and Jemaine Clement. She also co-produced Te Whakarauora Tangata and a documentary about Merata Mita.[3]\n",
            "p5": "In 2017, Winstanley created the film production company Matewa Media alongside Tweedie Waititi, which focuses on creating M\u0101ori language adaptations of Disney animated films. As of 2020, the company has created adaptations of Moana (released in 2017), The Lion King and Frozen (both released in 2022).[4][5][6] She directed the documentary Toi T\u016b Toi Ora in 2020.[7]\n"
        }
    ]
}