{
    "id": "nm4432222",
    "name": "Mark Roman",
    "career": [
        {
            "header": "empty",
            "p0": "The Cincinnati Bengals selected Roman in the second round (34th overall) of the 2000 NFL Draft. Roman was the first safety drafted and fourth defensive back drafted in 2000. He also became the highest safety drafted from LSU since Tommy Casanova in 1972, but was later surpassed by LaRon Landry (sixth overall) in 2007 and Jamal Adams (sixth overall) in 2017.[3]\n"
        }
    ]
}