{
    "id": "nm4534098",
    "name": "Ed Skrein",
    "career": [
        {
            "header": "Music",
            "p0": "In 2004, Skrein released a three track EP under the record label Dented Records. In 2007, he released his first album, The Eat Up. He has collaborated with a variety of artists including Foreign Beggars, Asian Dub Foundation, Plan B, Dubbledge and Doc Brown. Later that year, Skrein released a collaborative EP, Pre-Emptive Nostalgia, with the group A State of Mind. In 2009 Skrein collaborated with rapper Dr Syntax to bring the collaborative album Scene Stealers under the name Skreintax.[7]\n"
        },
        {
            "header": "Acting",
            "p0": "Skrein made his acting debut in Plan B's short film Michelle.[8] Skrein got his first lead role in Plan B's Ill Manors. Skrein portrayed Daario Naharis in the third season of the television series Game of Thrones. However, in the fourth season of the series, he was replaced by Dutch actor Michiel Huisman.  Skrein states that it was not his choice to leave the show.[9] In 2014, Skrein was cast in The Transporter: Refueled, replacing Jason Statham as the lead. Though the film was critically panned, his performance was praised.[10][11][12][13] In 2016, Skrein played the lead villain, Ajax, in the blockbuster action film Deadpool.[14][15] In 2017 Skrein also appeared in the music video for 'Eye Contact' by Ocean Wisdom playing the bad guy.[16]\n",
            "p1": "In 2018, Skrein starred in psychological revenge thriller, In Darkness, alongside Natalie Dormer and Stacy Martin; principal photography began in early 2016.[17] He was slated to star in the Hellboy reboot as Ben Daimio,[18] a Japanese-American character; after controversy over his casting, Skrein announced on Twitter that he was stepping down from the role in the hopes an actor of the proper ethnicity would be cast.[19][20][21]\n",
            "p2": "On 8 November 2019, he starred in Roland Emmerich\u2019s blockbuster movie  Midway, co-starring Mandy Moore, Patrick Wilson, Luke Evans, Aaron Eckhart, Nick Jonas, Dennis Quaid and Woody Harrelson.[22][23][24][25][26][27]\n",
            "p3": "In 2022, Skrein starred as Vince in I Used to Be Famous.[28][29] Leslie Felperin, writing for The Guardian, gave the film 3/5 stars, calling it a \"sweet-natured but predictable comedy drama\".[30]\n"
        },
        {
            "header": "Writing and directing",
            "p0": "Skrein made his directing debut by directing and writing the short drama film Little River Run which he released on 20 July 2020 at his Instagram.[2]\n"
        }
    ]
}