{
    "id": "nm4731251",
    "name": "Alison Fernandez",
    "career": [
        {
            "header": "empty",
            "p32": "Fernandez was born in Brooklyn, New York. She started her acting career at age five in New York City community theaters,[6] She is the daughter of Manuel Fernandez, who has been her manager from the time she started acting. She has an older sister, Sabrina, who is also an actress. Fernandez received her education in acting for Theater, singing and choreography at the A Class Act N.Y.\n",
            "p33": "Fernandez played Zara Amaro, Nick Amaro's daughter in Law & Order: Special Victims Unit in 2011. She made her film debut in the 2014 film Teenage Mutant Ninja Turtles as Rosa Mendez.[1][7]\n",
            "p34": "In 2016 she landed guest starring roles on three shows, Fresh Off the Boat, Another Period and Jane the Virgin. In 2017 she guest starred on Once Upon a Time as Lucy,[8] and then had a regular starring role in the 7th season. She appeared in the X-Men film Logan as Delilah,[9] and currently recurs on the Netflix dramedy series Orange Is the New Black, having first appeared on the show in 2013.\n",
            "p35": "She co-starred in Freeform's Life-Size 2 in December 2018 opposite Tyra Banks and Francia Raisa.[10]\n",
            "p36": "Fernandez also landed the role of Amber in Team Kaylie. Then she obtained the role of Pepper Paloma in Upside-Down Magic.\n",
            "p37": "She lives in Los Angeles.[citation needed]\n"
        }
    ]
}