{
    "id": "nm4726429",
    "name": "Rona Morison",
    "career": [
        {
            "header": "empty",
            "p18": "Morison's theatre career has included appearing in Scuttlers at the Royal Exchange Theatre, To Kill a Mockingbird at the Open Air Theatre in Regent's Park, Illusions at the Bush Theatre, The Second Mrs Tanqueray at Rose Theatre in Kingston.[7]\nMorison played the lead role of 15-year-old Minnie in the 2017 in a play based on the Phoebe Gloeckner novel and Marielle Heller film The Diary of a Teenage Girl, at the Southwark Playhouse.[8][9] Morison performed another lead role in the 2018 production of The Prime of Miss Jean Brodie at the Donmar Warehouse.[10][11] \nMorison received a nomination at the 2018 Evening Standard Theatre Awards for the Emerging Talent Award for her performance as Sandy in The Prime of Miss Jean Brodie at the Donmar Warehouse in 2018.[12]\n",
            "p19": "Morison has appeared in The Haystack at the Hampstead Theatre in 2020 [13] In 2022, Morison starred as Danni in the Glasgow based 3-part BBC drama thriller The Control Room [14]\n"
        }
    ]
}