{
    "id": "nm4986056",
    "name": "Alan Low",
    "career": [
        {
            "header": "empty",
            "p26": "Low joined the Reserve Bank in 1938. He became assistant economist in 1949, economic adviser in 1951, assistant governor in 1960, and deputy governor (under Gilbert Wilson) in 1962.[1] Low was Governor of the Reserve Bank from 21 July 1967 to 11 February 1977.[3] Low was a member of various New Zealand delegations to international conferences, including Havana (Cuba, 1947/48), Annecy (France, 1949), London (Great Britain, 1951), and Sydney (Australia, 1954).[1] He published various articles in economic journals.[1] He was a director of the National Bank of New Zealand.[2]\n"
        }
    ]
}