{
    "id": "nm4923079",
    "name": "Adebayo Bolaji",
    "career": [
        {
            "header": "empty",
            "p2": "Bolaji is a self-taught artist and came to work with the medium of paint later on in his acting career. His work as a painter mainly deals with the process and narrative of change, and very much champions the artistic process being as important as the end result. Finding the likes of Francis Bacon, Dubuffet and Jean-Michel Basquiat and ideas that run back to the 1960s Oshogbo Art Movement in Nigeria, as part inspirations. In his own words:\n",
            "p3": "\"Painting for me, can very much be like improvisation or devising in the theatre. One puts an idea of a kind down and one responds (truthfully) to it\u00a0... It's a constant conversation a visual dialogue with the subject matter always at the centre, until one arrives at the image which arguably has always been there since, I am always asking myself what is necessary\u00a0... Or responding honestly (as best as I can) to each part. Consequently, I arrive at the final image and know my part of the conversation is done, it's now left for others to view it and have their own opinion/dialogue\u00a0... Irrespective of mine.\"[14]\n",
            "p4": "In 2016 Bolaji was chosen as Tangle's commissioned artist for Yinka Shonibare's MBE renowned Guest Projects Space,[15] in Hackney London, for emerging artists, subsequently Bolaji was selected to show his works at long standing contemporary gallery Galerie Proarta,[16] in Z\u00fcrich Switzerland.\n"
        }
    ]
}