{
    "id": "nm5085683",
    "name": "Mckenna Grace",
    "career": [
        {
            "header": "Acting",
            "p0": "In 2013, Grace made her acting debut, playing Sydney in the television pilot Joe, Joe & Jane.[5] Later she recurred on the Disney XD series Crash & Bernstein.[6] She had a recurring role, as Faith Newman, on The Young and the Restless between 2013 and 2015.[2] In 2015, she had a recurring role on the CBS series CSI: Cyber.[2] Grace played the role of Daisy in the science fiction thriller Independence Day: Resurgence; the film, directed by Roland Emmerich, was released on June 24, 2016.[7] Other early film roles include the drama film Mr. Church (2016), and the comedy film How to Be a Latin Lover (2017).[8]\n",
            "p1": "In 2017, Grace played a lead role in the Marc Webb drama film Gifted as child prodigy Mary Adler, starring alongside Chris Evans.[9] She gained recognition for her performance in the role, being nominated for the Critics' Choice Movie Award for Best Young Performer.[10]\n",
            "p2": "She learned to ice skate to portray the younger version of Tonya Harding in the biopic I, Tonya, describing it as the \"most challenging role\" she'd ever undertaken.[11] Grace also played the significant role of Juliet in the horror film Amityville: The Awakening along with Bella Thorne; Franck Khalfoun directed the film.[12]\n",
            "p3": "Grace starred as Emma Grossman in the 2018 horror drama film The Bad Seed.\n",
            "p4": "Grace has occasionally appeared in Young Sheldon from 2018 to 2021 as Paige Swanson, a child prodigy and a rival to Sheldon Cooper.\n",
            "p5": "Grace starred as Judy Warren, daughter of paranormal investigators Ed and Lorraine Warren, in the 2019 horror film Annabelle Comes Home.[13] Also that year, she appeared in the Marvel Studios film Captain Marvel as a younger version of the titular character.[14]\n",
            "p6": "Grace appeared as the younger version of Sabrina Spellman on the first season of Netflix's Chilling Adventures of Sabrina.[15]\n",
            "p7": "She voiced the younger Daphne Blake in the 2020 animated film Scoob!, and was set to reprise the role in the follow-up Scoob!: Holiday Haunt, which was set for release in late 2022 on HBO Max, but it was canceled in August 2022.[16]\n",
            "p8": "In 2021, she starred in Universal Pictures animated film, Spirit Untamed as Abigail Stone.\n",
            "p9": "Grace's career has encompassed portraying the \"younger version\" of various characters. On this notion she stated, \"It's really funny. I don't know how that ended up happening. But I'm really glad that it did, because I definitely got to learn from all of the actresses that I played younger versions of.\"[17]\n",
            "p10": "In 2021, Grace played Phoebe in Ghostbusters: Afterlife, plus the role of Esther Keyes in the fourth season of the televised serial of Margaret Atwood's The Handmaid's Tale and earned a nomination for Outstanding Guest Actress in a Drama Series at the 73rd Primetime Creative Arts Emmy Awards.[18] In August, she joined Thomasin McKenzie and Olivia Wilde in Searchlight Pictures' feature Perfect.[19]\n"
        },
        {
            "header": "Music",
            "p0": "In 2020, Grace signed with Photo Finish Records, and in November 2021 she released her debut single \"Haunted House\" alongside an accompanying music video. While not originally written for Ghostbusters: Afterlife, the song was eventually added to the film's soundtrack and used for the closing credits. When asked, Grace explained that the song was written during a rough period of her life in the midst of the COVID-19 pandemic, and that one \"could take it as a breakup song, but it could also be about a friend or a family member or any kind of relationship that's ended.\"[20]\n",
            "p1": "On February 13, 2022, Grace released her follow up single \"Do All My Friends Hate Me?\" along with a music video.[21] On April 21, Grace released her third single \"You Ruined Nirvana\", also with a music video.[22] On July 8, Grace released her fourth single \"Post Party Trauma\", but with a lyric video instead. [23]\n"
        }
    ]
}