{
    "id": "nm5046050",
    "name": "Anthony Garcia",
    "career": [
        {
            "header": "St. Louis Cardinals",
            "p0": "Garc\u00eda made his professional debut in 2009 with the Gulf Coast Cardinals. He played for the Puerto Rico national baseball team at the 2015 Pan American Games.[1] He was added to the 40-man roster on November 5, 2015. During the 2016 season, he split time between the Springfield Cardinals and the Memphis Redbirds. He posted a .238 batting average with 11 home runs and 43 RBIs between both clubs.[2] In 2017, he once again split time between Springfield and Memphis, where he batted .282 with 16 home runs and 72 RBIs.[3] On April 24, 2017, Garc\u00eda was outrighted off of the 40-man roster.[4]\n"
        },
        {
            "header": "Oakland Athletics",
            "p0": "He elected free agency on November 6, 2017, and signed a minor league contract with the Oakland Athletics on November 28.[5] In 132 games he hit .254 with 25 HR and 91 RBI's in AAA. He elected free agency on November 2, 2018.\n"
        },
        {
            "header": "San Francisco Giants",
            "p0": "On November 29, 2018, Garcia signed a minor league deal with the San Francisco Giants. He did not make the team and was assigned to AAA Sacramento River Cats to start the season.[6] He elected free agency following the season.\n"
        },
        {
            "header": "Los Angeles Dodgers",
            "p0": "On December 19, 2019, Garc\u00eda signed a minor league deal with the Los Angeles Dodgers.[7] On July 11, 2020, Garc\u00eda was added to the Dodgers' 60-man player pool.[8] He became a free agent on November 2, 2020.\n"
        },
        {
            "header": "Kane County Cougars",
            "p0": "On March 19, 2021, Garc\u00eda signed with the Kane County Cougars of the American Association of Professional Baseball.[9] However, he left the Cougars on April 23 without having played a game for them.\n"
        },
        {
            "header": "Mariachis de Guadalajara",
            "p0": "On April 23, 2021, Garc\u00eda signed with the Mariachis de Guadalajara of the Mexican League. [10] On June 16, 2022, he suffered an ankle injury during a game against the Algodoneros de Uni\u00f3n Laguna and was later ruled out for the rest of the season.\n"
        }
    ]
}