{
    "id": "nm5114966",
    "name": "Maisie Richardson-Sellers",
    "career": [
        {
            "header": "empty",
            "p5": "After graduating from university, Richardson-Sellers started auditioning and landed her first role in Star Wars sequel Star Wars: The Force Awakens,[6][7] in the cameo role of Korr Sella.[8]\n",
            "p6": "After wrapping filming for her The Force Awakens role, Richardson-Sellers booked her second role as Rebekah Mikaelson in the CW series The Originals in 2014, where the character of Rebekah inhabits a different body after a spell gone wrong.[9] She later played the character of Eva Sinclair on The Originals.[10] Executive Producer Michael Narducci described her performance as having \"an incredibly strong sparkle\" and \"there's a great beauty \u2013 not only with physical beauty but there's a great inner beauty \u2013 that comes up in her performance. There's also just this incredible strength.\"[11]\n",
            "p7": "In early March 2015, it was announced that Richardson-Sellers would play a starring role in Of Kings and Prophets, a short-lived ABC drama series that was filmed in South Africa.[12] In June 2016, it was reported that Richardson-Sellers would be playing Amaya Jiwe / Vixen on the second season of the CW series Legends of Tomorrow, who is the grandmother of the titular character in the CW Seed animated series Vixen.[13] Her mother guest starred as a distant ancestor of Jiwe on two episodes, \"Zari\" and \"No Country for Old Dads\".[2] After two seasons, Richardson-Sellers was cast in the new role of shapeshifter Charlie.[14][15] Richardson-Sellers exited Legends of Tomorrow in 2020 at the end of the series' fifth season.[16]\n",
            "p8": "In 2018, Richardson-Sellers appeared in the short film Melody, directed by Bernard Kordieh.[17] In May 2019, it was announced Richardson-Sellers would star in The Kissing Booth 2 as Chloe, directed by Vince Marcello for Netflix.[18]\n"
        }
    ]
}