{
    "id": "nm5385875",
    "name": "Ashley Ward",
    "career": [
        {
            "header": "empty",
            "p5": "Ward had a spell with Manchester United in the 1986\u201387 season, making 16 appearances for the club's Junior B team. He then played for Cheadle Town Youth, and chose to become an apprentice at Manchester City above an offer from Blackburn Rovers.[1]\n",
            "p6": "He then played for Leicester City before a move to Crewe Alexandra, where he made his name. At the start of the 1992-93 season, Craig Hignett and Tony Naylor were a prolific strike partnership but after Hignett was signed by Middlesbrough, Ward began to feature. He made his Crewe debut in an EFL Trophy match against Wrexham at Gresty Road on 8 December 1992,[2] and scored his first Crewe goal in a 1-1 draw against Rochdale on 12 March 1993,[2] then adding five more before the season finished. In the following injury-affected season, he scored 13 goals in 24 appearances, including the final-day winner at Chester City that earned Crewe promotion from the third tier.[2] He started the 1994-1995 season with three goals in Crewe's first five fixtures, added four more in four appearances in October, then scored in six consecutive games for Crewe, including two hat-tricks (against Gresley Rovers in the FA Cup, and Chester City in the EFL Trophy).[2]\n",
            "p7": "Ward was then signed by Norwich City for \u00a3350,000 in December 1994. On his Canaries debut, he scored two first-half goals against Chelsea, then made it three goals in two games, scoring at Crystal Palace. He scored eight times in 25 appearances in total before the season finished; he then added another 10 league and three League Cup goals before a move to Derby County in March 1996.[3]\n",
            "p8": "Ward contributed to Derby's 1996-97 Premier League campaign, scoring a late winner against Chelsea. One of his other goals came as Derby beat Manchester United 3\u20132 at Old Trafford.[4][5] Barnsley signed Ward from Derby County in September 1997, shortly after their promotion to the Premier League. Throughout their debut season in the Premier League he scored some important goals, including the only goals in 1\u20130 victories against Liverpool and Aston Villa at Anfield and Villa Park, respectively.[6][7]\n",
            "p9": "In November 1998, whilst still playing for Barnsley in a match at Sunderland, Ward scored, missed a penalty and got sent off in the space of five minutes, with all incidents also involving Sunderland defender Darren Williams.[8]\n",
            "p10": "After spells at Blackburn Rovers, Bradford City and Sheffield United, Ward retired in the summer of 2005.\n"
        }
    ]
}