{
    "id": "nm5377144",
    "name": "Awkwafina",
    "career": [
        {
            "header": "empty",
            "p1": "Awkwafina began rapping at 13.[12] She got her start producing music with GarageBand but eventually learned Logic Pro and Ableton.[14] In 2012, her song \"My Vag\" became popular on YouTube.[8] She originally wrote the song in college[14] as a response to Mickey Avalon's \"My Dick (Tribute to Nate)\".[15] She was fired from her job at a publishing house when her employer recognized her in the video.[14][15] Her solo hip-hop album Yellow Ranger was released on February 11, 2014.[16] Its 11 tracks include a number of her previous singles released on YouTube, including the title track \"Yellow Ranger\", \"Queef\" and \"NYC Bitche$\". In 2014, Awkwafina appeared in six episodes of the third and fourth seasons of Girl Code.[17] In 2015 she co-hosted its spin-off, Girl Code Live, on MTV.[18]\n",
            "p2": "\nIn 2016, she collaborated with comedian Margaret Cho on \"Green Tea\", a song that pokes fun at Asian stereotypes.[19] She was part of the lineup at Tenacious D's Festival Supreme on October 25, 2014.[20] She was also a disc jockey (DJ) at bars in New York.[21][22][23] She is profiled in the 2016 documentary Bad Rap, an official selection at the 2016 Tribeca Film Festival. It puts the spotlight on her and Asian-American rappers such as Dumbfoundead, Rekstizzy and Lyricks.[24][25] She released a 7-track EP, In Fina We Trust, on June 8, 2018;[26] it won the 2019 A2IM Libera Award for Best Hip-Hop/Rap Album.[27] ",
            "p3": "Awkwafina hosted the short-form talk show web series Tawk for the digital production company Astronauts Wanted from 2015 to 2017. The first season premiered on YouTube and was picked up for exclusive streaming on Verizon\u2019s Go90 platform.[28] It was an Official Honoree at the 2016 Webby Awards and was nominated for a 2016 Streamy Award in the News and Culture category.[29] In 2016 she played a supporting role as Christine, a member of Kappa Nu in Neighbors 2: Sorority Rising,[30][31] and voiced Quail in the animated comedy film Storks. In 2018 she starred in the indie comedy Dude, playing Rebecca, one of four best friends. She was among the principal cast in Ocean's 8, the all-female spinoff to the Ocean's Trilogy. She then co-starred in the film Crazy Rich Asians, directed by Jon M. Chu, playing Goh Peik Lin, a Singaporean college friend of lead character Rachel Chu (Constance Wu).[32] She had a recurring role in the Hulu original series Future Man in 2017.[33] She hosted the 2018 iHeartRadio MMVAs.[34]\n",
            "p4": "Awkwafina hosted the October 6, 2018, episode of Saturday Night Live, becoming the second East Asian-American woman to host the show (after Lucy Liu, whose episode Awkwafina cites as her inspiration to one day be famous enough to host SNL). She did an impression of Sandra Oh, who later in the season became the first East Asian-Canadian woman to host an SNL episode and the third East Asian woman to host overall.[35]\n",
            "p5": "In 2019, Awkwafina starred in the film The Farewell, directed by Lulu Wang. She played Billi, a writer who visits her ill grandmother in China.[36] The film received critical acclaim. Awkwafina received the Golden Globe Award for Best Actress \u2013 Motion Picture Comedy or Musical,[37][38] becoming the first person of Asian descent to win a Golden Globe Award in any lead actress film category, after being only the sixth woman of Asian descent to be nominated in the lead actress in a musical or comedy category.[39] In the same year, she starred as avatar Ming Fleetfoot in the film Jumanji: The Next Level,[40] which was a commercial success.[41][42] In July 2019, Awkwafina was cast as Katy in Marvel Studios' Shang-Chi and the Legend of the Ten Rings alongside actors Simu Liu and Tony Leung Chiu-wai. Directed by Destin Daniel Cretton, the film was released in theaters on September 3, 2021, earning critical praise and grossing $430.5 million.[43][44][45] In August 2019, Disney announced that Awkwafina would voice Sisu the dragon in the animated film Raya and the Last Dragon, which was released on March 5, 2021.[46] Awkwafina improvised much of her dialogue for the film, drawing comparisons to Robin Williams' performance as the Genie in Aladdin.[47]\n",
            "p6": "As of 2020, Awkwafina stars in the comedy series Awkwafina Is Nora from Queens; she is also a writer and executive producer of that show. As part of the promotional campaign, she recorded new announcements for the 7 train of the New York City Subway,[48] making jokes, such as \"This is Hunters Point Avenue, a friendly reminder that seats are for people, not your bag\" and \"This is 46th Street, which is a lucky number, I just learned that on the internet. Also learned that pigeons and doves are the same things, WHAT?!\", at every stop. These recordings were used until the series premiered on January 22.[48] In a season one episode, Simu Liu made a guest appearance before the release of Shang-Chi and the Legend of the Ten Rings.\n"
        }
    ]
}