{
    "id": "nm5404318",
    "name": "Iggy Azalea",
    "career": [
        {
            "header": "empty",
            "p7": "Azalea declared she had started to work on her second studio album in January 2015.[78] On 4 May 2015, she released a duet with Britney Spears titled \"Pretty Girls\".[79] On 29 May 2015, it was reported that The Great Escape Tour had been canceled and there would be a new tour planned around Azalea's new album to be released in 2016.[80] Azalea later clarified she \"had a different creative change of heart\" and would also be taking a break to figure out the progression she wanted for her sound and visuals.[81] In June, when asked details on her new music, she explained she had scrapped six months of work to start from scratch.[82] On 30 August, Azalea performed \"Cool for the Summer\" with Demi Lovato at the 2015 MTV Video Music Awards, after a collaboration between the two was announced for Lovato's fifth studio album, Confident (2015).[83]\n",
            "p8": "In October 2015, Azalea revealed the initial title of her second album to be Digital Distortion.[84] A buzz track off the album, \"Azillion\", was made available for free streaming on SoundCloud on 9 January 2016.[85] The project's lead single, \"Team\", was released on 18 March 2016 along with a dance video.[86] An accompanying music video premiered on 31 March.[87] In March 2016, Azalea revealed she had started a production company, having \"bought the rights to a couple of books that I really like, and also some television shows from Australia that I really believed in and was a fan of when I was a kid, and I had some ideas to rework [them].\"[88] In July 2016, she announced that her company, Azalea Street Productions, had signed a deal to create original content for NBCUniversal.[89] In February 2017, it was announced the company optioned the book Bad Girls Gone for a film that Azalea would produce but nothing materialized.[90]\n",
            "p9": "On 12 June 2016, Seven Network revealed that Azalea had signed on to be a judge replacing Chris Isaak on The X Factor Australia for its eighth season, broadcast from October to November 2016.[91] In September 2016, Azalea explained she was delaying the release of her album to 2017, despite it initially being set for July 2016, after ending the relationship with her fianc\u00e9 Nick Young, stating: \"[I] just needed to have some me time to get my life in order and process the changes that are happening in my private life.\" She also mentioned wanting to record new songs that reflected her mindset: \"when I wrote [my album] I was about to get married ... I don't want to go and promote my album and get asked about my relationship that has just crumbled.\"[92][93] Azalea released two singles, \"Mo Bounce\" and \"Switch\", on 24 March 2017 and 19 May 2017 respectively.[94][95] The latter track features Brazilian singer Anitta.[95] Azalea promoted \"Switch\" through a performance on the 2017 iHeartRadio Much Music Video Awards.[96]\n",
            "p10": "On 7 November 2017, Azalea stated that she was not allowed to release music until January 2018, as she signed with a new label.[97] She additionally announced the new title of her second album, Surviving the Summer, and released four new tracks for free download via WeTransfer.[98][99] The media has dubbed the songs as a four-track mixtape or EP called 4 My Ratz.[100][101] In January 2018, Azalea announced the title of the lead single from Surviving the Summer, \"Savior\" featuring Quavo, which was released on 2 February 2018.\n",
            "p11": "On 8 June 2018, the rapper revealed that Survive the Summer would be an EP. She also stated that the reason behind the postponed release date\u2014originally for 2 June, then 30 June release\u2014was the change of president of her record label, Island Records.[102] On 5 July, Azalea released two tracks from the EP: \"Tokyo Snow Trip\" and \"Kream\", the latter featuring Tyga.[103] Survive the Summer was released on 3 August 2018, and debuted at number 144 on the Billboard 200.\n",
            "p12": "On 3 November 2018, Azalea tweeted that she had left Island Records, which she had signed to in 2017,[104] and established her own record label, which was then named New Classic Records. Two weeks later, she announced she had signed a $2.7\u00a0million dollar distribution deal with an unidentified company. She stated that she would be an independent artist, be able to sign other artists, and own all her masters, with the exception of her music licensed under Universal. On 20 November 2018, it was announced that she had signed a partnership deal with Empire Distribution.[105][106][107] She would later rename her record label Bad Dreams in January 2019.[108]\n"
        },
        {
            "header": "2019: In My Defense and Wicked Lips",
            "p0": "Azalea announced in early February 2019 that she had completed work on her second studio album, In My Defense. She further stated her plans to release it in the spring of that year. On 27 February, Azalea announced that \"Sally Walker\" would be the first single off of the album. On the same day, her previous single, \"Kream\", was certified gold for selling 500,000 copies in the US. At the end of March 2019, 14 days after Azalea's new single was released, \"Sally Walker\" had accumulated over 38\u00a0million views on YouTube had a combined total sales of over 82,000 copies sold on all platforms and had debuted on Billboard's Hot 100 Chart at number 62, making it the highest-charting single from Azalea on the Billboard charts since \"Team\" released in 2016, which had charted at number 42. Azalea promoted the song with a performance on Jimmy Kimmel Live! during his Las Vegas shows. On 3 May 2019, Azalea released the album's official second single, \"Started\", along with its official music video. Shortly afterward, a collaboration with VVAVES titled \"Boys Like You\" was released. On 24 June 2019, Azalea announced via Twitter that her album In My Defense would be released on 19 July 2019.[109] Pre-orders for the album began on 28 June 2019.[109] Azalea appeared on the cover of Cosmopolitan in August.[110]\n",
            "p1": "On 27 September 2019, Azalea announced she would be releasing a new extended play.[111] In an interview with Entertainment Weekly, Azalea stated she was not sure if she would tour to promote the record but that she plans to begin recording new material in September, with hopes of putting it out next year.[112] She later announced on her Twitter that she planned on releasing a new extended play on 15 November 2019 entitled Wicked Lips following the release of its lead single, \"Lola\".[7] Following a few minor delays, the EP was released on 2 December. The EP was written primarily by Azalea with Noah Cyrus co-writing \"The Girls\", which featured Pabllo Vittar.\n"
        },
        {
            "header": "2020\u2013present: The End of an Era",
            "p0": "In the summer of 2020, Azalea announced her third studio album, The End of an Era. On 20 August 2020, Azalea released the original lead single, \"Dance Like Nobody's Watching\", a collaboration with Tinashe.[113] Following its underperformance, Azalea scrapped the song from The End of an Era and released the album's new lead single \"Sip It\" with Tyga in April 2021.[114] In June 2021, Azalea tweeted that The End of an Era would be released in August of the same year.[115] Later in June, Pitbull announced his I Feel Good Tour with Azalea as an opening act.[116] On 15 July 2021, Azalea announced that she would take a hiatus from music after the release of The End of an Era.[117] One year later, on 8 August 2022, Azalea announced that she would resume her musical activity.[118]\n"
        }
    ]
}