{
    "id": "nm5665072",
    "name": "Shaquille Ali-Yebuah",
    "career": [
        {
            "header": "empty",
            "p7": "In 2013, Ali-Yebuah was cast to play a young Steven K Amos in BBC Radio 4's\u00a0What Does the K Stand For?,[2] and also appeared in Miles Jupp's In and Out of the Kitchen, also distributed by the same network.\n",
            "p8": "He went on to pursue numerous British television roles, including CBBC's Dixi,[3] Casualty, You, Me, and the Apocalypse, and a Nike advert for the 2014 FIFA World Cup as part of the \"Winner Stays On\" campaign, which ended up being the highest viewed commercial on YouTube with over 118 million views and racked up 20 million views within 4 days.\n",
            "p9": "In 2017, he appeared in a Netflix original film entitled iBoy, an action thriller also starring Miranda Richardson, Rory Kinnear, Maisie Williams and Bill Milner. As well, he appeared in The Children Act, a film directed by Richard Eyre and featuring Emma Thompson, as well as Social Suicide and a role in Solo: A Star Wars Story.[1]\n",
            "p10": "2020 saw him appear in The First Team, a football based comedy series from the creators of The Inbetweeners, portraying the role of Benji Achebe, a young footballer on the fringes of the first team squad in love with the trappings of being a footballer.[4][5]\n",
            "p11": "In 2021, he became the face of UK Mobile operator O2\u2019s latest television advert\n"
        }
    ]
}