{
    "id": "nm5666795",
    "name": "Shailyn Pierre-Dixon",
    "career": [
        {
            "header": "empty",
            "p10": "Pierre-Dixon began her career as a child model, appearing in commercials and advertisements.[7] Her first major role was in the 2013 Hollywood film, The Best Man Holiday, as Kelly, the on-screen daughter of Regina Hall and Harold Perrineau.[8] She played the role of young Aminata in the 2015 CBC miniseries The Book of Negroes. Her performance in The Book of Negroes led to a Canadian Screen Award for Best Supporting Actress in a Drama Series at the 4th Canadian Screen Awards in 2016.[2] From 2015 to 2016, Pierre-Dixon appeared as Frances in the Netflix and CityTV series, Between. In 2016, she appeared in Jean of the Joneses as Mary Jones[4] and Suicide Squad as Zoe Lawton, the daughter of Deadshot (played by Will Smith).[7]\n",
            "p11": "In 2015, Pierre-Dixon had the honor of presenting at the Canadian Screen Awards, making her one of the youngest presenters in the Academy's history at 11 years old.[4]\n"
        }
    ]
}