{
    "id": "nm5705377",
    "name": "Issac Ryan Brown",
    "career": [
        {
            "header": "empty",
            "p9": "Brown was born in Detroit, Michigan. At the age of six, he auditioned for America's Got Talent, performing songs such as Michael Jackson's \"One More Chance\", but did not advance to the quarter-finals.[3]\n",
            "p10": "Brown made his onscreen debut on the Nickelodeon series Sam & Cat. He portrayed Young Dre in various episodes of Black-ish. In the live-action television movie adaptation of the animated series Kim Possible, he portrayed the teenage computer genius Wade.\n",
            "p11": "Brown also works as a voice-over artist. He voiced the lead character, Bingo, in the Disney Junior series Puppy Dog Pals. Additional roles include Goby in Bubble Guppies and Haruna Kitumba in Miles from Tomorrowland. He voiced Stinky in The Stinky & Dirty Show, replacing Jaden Betts. In November 2019, it was announced that Brown would voice Gus Porter in Disney's The Owl House.[4]\n"
        }
    ]
}