{
    "id": "nm5810582",
    "name": "Andy Owens",
    "career": [
        {
            "header": "empty",
            "p11": "Born in Liverpool, Owens began his career with his home town club Liverpool but later moved to Stoke City. After being released by Stoke he spent time with Stafford Rangers and Altrincham, before joining Welsh Premier League side Rhyl. He made his debut in a 3\u20131 defeat to Bangor City.[3]\n",
            "p12": "A former member of the Glenn Hoddle Academy,[4] Owens spent time on trial with Morecambe before joining Accrington Stanley in August 2010.[5] He made his debut for the club on 21 August 2010 in a Football League Two clash with Macclesfield Town which ended in a 3\u20130 home win at the Crown Ground, coming on as a second-half substitute for Sean Hessey.[6]\n",
            "p13": "It was announced by Accrington on 23 May that he would be released at the end of June 2011 when his current contract expired.[7] He went on to join Southport on 13 July 2011 and made his competitive club debut on 13 August 2011 on the first day of the 2011\u201312 season.[8] During his time at Southport, Owens began to play as a forward, having previously played as a defender.[9]\n",
            "p14": "In June 2012 he signed for Mansfield Town.[10]\n",
            "p15": "In November 2012 Owens re-joined Southport on loan from Mansfield Town until January.\n",
            "p16": "In June 2013 he joined AFC Telford United, linking up with Liam Watson, who had previously managed Owens at Southport. He scored his first goal for Telford away to Brackley in a 1\u20131 draw. On 26 April 2014 he won promotion to the Conference Premier with Telford after they clinched the Conference North title on the final game of the season. He spent periods out on loan at Barrow, Stockport County and Marine, and later joined Marine on a permanent basis.\n",
            "p17": "In June 2016, he signed for Stalybridge Celtic and scored on his debut against Boston United. He left the club in December 2016, having scored 7 goals in 22 appearances in all competitions.\n",
            "p18": "Following his departure from Stalybridge. he signed forms with Buxton,[11] but left for Altrincham days later. He made his debut for the Robins on New Years Day 2017, scoring in a 1\u20131 draw against FC United.[12]\n",
            "p19": "In January 2018, Owens returned to the Welsh Premier League with Connah's Quay Nomads.[13] Owens played a key role in Connah's Quays successful 2017-18 Welsh Cup campaign, scoring a hat trick against Bangor City in the semi finals,[14] and scoring against Aberystwyth Town in the final.[15]\n",
            "p20": "In 2019, Owens joined Airbus UK Broughton.[16] On 11 June 2020, he signed for Radcliffe F.C.[17] and on 24 December he joined Chorley through dual registration, allowing him to play for both teams.[18] He scored in his debut, with his first touch, two days later in a 3\u20131 win against A.F.C. Fylde.[19] He signed permanently for Chorley in April 2021.[20] In January 2022, he dropped down three divisions to sign for North West Counties Football League Premier Division side Macclesfield.[21]\n"
        }
    ]
}