{
    "id": "nm5939164",
    "name": "Zazie Beetz",
    "career": [
        {
            "header": "empty",
            "p29": "Zazie Olivia Beetz[5][6] was born in Berlin in 1991.[1][7][8] Her father is a German cabinet maker who immigrated to the United States in 1990 after the fall of the Berlin Wall,[9][10] and her mother is an African-American social worker from New York.[10][11] Her parents separated when she was very young.[7][10] Beetz was named after the title character in the Raymond Queneau novel Zazie in the Metro. The pronunciation, with [s], follows the German-dubbed version of the 1960 film adaptation of the novel.[12][13] She has a younger brother named Justin.[14]\n",
            "p30": "Beetz attended pre-school in Berlin and kindergarten in New York City before moving with her family there more permanently at the age of eight, speaking both German and English with her family at home.[9][11] Her mixed-race identity was a source of discomfort for her during her youth.[10] Growing up in New York's Washington Heights neighborhood,[11] she became interested in acting while attending Muscota New School and performed in community theaters and on local stages.[9] She graduated from the LaGuardia Arts High School in 2009, and attended Skidmore College, graduating in 2013 with a bachelor's degree in French.[15] She spent a year living in Paris.[9]\n",
            "p31": "After Beetz graduated from college, she spent a year \"broke and waiting tables\" before she was cast in Atlanta.[10]\n"
        }
    ]
}