{
    "id": "nm6230258",
    "name": "Donovan Leitch Jr.",
    "career": [
        {
            "header": "empty",
            "p4": "Leitch appeared in the films Breakin' 2: Electric Boogaloo (1985), The In Crowd (1988), ...And God Created Woman (1988), The Blob (1988), Glory (1989, portraying Charles Fessenden Morse), Cutting Class (1989), Gas, Food Lodging (1992), Dark Horse (1992), Jack the Bear (1993), Cityscrapes: Los Angeles (1994), I Shot Andy Warhol (1996), One Night Stand (1997) and Love Kills (1998). Leitch was featured as the villain of the week, Malcolm Lagg, an underground fight club coordinator for metahumans in the Birds of Prey episode \"Gladiatrix\".\n",
            "p5": "In 1986, he auditioned for the role of \"Bill S. Preston Esquire\" in Bill & Ted's Excellent Adventure being one of the final picks along with Keanu Reeves,[4] Gary Riley and Matt Adler. The role ultimately went to Alex Winter, who initially read for the part of Ted \"Theodore\" Logan.\n",
            "p6": "In the early 1990s, Leitch formed Nancy Boy, an alternative rock band with glam rock and Britpop influences.[5] The band also featured guitarist Jason Nesmith, son of Michael Nesmith of The Monkees. The band released two albums, Promosexual in 1995 and Nancy Boy in 1996.[5] Although their second album was issued on major label Elektra Records, it was not a success, and the band fell inactive after Nesmith left the lineup a few years later.[5]\n"
        }
    ]
}