{
    "id": "nm6328300",
    "name": "Winston Duke",
    "career": [
        {
            "header": "empty",
            "p34": "Duke started acting in theater productions for Portland Stage Company and Yale Repertory Theatre before being cast in Person of Interest.[7] While at Yale, he befriended fellow actor Lupita Nyong'o, with whom he later starred in Black Panther and Us.[8] In 2012 Duke returned to his native Trinidad and Tobago to appear in the theatre production of An Echo in the Bone starring alongside actress Taromi Lourdes Joseph and directed by fellow Yale alumna Timmia Hearn Feldman.\n",
            "p35": "Duke has starred in Marvel Cinematic Universe's Black Panther, Avengers: Infinity War, and Avengers Endgame as M'Baku.[9] In 2019, Duke starred in the blockbuster horror film Us, directed by Jordan Peele.[10] In October 2019, Duke signed on to headline in the upcoming Apple TV+ drama series Swagger, but was replaced by O'Shea Jackson Jr. due to an injury suffered on-set in February 2020.[11] In March 2020, he starred alongside Mark Wahlberg in the Netflix thriller Spenser Confidential.[12]\n",
            "p36": "It was reported in July 2021 that Duke would be playing Bruce Wayne/Batman in the podcast audio drama Batman Unburied.[13] The podcast was released in 2022.\n",
            "p37": "On October 24, 2021, Duke received the Maverick Award at the Newport Beach Film Festival.[14]\n"
        }
    ]
}