{
    "id": "nm6488665",
    "name": "Ingvild Deila",
    "career": [
        {
            "header": "empty",
            "p5": "Delia joined the Marvel Cinematic Universe in the 2015 film Avengers: Age of Ultron as the World Hub lead scientist.\n",
            "p6": "Deila made a brief appearance as Princess Leia in the 2016 film Rogue One: A Star Wars Story. With the film set before 1977's Star Wars: Episode IV \u2013 A New Hope, a computer-generated image of a young Carrie Fisher was superimposed over Deila's face. Archival audio of Fisher saying \"Hope\" was used to voice the character.[1][2][3]\n"
        }
    ]
}