{
    "id": "nm6403016",
    "name": "Daniela Melchior",
    "career": [
        {
            "header": "empty",
            "p8": "Melchior started her career in 2014 with several Portuguese film and television productions, including Ouro Verde, A Herdeira, The Black Book, and Parque Mayer.[2] She also provided the Portuguese voice for Spider-Gwen / Gwen Stacy in Sony Pictures Animation's Spider-Man: Into the Spider-Verse, who is voiced by Hailee Steinfeld in the original English version.[3]\n"
        },
        {
            "header": "2021\u2013present: Jump to Hollywood",
            "p0": "In August 2021, Melchior appeared as Cleo Cazo / Ratcatcher 2, in her first English-language theatrical film, James Gunn's DCEU film The Suicide Squad alongside Margot Robbie, Idris Elba, John Cena and Viola Davis, being the first actress from Portugal to play a DC character in a DCEU film.[4][5] James Gunn described her as being \"the heart of the film\", being the second actor with more time on screen.[6] Melchior will star with Henry Golding, Noomi Rapace and Sam Neill in spy movie Assassin Club directed by Camille Delamarre and written by Thomas C. Dunn. Production was finalised in Turin, Italy.[7] She will star in Marlowe directed by Neil Jordan, alongside Liam Neeson, Diane Kruger and Jessica Lange.[8] By March 2022, she joined the cast of the tenth Fast & Furious film titled Fast X, starring Vin Diesel, Michelle Rodriguez, John Cena (second time after The Suicide Squad), Jordana Brewster, Tyrese Gibson, Chris \"Ludacris\" Bridges, Nathalie Emmanuel, Sung Kang, Scott Eastwood, Michael Rooker, Charlize Theron, Jason Statham, Helen Mirren, Cardi B, Jason Momoa, Brie Larson, Alan Ritchson and Rita Moreno.[9] In June 2022 she announced that she will collaborate for the second time after The Suicide Squad with James Gunn's MCU film Guardians of the Galaxy Vol. 3, starring Chris Pratt, Zoe Salda\u00f1a, Dave Bautista, Bradley Cooper, Vin Diesel (first time before Fast X), Will Poulter and Sylvester Stallone (second time after The Suicide Squad), making her the first actress from Portugal to portray a Marvel character and to appear in an MCU film.[10] In August 2022, she was cast in Road House, a remake of the 1989 film starring Patrick Swayze.[11]\n"
        }
    ]
}