{
    "id": "nm6586670",
    "name": "Ashante P.T. Stokes",
    "career": [
        {
            "header": "empty",
            "p10": "A few months after creating entertainment company, Serving the Peace, in 2013, Stokes was approached by the mentor who had introduced him to Hit'em Hard Entertainment, about auditioning for a role in an indie film. The mentor had been asked to audition for a small role as an arresting officer in the film and thought the role was a fit for PT. Although not aiming to be an actor, conceding to the mentor's lobbying, Stokes went to audition for the role and was asked to audition for a larger role. He landed the role of Angelo, in Burning Bridges, an attorney that is key to the film's major plot twist.[1]\n",
            "p11": "In March 2014, Stokes got an uncredited role as a detective in Taken 3.[6][7]\n",
            "p12": "By August 2014, Stokes was in Ant-Man as a prison officer coming to Paul Rudd's (\"Scott Lang/Ant-Man\") rescue.[7]\n",
            "p13": "In September 2014, Stokes was asked to submit a rehearsal rate sheet and then took a dinner to discuss a project, Emerald City. Although a new showrunner and writer were later green-lighted for the project, NBC allowed PT and the original writers to continue to be attached to the project.[8]\n",
            "p14": "Stokes made a LA promotional tour during Golden Globe weekend in January 2015 which was also the same weekend as the USA premiere for Taken 3.[citation needed]\n",
            "p15": "In March 2015, Stokes landed a voice role in the Remedy Entertainment/Microsoft Studios time bending video game/interactive television project, Quantum Break.[citation needed]\n",
            "p16": "In June 2015, Stokes had a featured role on the TV One series, Born Again Virgin.[citation needed] In November 2015, he portrayed a barber, Dwight, who has a close relationship with the character Jabari, played by JD Williams, for the Bounce TV/Swirl Films church drama, Saints & Sinners.[citation needed]\n"
        }
    ]
}