{
    "id": "nm6658958",
    "name": "Annabelle Davis",
    "career": [
        {
            "header": "empty",
            "p19": "In 2011, Annabelle appeared in Harry Potter and the Deathly Hallows \u2013 Part 2 as a Naughty Goblin. She joined The Dumping Ground in series 3 as Sasha Bellman.[7] Annabelle reprised the role of Sasha Bellman in a The Dumping Ground spin-off, The Dumping Ground: I'm..., a webisode series.[8] She has appeared in two Star Wars films alongside her father Warwick.\n"
        }
    ]
}