{
    "id": "nm6655408",
    "name": "Ken Watanabe",
    "career": [
        {
            "header": "Japanese roles",
            "p0": "After graduating from high school in 1978, Watanabe moved to Tokyo to begin his acting career, by enrolling in the drama school run by the En theatre troupe.[5] While with the troupe, he was cast as the hero in the play Shimodani Mannencho Monogatari, directed by the acclaimed Yukio Ninagawa.[5] The role attracted critical and popular notice.\n",
            "p1": "In 1982, he made his first TV appearance in Michinaru Hanran (Unknown Rebellion), and his first appearance on TV as a samurai in Mibu no koiuta. He made his feature-film debut in 1984 with MacArthur's Children.\n",
            "p2": "Watanabe is mostly known in Japan for playing samurai, as in the 1987 Dokuganryu Masamune (One eyed dragon, Masamune) the 50-episode NHK taiga drama. He played the lead character, Matsudaira Kur\u014d, in the television jidaigeki Gokenin Zankur\u014d, which ran for several seasons. He has gone on to garner acclaim in such historical dramas as Oda Nobunaga, Ch\u016bshingura, and the movie Bakumatsu Junjo Den.\n",
            "p3": "In 1989, while filming Haruki Kadokawa's Heaven and Earth, Watanabe was diagnosed with acute myelogenous leukemia. He returned to acting while simultaneously undergoing chemotherapy treatments, but in 1991 suffered a relapse.\n",
            "p4": "As his health improved his career picked back up. He co-starred with K\u014dji Yakusho in the 1998 Kizuna, for which he was nominated for the Japanese Academy Award for Best Supporting Actor.\n",
            "p5": "In 2002, he quit the En (Engeki-Shudan En) theatre group where he had his start and joined the K Dash agency. The film Sennen no Koi (Thousand-year Love, based on The Tale of Genji) earned him another Japanese Academy Award nomination.\n",
            "p6": "In 2006, he won Best Lead Actor at the Japanese Academy Awards for his role in Memories of Tomorrow (Ashita no Kioku), in which he played a patient with Alzheimer's disease.\n"
        },
        {
            "header": "International films",
            "p0": "Watanabe was introduced to most Western audiences in the 2003 American film The Last Samurai, set in 19th Century Japan.[6][7] His performance as Lord Katsumoto earned him an Academy Award nomination for Best Supporting Actor.[8]\n",
            "p1": "Watanabe appeared in the 2005 film Memoirs of a Geisha, playing Chairman Iwamura. That same year, he also played the decoy of Ra's al Ghul in Christopher Nolan's Batman film reboot, Batman Begins. In 2006, he starred in Clint Eastwood's Letters from Iwo Jima, playing Tadamichi Kuribayashi. He has voiced Ra's al Ghul in the Batman Begins video game. He has filmed advertisements for American Express, Yakult, Canon and NTT DoCoMo. In 2004, he was featured in People Magazine's 50 Most Beautiful People edition. In 2009, he appeared in The Vampire's Assistant. In 2010, he co-starred in Inception, where he stars as Saito, a mark-turned-benefactor businessman of the film's heist team. In 2014, he starred in two Hollywood blockbusters Godzilla and Transformers: Age of Extinction.[9] In 2019, he starred in two other Hollywood blockbusters Pok\u00e9mon Detective Pikachu and Godzilla: King of the Monsters.\n"
        },
        {
            "header": "Television",
            "p0": "Watanabe appears in Tokyo Vice, a television series[10] based on the non-fiction book by Jake Adelstein and written for television by J.T. Rogers. The ten-part series was produced by HBO Max and is distributed by HBO Max and in Japan by Wowow.[11]  Tokyo Vice stars Ansel Elgort as Adelstein, an American journalist who embeds himself into the Tokyo Vice police squad to expose corruption.[12][13] Ken is currently starring in the NHK World Japan's comedy You're a Genius!.\n",
            "p1": "In April 2019, it was announced that Warner Bros. International Television Production and Japan's TV Asahi network were teaming up to remake The Fugitive (1993). Watanabe is set to star in the upcoming remake, taking place in present-day Tokyo just before the opening of the 2020 Tokyo Olympics. The broadcast date has yet to be announced.[14]\n"
        }
    ]
}