{
    "id": "nm6626717",
    "name": "Josh Peck",
    "career": [
        {
            "header": "empty",
            "p4": "Peck subsequently appeared at TADA! Youth Theater and performed stand-up comedy at Carolines on Broadway for the Audrey Hepburn foundation. He appeared on The Rosie O'Donnell Show at the age of 10 in 1996.[15] At the age of 13, he was offered a role on Nickelodeon's The Amanda Show and, at his mother's suggestion, accepted the part and moved to Los Angeles to further pursue an acting career.\n",
            "p5": "\nPeck made his film debut in Snow Day (2000), and appeared regularly on The Amanda Show until the end of its run in 2002.[16] He also starred opposite Alex D. Linz and Zena Grey in the theatrical film, Max Keeble's Big Move, which was released on October 5, 2001. In 2001, he guest starred in an episode of the NBC drama ER called \"Thy Will Be Done\". During this period, Peck appeared in several independent films, including Spun and 2004's Mean Creek, for which he received critical praise. He was cast as Josh Nichols, opposite Drake Bell's Drake Parker, in another Nickelodeon sitcom, Drake & Josh, which began airing in 2004 and gained Peck recognition among young audiences. Peck's character, Josh Nichols, was smart, funny, and organized, but was always being tormented along with Drake by Megan Parker (Miranda Cosgrove), Drake's younger sister. Both characters sing in a remake of the song \"Soul Man\" by Sam and Dave.[17] In 2006, Bell and Peck starred in their own TV movie called Drake & Josh Go Hollywood, and in 2007, they starred in a sequel called Drake & Josh: Really Big Shrimp. Josh was nominated for Favorite Television Actor at the 2008 Nickelodeon Kids' Choice Awards for his work on Drake & Josh.[18] Peck also made his debut as a director in the Drake & Josh episode, \"Battle of Panthatar\". He also directed his co-star Drake Bell's music video for the theme song to Drake & Josh, \"Found a Way\". He has also appeared in the series finale of What's New, Scooby-Doo?, an episode of Codename: Kids Next Door called \"Operation: C.A.K.E.D.-F.I.V.E.\", and the direct-to-video New Line Cinema film Havoc. Peck returned to the character of Josh Nichols in 2008 for the television film Merry Christmas, Drake & Josh.",
            "p6": "In 2006, Peck appeared in the independent film Special, which premiered at the Sundance Film Festival, and voiced Eddie, one of two possum brothers, in the animated sequel, Ice Age: The Meltdown, which was released on March 31 of that year. Peck played a high school bully in 2008's Drillbit Taylor, and starred in the films The Wackness (released July 2008), American Primitive, Safety Glass, and reprised his role as Eddie in Ice Age: Dawn of the Dinosaurs. In 2011, Peck had a cameo role on the hit Nickelodeon show Victorious as an audience member for a play Jade wrote. In 2012, Peck starred in the remake of Red Dawn, and once again reprised his role as Eddie, in Ice Age: Continental Drift. In 2013, he began voicing Casey Jones in Nickelodeon's Teenage Mutant Ninja Turtles.\n",
            "p7": "In 2014, Peck appeared as Danny Norwood in the pilot of The Rebels, one of Amazon Studios' five adult test pilots released on Amazon Video in early 2014.\n",
            "p8": "In 2015, Peck was cast as a lead in the comedy series, Grandfathered, starring alongside John Stamos. Grandfathered premiered on September 29 and has gained generally favorable reviews from Rotten Tomatoes and Metacritic.[19][20] Both Peck and Stamos are nominated for a 2016 People's Choice Award in the category \"Favorite Actor In A New TV Series\".[21] However it was canceled after one season.[22]\n",
            "p9": "In 2016, Peck was cast as Ross in the FOX series Pitch. He appeared in 2 episodes as a statistics analyst. The series was cancelled after 10 episodes.[23]\n",
            "p10": "Peck made several features on David Dobrik's vlog, becoming a frequent contributor to \"The Vlog Squad\",[24] before pursuing his own YouTube channel. Peck is an active Influencer on Instagram, YouTube and TikTok with 10.3m, 3.76m and 1.9m followers respectively.[25][26][27]\n",
            "p11": "Peck also currently has a podcast called \"Curious with Josh Peck\" produced by Ramble,[28] where he interviews celebrities such as John Stamos and Bob Saget discussing not only current topics but their personal lives.\n",
            "p12": "In February 2020, it was announced that Peck had been cast in the title role as U.S. Marshal Scott Turner II in the sequel series of Turner & Hooch on Disney+.[29] The series premiered in July 2021,[30] and after one season was canceled in December.[31]\n",
            "p13": "In August 2021, Peck joined the cast of How I Met Your Father as Drew, an elementary school vice principal. The series premiered on Hulu on January 18, 2022.[32] He appears in two episodes of the second season of the iCarly revival, debuting in \"iBuild a Team\".[33]\n",
            "p14": "In March 2022, HarperOne released his memoir titled Happy People Are Annoying. [34][35][36]\n"
        }
    ]
}