{
    "id": "nm6755658",
    "name": "Chris Charteris",
    "career": [
        {
            "header": "empty",
            "p13": "He has exhibited at FhE Galleries in Auckland with Tuanako in 2011, To the Heart of the Matter in 2010, and Matau 2008. His work has been included in the group exhibition Wunderr\u016bma: New Zealand Jewellery, exhibited at The Dowse Art Museum in Lower Hutt and at Galerie Handwerk in Munich.[2] His work was also part of Pasifika Styles at the Museum of Archaeology and Anthropology, University of Cambridge.[2] His work was included in the third and fourth New Zealand Jewellery Biennials, Turangawaewae: A Public Outing, held at The Dowse Art Museum in 1998, and Grammar: Subjects and Objects, held in 2001.[6][7]\n"
        },
        {
            "header": "1 Noble Savage, 2 Dusky Maidens",
            "p0": "In 1999 Charteris collaborated with jewellers Niki Hastings-McFall and Sofia Tekala-Smith on the exhibition 1 Noble Savage, 2 Dusky Maidens at Judith Anderson Gallery in Auckland, which helped draw attention to a new generation of New Zealand artists of Pacific descent and showed \u201cwhat contemporary jewellers might offer to contemporary Pacific identity \u2212 notably a sense of playful appropriation of Pacific adornment that is ironic and serious at the same time.\u201d[8]\n",
            "p1": "The exhibition was accompanied by a publication titled 1 Noble Savage, 2 Dusky Maidens with reproductions of the three artists' work and essays by Mark Kirby, Lisa Taouma and Nicholas Thomas. The publication's catalogue featured a photograph of the three artists in a faux-ethnographic style, dressed in traditional manner and mimicking the conventions of photographs taken in Samoa in the 1890s for Western consumption, as a comment on stereotypical presentations of Pacific peoples.[9]\n"
        },
        {
            "header": "Now and Then",
            "p0": "In 2010 Charteris again held a joint exhibition with Hastings-McFall titled Now and Then at the RH Gallery at Woollaston in Nelson. The overarching principle of the 2010 exhibition was 'Va', or the Samoan concept of 'the space between'. In his work for the exhibition Charteris explored new materials, using car paint, magnets and mother of pearl in one work, and nikau bark in another.[10]\n"
        },
        {
            "header": "Tungaru: the Kiribati project",
            "p0": "In 2014 Charteris collaborated with designer and director Jeff Smith on Tungaru: the Kiribati project.[11] The two artists travelled to Kiribati and on their return made a number of works that were displayed at the Auckland War Memorial Museum and the Mangere Arts Centre.[12] At the Museum items from the Pacific collection were mixed with new art works by Charteris, a digital interactive by Smith, and archival film footage; items from the Museum's collection were also shown with new works by Smith and Charteris at the Mangere Arts Centre.[13]\n",
            "p1": "The new work at the Mangere Arts Centre included a large-scale installation titled Te ma (Fish-trap). 7.4 metres long and 4.6 metres wide, the work was inspired by the heart-shaped fish traps built off the shores of Kiribati; Charteris used 8000 pairs of Ringed Venus shells to recreate the walls of the fish trap, which in Kiribati are made of broken coral.[14]\n",
            "p2": "The exhibition was accompanied by a publication, Tungaru: the Kiribati project, with an extended essay by Mark Amery, and photographs of the artists' research visit to Kirbati and their works.\n",
            "p3": "The exhibition toured to Pataka Art + Museum and Hastings City Art Gallery in 2015.[15][16]\n"
        }
    ]
}