{
    "id": "nm6748436",
    "name": "Dafne Keen",
    "career": [
        {
            "header": "2014\u20132016: Acting debut",
            "p0": "\nKeen began acting in 2014, starring alongside her father in the BBC television series The Refugees, where she played Ana \"Ani\" Cruz Oliver.[11] The show ended in 2015 after one season. "
        },
        {
            "header": "2017\u2013present: Wolverine, BBC/HBO and breakthrough",
            "p0": "2 years later after her screen debut, and after several auditions, Keen was cast by Marvel Comics in a big-budget Hollywood production; she co-starred with Hugh Jackman in the 2017 superhero film Logan as the mutant Laura, the child clone of Wolverine.[12] The film opened to critical and financial success, and is considered to be one of the best superhero movies of all time.[13] Keen's performance received critical acclaim, and she received several awards and nominations for her performance, which include winning an Empire Award for Best Newcomer, and receiving nominations from the Chicago Film Critics Association, the Saturn Awards, and more.[14][15][16]\n",
            "p1": "In 2019, Keen was cast in the lead role of Lyra Belacqua in the BBC/HBO television adaptation of the His Dark Materials trilogy, where she co-stars along with actress Ruth Wilson; her father is also a cast member of the series. The series has a positive reception,[17] and Keen received praise for her performance, with The Hollywood Reporter writing \"...this effort nails much of what makes the books pop, and both the special effects and a star-studded cast led by Dafne Keen and Ruth Wilson are in fine form.\"[18] For the role, she was nominated for a BAFTA Cymru Award for Best Actress in 2020.[19]\n",
            "p2": "In 2020, Keen starred alongside Andy Garc\u00eda in the comedy-drama film Ana;[20] the film was originally announced in 2017,[21] but was delayed until 2020.[22] The film opened to mixed reviews,[23] although Keen's performance received praise. Film critic Amari commenting on her \"charisma and presence\" and wrote how Keen and Garcia \"enhance each other's presence to the point you can forgive the film\u2019s shortcomings.\"[24]\n",
            "p3": "In November 2022, Keen joined the cast of the Star Wars series, The Acolyte.[25]\n"
        }
    ]
}