{
    "id": "nm6951875",
    "name": "Alexis Louder",
    "career": [
        {
            "header": "empty",
            "p14": "Louder graduated from the University of North Carolina at Charlotte's College of Arts + Architecture in 2013.[1]\n",
            "p15": "She guest starred as Lisina in the 5th season of The Originals, and \nin Watchmen as Ruth Williams, the late mother of Hooded Justice and great-grandmother of Sister Night.\n",
            "p16": "Louder will play Nicole Deptul in Amazon Prime Video's The Terminal List.[3]\n",
            "p17": "Cary Darling of the Houston Chronicle and Michael O'Sullivan of the Washington Post singled out Louder's performance in Copshop as \"show-stealing\" and \"compelling\".[4][5]\n"
        }
    ]
}