{
    "id": "nm6997772",
    "name": "Jamie King",
    "career": [
        {
            "header": "empty",
            "p3": "King started his career in entertainment as a dancer. He appeared on the Cher video for \"Love And Understanding\" and went on tour with Michael Jackson on his Dangerous World Tour in 1992.[1] Afterward he worked as a director and choreographer in Prince's Glam Slam West nightclub in Los Angeles.[1] While there, King created a new show every week using songs that Prince was unable to commercially release due to legal obligations to Warner Bros. Records. It was during this time that King learned staging.[1] After seeing a performance by Prince at the American Music Awards of 1995 (that King directed and choreographed), Madonna called King to talk about the two of them working together.[1] The first time they worked together was when he choreographed her 1995 music video \"Human Nature\".[4]\n"
        }
    ]
}