{
    "id": "nm7149222",
    "name": "Harrison Osterfield",
    "career": [
        {
            "header": "empty",
            "p9": "When Holland was cast as Spider-Man in the Marvel Cinematic Universe, Osterfield was brought on to be his personal assistant on two movies,[7] and made minor cameos in the films which starred Holland.[8]\n",
            "p10": "In June 2018, it was announced that he had been cast in a minor role on the 2019 Hulu adaptation of Catch-22 directed by George Clooney.[9] Also in 2019, he created a comedy podcast called Village People with his friend Greg Birks. They voice the characters Simon and Mark, who interview the residents of their fictional English hometown.[10]\n",
            "p11": "In October 2019, he was cast in his first lead role in the 2021 Netflix series The Irregulars.[11] The series premiered in March 2021 and was cancelled in May of that year.[12][13]\n"
        }
    ]
}