{
    "id": "nm7232332",
    "name": "Karen Fukuhara",
    "career": [
        {
            "header": "empty",
            "p3": "Fukuhara got her start in the entertainment industry in middle school when she was cast as a host for Movie Surfers, a short form entertainment news program on the Disney Channel.[3][5]\n",
            "p4": "Prior to her acting debut, Fukuhara worked various part-time jobs, including as a translator, subtitle editor, and waitress at a reggae-themed sushi restaurant.[3]\n",
            "p5": "In 2016, Fukuhara's film debut as Katana in the DC Comics superhero film Suicide Squad, which was released in August 2016.[7][8] Although she had prior martial arts experience, Fukuhara trained for about two months during pre-production in order to learn how to wield a sword correctly.[1]\n",
            "p6": "In 2019, Fukuhara appeared in Stray (alongside Christine Woods, Miyavi, and Ross Partridge).[9][better\u00a0source\u00a0needed]\n",
            "p7": "Fukuhara voiced the characters Sewer Queen and Alexis in the Cartoon Network series Craig of the Creek. In 2018, she began voicing Glimmer in She-Ra and the Princesses of Power, a reboot of the 1985 animated television series.[10]\n",
            "p8": "In 2019, she began starring as Kimiko in the Amazon Prime series The Boys, based on the comic book of the same name.[11]\n",
            "p9": "In 2020, she voiced the titular lead character of Kipo and the Age of Wonderbeasts.[12] The series is based on the short-lived webcomic named Kipo.\n"
        }
    ]
}