{
    "id": "nm7220363",
    "name": "Ralph Browning",
    "career": [
        {
            "header": "empty",
            "p14": "Brigadier General Browning was a 28-year command pilot with more than 2,500 flying hours in the F-105, T-38, F-5, F-15 and F-16 aircraft.[5]\n"
        },
        {
            "header": "Assignments",
            "p0": "About his captivity, Captain Browning said:[1]\n"
        },
        {
            "header": "Promotions"
        },
        {
            "header": "Awards and decorations",
            "p0": "Brigadier General Ralph T. Browning's military awards and decorations include:\n",
            "p1": "His Silver Star Citation reads:[4]\n"
        }
    ]
}