{
    "id": "nm7357761",
    "name": "Nicola Olivieri",
    "career": [
        {
            "header": "empty",
            "p0": "Olivieri was selected to 2006 Trofeo Dossena at the end of 2005\u201306 season for Italy U20 Serie C team.[3][4]\nHe scored a goal as a substitute against Hungary in 2006\u201307 Mirop Cup on 15 November 2006, a 1\u20131 draw.[5] He also played against Belgium in November 2006.[6] He was in the losing finalists in 2007 Serie C Quadrangular Tournament for U20 Serie C.[7][8] Olivieri also played the match against Wales and England C in 2007\u201309 International Challenge Trophy.[9] Olivieri also selected to 2008 Trofeo Dossena in June 2008.[10] Olivieri represented Serie C1/B in 2008 Serie C under-21 Tournament in January 2008.[11][12] Olivieri also played the match 2\u20132 draw with Italy under-21 Serie B representative team.[13]\n"
        }
    ]
}