{
    "id": "nm7385556",
    "name": "Blu Hunt",
    "career": [
        {
            "header": "empty",
            "p2": "In 2017, Hunt received recognition for her recurring role as powerful Native American  witch Inadu (The Hollow) Labonair in the fourth season of The CW supernatural drama series The Originals.[2]\n",
            "p3": "From 2019 to 2021, Hunt starred as August Catawnee, the lead engineer and youngest member of the crew aboard the spaceship Salvare, in the Netflix science fiction drama series Another Life.[1] It was canceled after two seasons.[10]\n",
            "p4": "In 2019, Hunt guest starred in the ABC crime drama series Stumptown.\n",
            "p5": "Hunt made her feature film debut as Danielle Moonstar / Mirage in the superhero horror film The New Mutants, which is part of the X-Men film series.[3] The film was originally intended for release in April 2018, but suffered several delays. It was released on August 28, 2020.[11]\n"
        }
    ]
}