{
    "id": "nm7395686",
    "name": "Brian Law",
    "career": [
        {
            "header": "empty",
            "p10": "Law played for Wales U15 school boys, represented and captained the Youth team at U16, U18, U21s as well as the B team against England at Tranmere (5/12/90). Despite having only played a handful of games for Queens Park Rangers, Law was called up to the Wales senior squad in September 1988 (Holland) when, Rangers coach and Wales assistant manager, Peter Shreeves recommended him to Wales manager Terry Yorath after an injury crisis had resulted in a large number of withdrawals from the squad.[3] He was an unused substitute against Holland, Italy and Malta however, he was handed his debut on 25 April 1990 in a 4\u20132 defeat to Sweden.[4] Law was recalled to the squad, after his 2-year retirement from the game, for the 3-1 defeat away to Bulgaria (29/3/95).\n"
        }
    ]
}