{
    "id": "nm7454783",
    "name": "Will Chambers",
    "career": [
        {
            "header": "Rugby League",
            "p0": "Will Chambers' senior career began with the Melbourne Storm in the NRL. His usual position is as a centre or wing. Chambers also played for Brisbane Norths in the Queensland Cup. When Matt King departed the Melbourne Storm after their 2007 NRL Grand Final victory, he nominated rookie Melbourne Storm centre Will Chambers as the man to take his place.[8]\n",
            "p1": "Chambers final game for Melboourne in this period was the 2009 NRL Grand Final win against the Parramatta Eels. This premiership title was later stripped due to salary cap breaches by the Melbourne Storm.[9]\n",
            "p2": "He re-joined the Melbourne Storm in 2012, and played his first game on 25 March 2012 against the Sydney Roosters, in which he scored a try. A successful return was exclaimed by scoring a hat-trick against New Zealand Warriors.\n",
            "p3": "By being part of the 2012 NRL Grand Final winning team, Chambers joined Peter Ryan, Brad Thorn and Sonny Bill Williams in winning both NRL and Super Rugby titles (though he did not play in the Super Rugby final). Chambers won his in consecutive years after winning with the Queensland Reds in 2011.\n",
            "p4": "In 2013, he played in Melbourne's World Club Challenge victory over Leeds.\n",
            "p5": "Chambers was called into the Queensland team for the 2014 State of Origin series as 18th man for the first two games. However, with Brent Tate being injured in game two, it left vacant the wing position for Chambers to make his Origin debut at Suncorp Stadium in Game Three.\n",
            "p6": "In the 2015 pre season, Chambers captained the Melbourne Storm at the NRL Auckland Nines. He was also selected for the Indigenous All Stars in the 2015 All Stars match at the. Gold Coast.\n",
            "p7": "After a great start to the 2015 NRL season, Chambers became the 800th Australian Kangaroo. He made his test debut in the centres against New Zealand Kiwis in the 2015 Anzac Test at Suncorp Stadium.\n",
            "p8": "In the 2016 NRL season, Chambers was part of the Melbourne side which won the Minor Premiership and reached the grand final against Cronulla-Sutherland but were defeated 14\u201312 at ANZ Stadium with Chambers scoring a try in the second half of the match.[10]\n",
            "p9": "In the 2017 NRL season, Melbourne again won the Minor Premiership and reached the grand final against North Queensland where they won the match 34\u20136 at ANZ Stadium.\n",
            "p10": "In the 2018 NRL season, Melbourne finished second on the table and reached the 2018 NRL Grand Final against the Sydney Roosters.  Melbourne were defeated 21\u20136 in the final and Chambers was involved in an incident with Roosters player Latrell Mitchell during the match where Chambers was tackled into touch and then pushed into the advertising board by Mitchell.  This was a culmination of a rivalry between the two players which had started earlier in the year during the 2018 State of Origin series.[11]\n",
            "p11": "In the 2019 NRL season, Melbourne won the Minor Premiership after a dominant season but were defeated by the Sydney Roosters at the Sydney Cricket Ground.  This would be Chambers final game for Melbourne.[12]\n",
            "p12": "On 19 April 2021, Chambers signed a one-year deal to join Cronulla-Sutherland in the NRL.[13]\n",
            "p13": "In round 8 of the 2021 NRL season, he made his club debut for Cronulla-Sutherland against Melbourne at AAMI Park where Melbourne won 40-14.[14]\n",
            "p14": "In round 15 Chambers scored his first try for Cronulla against North Queensland. Cronulla-Sutherland would go on the win the game 26-24 in a tight finish.[15]\n",
            "p15": "On 10 August, Chambers was demoted from the Cronulla side by interim head coach Josh Hannay.  Hannay was reportedly unhappy with Chambers on-field sledging where in consecutive weeks he sledged Manly's Dylan Walker and then against New Zealand Warriors player Kane Evans.[16]\n"
        },
        {
            "header": "Rugby Union",
            "p0": "Chambers switched to rugby union from 2010 after signing a 2-year deal with the Queensland Reds to play in the Super 14.[17] However, following a disappointing 2011 season - where he only started six of the Reds' 18 matches - Chambers was released by the club after missing a place in their thirty-man 2012 squad.[18] He was named on the bench for the Reds Super 15 final victory over the Crusaders in 2011 \u2013 which featured fellow league-turned-union player Sonny Bill Williams on the opposing side \u2013 but did not play in the match.[19]\n",
            "p1": "Chambers signed for Pro12 side and former European Champions Munster in September 2011 on a short-term deal.[20] He arrived to join up with Munster in October 2011.[21] He played for Munster A against Connacht A on 21 October 2011.[22] He made his full Munster debut against Aironi on 28 October 2011.[23] He made his Heineken Cup debut for Munster against Northampton Saints on 12 November 2011.[24][25] Chambers scored his first try for Munster exactly a week later, in their second Pool One game away to Castres Olympique.[26] He was named in the Munster A team to play Ulster Ravens in the British and Irish Cup on 20 January 2012.[27] This was announced to be Chambers last appearance for Munster, as he was returning to Australia to take up a contract with rugby league team Melbourne Storm.[28] Munster A won the game 9\u201320, securing a spot in the semi-finals.[29] In his four months with Munster, Chambers made 8 appearances for the senior Munster team, including 3 Heineken Cup caps, and scored 1 try. He also made 3 appearances for Munster A.\n",
            "p2": "Following the conclusion of the 2019 Melbourne Storm season, Chambers was honoured at the club's annual awards night as one of the departing players, confirming rumours that he would be leaving the NRL.[30] Chambers would later be unveiled by Suntory Sungoliath, who also had former Queensland Reds Sam Talakai, Hendrik Tui & Samu Kerevi on their roster.\n",
            "p3": "Chambers returned for a third stint playing rugby union, signed by 2021 Major League Rugby champions LA Giltinis.[31]\n"
        }
    ]
}