{
    "id": "nm7417070",
    "name": "Clinton Roberts",
    "career": [
        {
            "header": "empty",
            "p7": "Roberts started working at The Edge in 2006. His roles have included cohosting shows and being the assistant programme director.[6] After filling in on the breakfast show at the end of 2013 with Guy Williams and Sharyn Casey, they started hosting The Edge Afternoons with Guy, Sharyn & Clint and The Edge Fat 40 with Guy, Sharyn & Clint from 2014. In 2015, he hosted Hot Right Now on The Edge TV and cohosted The Xtra Factor with Williams and Casey. He began cohosting the breakfast show on George FM in 2017 with Kara Rickard and Pax Assadi; he then cohosted with Rickard and Tammy Davis, until he left in March 2018.[7][8] In July 2018, he began cohosting Bree & Clint with Bree Tomasel.[9]\n",
            "p8": "He has been MC for, among others, music festivals The Future Music Festival and Rhythm & Vines.[3]\n",
            "p9": "Roberts married magazine editor Lucy Slight in March 2018.[10] They have two daughters, Tui Grace Aroha Roberts, born on 11 July 2019,[11] and Maggie, born 27 March 2021. They also have two British Shorthair cats, Ziggy and Bowie (after singer David Bowie).\n"
        }
    ]
}