{
    "id": "nm7487608",
    "name": "Cameron Edwards",
    "career": [
        {
            "header": "Perth Glory",
            "p0": "Born in Sydney, Edwards made his professional debut in the A-League for Perth Glory on 23 January 2011 against Wellington Phoenix, coming on as a substitute in the 84th minute of the game in a 4\u20130 loss.[3]\n"
        },
        {
            "header": "Reading",
            "p0": "On 29 April 2011, it was announced he had signed with Championship side Reading along with his younger brother Ryan.[4] On 2 May 2012 Reading announced that Cameron had been released by the club.[5]\n"
        },
        {
            "header": "Melbourne Heart",
            "p0": "On 31 December 2012 it was announced that Edwards had joined A-League side Melbourne Heart following a stint at the Nike Football Academy.[6]\n"
        },
        {
            "header": "Perth Glory",
            "p0": "Edwards signed with Perth Glory in May 2013,[7] linking up with his father. His brother would later join the Glory on a season long loan.[8] Edwards made his debut for the Glory on 20 October 2013, coming on as a 59th-minute substitute for Steven McGarry, in their 0-0 away draw against Newcastle Jets.[9]\n"
        }
    ]
}