{
    "id": "nm7510789",
    "name": "Mark Salas",
    "career": [
        {
            "header": "empty",
            "p29": "Salas has had three career two home runs games. The first one carried the Twins to a 6\u20132 victory over Charlie Hough and the Texas Rangers on September 11, 1986.[10] The other two both came in blowout losses.[11][12]\n",
            "p30": "He is one of a few major leaguers whose surname is a palindrome; the others being catcher Truck Hannah (1918\u20131920), third baseman Eddie Kazak (1948\u20131952), infielder Toby Harrah (1969\u20131986), pitcher Dave Otto (1987\u20131994), first baseman Dick Nen (1963\u20131970), his son, relief pitcher Robb Nen (1993\u20132002), pitcher Juan Salas (2006\u20132008), and pitchers Marino (2008) and Fernando Salas (2010\u2013present).\n"
        }
    ]
}