{
    "id": "nm7590165",
    "name": "Dennis O'Donnell",
    "career": [
        {
            "header": "empty",
            "p2": "O'Donnell was born in Willington Quay, then in Northumberland. He made his debut for Lincoln City on 5 October 1901 in a 2\u20131 win at home to Middlesbrough in the Football League Second Division, and played for the club until the end of the 1904\u201305 season, during which he was the club's leading scorer, with 15 goals from League and FA Cup games.[1] He then signed for First Division Sunderland. Though he scored on his First Division debut, his next goal came more than four months later,[4] and at the end of the season he moved on to Southern League for Queens Park Rangers. After one year in London,[3] O'Donnell returned to the Football League, spending the 1907\u201308 season with Notts County and the 1908\u201309 season at Bradford Park Avenue.[2]\n"
        }
    ]
}