{
    "id": "nm7767170",
    "name": "Freddy Carter",
    "career": [
        {
            "header": "empty",
            "p7": "Following graduation, Carter featured in the company of the Rose Theatre Kingston production of The Wars of the Roses directed by Trevor Nunn.[6][7] Carter made his onscreen debut as a soldier in the 2017 DC Comics film, Wonder Woman. That same year, Carter landed his first major role as a main character Peter \"Pin\" Hawthorne in the Netflix series Free Rein. He also played this role in the Christmas and Valentine's specials.[8][9] He starred as Alexander Flint in the 2018 stage production of Harley Granville-Barker's Agnes Colander in the Ustinov Studio at the Theatre Royal in Bath.[10] Carter then played Ellis in 2018 horror film The Convent.[11]\n",
            "p8": "In 2019, Carter wrote and directed his first short film, No. 89.[12] He also had a main role as Tom in the Channel 5 miniseries 15 Days[13][14] and a recurring role as Jason Ripper in the American DC Comics series Pennyworth.[15]\n",
            "p9": "In October 2019, it was announced Carter would star as Kaz Brekker in the 2021 Netflix series Shadow and Bone.[16] Shadow and Bone received mixed but positive reviews, with many publications singling out the Crows storyline for further praise, including Rolling Stone, Vulture and CNet.[17][18][19]\n"
        }
    ]
}