{
    "id": "nm8064434",
    "name": "Justin Freeman",
    "career": [
        {
            "header": "empty",
            "p1": "Freeman was drafted by the Cincinnati Reds in the 32nd round of the 2008 Major League Baseball Draft out Kennesaw State University. He was called up to the majors for the first time on April 15, 2013.[1] Freeman made his Major League debut on April 17, 2013 versus the Philadelphia Phillies, giving up 2 earned runs in 1 inning of relief pitching. He was designated for assignment on August 30, 2013. He became a free agent after the 2014 season.\n"
        }
    ]
}