{
    "id": "nm8091879",
    "name": "Linda Louise Duan",
    "career": [
        {
            "header": "empty",
            "p5": "Duan was in Israel when she was contacted by assistant director Holly Gardner to audition for a secret project.[4] When she learned that it involved Marvel Studios, she immediately flew back to London to audition. She eventually learned that it was Doctor Strange and began to research her character Tina Minoru. Duan found the role invigorating despite the character's limited appearance, but hopes that it would open doors for other actresses: \"I want to be a good role model for Chinese girls growing up. When I was growing up I had Barbie dolls with blonde hair and blue eyes and that\u2019s what my perception of beauty was because that\u2019s what I was exposed to...I want to see more characters like Mulan.\"[1]\n"
        }
    ]
}