{
    "id": "nm8288217",
    "name": "Carson MacCormac",
    "career": [
        {
            "header": "empty",
            "p21": "MacCormac made his professional and television acting debut on April 10, 2017, in the episode \"You Don't Understand Me at All\" of the CBC Television series Bellevue. He made his motion picture debut a few weeks later in the 2017 short film Cold Hands, where he played a teenage boy coming to terms with his sexual assault.[4]\n",
            "p22": "Carson made his feature film debut in the independent drama Giant Little Ones[5] in September 2018, where he played a bullied teenager named Michael.[5][6] He later appeared in the Lifetime cable network film Zombie at 17 and in eight episodes of the TVO Kids television series Big Top Academy.\n",
            "p23": "MacCormac appears in the 2019 superhero film Shazam! as Brett Bryer. He has also appeared in the 2019 dystopian science fiction film Riot Girls, and makes appearances in the 2020 Netflix original horror series, October Faction and in the second season of the Netflix series Locke & Key as Benjamin Locke in 2021.\n"
        }
    ]
}