{
    "id": "nm8211290",
    "name": "Gary Davies",
    "career": [
        {
            "header": "empty",
            "p21": "After working in marketing for a mail order company and managing a Manchester disco,in the late 70\u2019s Gary was a DJ in Placemate 7 Manchester, he regularly hosted artists in Placemate 4 music rooms, Davies began his broadcasting career at Manchester's Piccadilly Radio in 1979 before joining BBC Radio 1 in 1982 to present a Saturday late night show, making his debut on 4 December 1982. Within weeks he was on the roster to present Top of the Pops on BBC television alongside his Radio 1 colleagues.\n"
        }
    ]
}