{
    "id": "nm8367893",
    "name": "David Childs",
    "career": [
        {
            "header": "empty",
            "p12": "He joined the Washington, D.C., office of SOM in 1971, after working with Nathaniel Owings and Daniel Patrick Moynihan on plans for the redevelopment of Pennsylvania Avenue.  Childs was a design partner of the firm in Washington until 1984, when he moved to SOM's New York Office.\n",
            "p13": "His major projects include: in Washington, D.C., 1201 Pennsylvania Avenue, the Four Seasons Hotel, master plans for the National Mall, the U.S. News & World Report headquarters, and the headquarters for National Geographic; in New York City, Worldwide Plaza, 450 Lexington Avenue, Bertelsmann Tower, and One World Trade Center; and internationally, the Embassy of the United States, Ottawa, and the Changi international terminal in Singapore.\n",
            "p14": "Childs served as the chairman of the National Capital Planning Commission from 1975 to 1981 and he was appointed to the U.S. Commission of Fine Arts in 2002, serving as chairman from 2003 to 2005.  He was the recipient of a Rome Prize in 2004; named a senior fellow of the Design Futures Council in 2010; and has served on the boards of the Municipal Art Society, the Museum of Modern Art, and the American Academy in Rome.[5][6]\n"
        }
    ]
}