{
    "id": "nm8746962",
    "name": "Michael Randolph",
    "career": [
        {
            "header": "empty",
            "p2": "From 1975 until 2004, Randolph practiced law in Biloxi, Mississippi and Hattiesburg, Mississippi. On April 23, 2004, Gov. Haley Barbour appointed Randolph to the Mississippi Supreme Court to serve the unexpired term of former Chief Justice Edwin L. Pittman.[3] In November 2004, Randolph was elected to the Supreme Court for an eight-year term that began January 1, 2005.[4] He became Chief Justice on January 31, 2019.[5]\n",
            "p3": "President Ronald Reagan appointed Randolph to serve on the National Coal Council.  Randolph has also served on the board of directors for William Carey College, and he was past president of the South Central Mississippi Bar Association.\n"
        }
    ]
}