{
    "id": "nm8915899",
    "name": "Scott Proctor",
    "career": [
        {
            "header": "empty",
            "p1": "Proctor was drafted in the 17th round of the 1995 Major League Baseball draft by the New York Mets out of Martin County High School, but decided to attend Florida State University, where he played for the Florida State Seminoles baseball team under head coach Mike Martin. He was 10\u20132 in 60 career games for Florida State. In 1996, he played collegiate summer baseball for the Orleans Cardinals of the Cape Cod Baseball League, returned to the league in 1997 and 1998 to play with the Hyannis Mets, and was named a league all-star in 1997.[1][2]\n"
        },
        {
            "header": "Minor leagues",
            "p0": "In 1998, Proctor was drafted in the fifth round by the Los Angeles Dodgers and assigned to the Yakima Bears to start his professional career. He played for the Vero Beach Dodgers (2000\u20132001), Jacksonville Suns (2001\u20132003) and Las Vegas 51s (2003).\n"
        },
        {
            "header": "New York Yankees",
            "p0": "On July 31, 2003, Proctor was traded to the New York Yankees with Bubba Crosby for Robin Ventura. The Yankees assigned him to the Triple-A Columbus Clippers. Proctor made his Major League Baseball debut for the Yankees on April 20, 2004 against the Chicago White Sox, working 2+1\u20443 innings in relief and allowing 2 earned runs.\n",
            "p1": "Throughout the course of his first season, he appeared in 26 games, pitched 25 innings, finished 12 games, and posted a 2\u20131 record and a 5.40 ERA with 21 strikeouts. He finished the 2005 season with a 6.04 ERA and a 1\u20130 record.\n",
            "p2": "In 2006, Proctor emerged as a durable, reliable late-inning option for manager Joe Torre. Finally harnessing his breaking pitches, Proctor led the American League with 83 appearances, often pitching more than one inning or in consecutive games. Proctor notched his first career save in 2006. Along with Kyle Farnsworth and Brian Bruney, Proctor was a part of the Yankees' bridge between the starters and closer Mariano Rivera, and reprised that role for the first part of the 2007 season.\n",
            "p3": "Proctor's heavy use as a Yankee reliever led to concerns that Torre was overusing him. General manager Brian Cashman revealed in 2011 that he confronted Torre about Proctor's workload and asked the pitcher to be more honest about whether he could pitch on a given day: \"I met with Proctor and said, 'You better stop telling the manager [that you can pitch] because the way he manages' \u2014 I'm not criticizing Joe, that's just the way he is \u2014 'He wants an honest answer. Just tell him no.'\"[3]\n",
            "p4": "Proctor pitched in 5 postseason games for the Yankees: two against Los Angeles and three against Detroit. In six innings, he struck out two and gave up just one run.\n"
        },
        {
            "header": "Los Angeles Dodgers",
            "p0": "On July 31, 2007, Proctor was traded to the Los Angeles Dodgers in exchange for infielder Wilson Betemit. He was mostly used as a late inning setup man. He finished the 2007 season with an impressive 3\u20130 record and a 3.38 ERA in 31 relief appearances for the Dodgers.\n",
            "p1": "He had a rough 2008 season and spent most of it on the Disabled List. However, he pitched much better in the month of September, helping the Los Angeles Dodgers win the National League West Division title. He finished the season with a 2\u20130 record, but a high ERA of 6.05 in just 41 games. He became a free agent at the end of the season.\n"
        },
        {
            "header": "Florida Marlins",
            "p0": "In January 2009, he signed a one-year contract with the Florida Marlins worth $750,000, with an additional $250,000 in incentives.[4][5] During Spring training, he was placed on the disabled list with elbow pain. When the pain remained, and ligament fraying was found, he underwent Tommy John surgery on May 12, 2009, and missed the entire 2009 season.[6] On October 9, 2009, Proctor was released by the Marlins.[7]\n"
        },
        {
            "header": "Atlanta Braves",
            "p0": "On November 4, 2009 Proctor's agent, Mark Rodgers, released that Proctor had signed a split contract with the Braves and received an invitation to Spring training. He spent 2010 pitching for the Double-A Mississippi Braves and Triple-A Gwinnett Braves. As of August 14, he had compiled a 7.82 ERA in 31 appearances between the 2 teams.\n",
            "p1": "On March 27, 2011 after pitching with a 5.06 ERA in ten appearances in the 2011 Atlanta Braves Spring training camp, Proctor was released from the Braves' organization. Had he remained on the Braves' roster the following day, his $750,000 salary would have been paid in full. Instead, the Braves merely had to pay him a fraction of his salary.[8]\n",
            "p2": "Just over a week after being released from the Braves organization, Proctor re-signed to the Braves on April 3, 2011, with a minor league contract. He has been added to the roster of their Triple-A affiliate, the Gwinnett Braves.[9] He had his contract purchased on May 14.[10]\n",
            "p3": "Proctor was released from the Braves on August 10, 2011 after posting a 6.44 ERA in 31 appearances. His roster spot was filled by Arodys Vizca\u00edno.[11]  In two seasons with Atlanta, Proctor, with a record of 2\u20133, had a 6.43 ERA in 37 appearances, allowing 35 hits, 5 Home runs, 25 earned runs and 23 walks with 24 strikeouts in 35 innings.[12]\n"
        },
        {
            "header": "Return to the Yankees",
            "p0": "On August 13, he signed a minor league contract with the New York Yankees and was assigned to the Triple-A Scranton/Wilkes-Barre Yankees.[13] He was called up on September 1 and made his debut for the Yankees on September 5, entering in relief against the Baltimore Orioles. Proctor picked up the loss in Game 162, surrendering a walkoff homerun to Evan Longoria that propelled the Rays to the postseason. He declared for free agency on October 11.[14]\n"
        },
        {
            "header": "Doosan Bears",
            "p0": "Proctor signed with the Doosan Bears of the Korea Baseball Organization for the 2012 season.[15]\n"
        },
        {
            "header": "San Francisco Giants",
            "p0": "Proctor signed a minor league contract with the San Francisco Giants on January 2, 2013.[16]\n"
        },
        {
            "header": "Baltimore Orioles",
            "p0": "Proctor was traded to the Orioles on March 29, 2013 for cash considerations.\n"
        }
    ]
}